evidence_uuid,evidence_id,scope,type,issuer,date,summary,product_uuid,stage_uuid,file_reference,link_reference
7195c142-ecdf-54a4-aaf9-8d1862e2e2f0,5001,product,certification_directory,The Vegan Society,,Product is listed as verified on the Vegan Society's website.,2f5aaf4d-f290-52b2-ae38-e6cb07f8ba63,,,https://www.vegansociety.com/search/products/f
84a88e4e-c86c-5d4d-a3af-c3fb7ccc47bb,5002,product,certification_directory,NON GMO Project,,Product is listed as non gmo on the companiesofficial website.,d422e9a5-6975-5596-aff5-001b831baae3,,,https://www.nongmoproject.org/find-non-gmo/?keyword=terra+delyssa
dc0ec3cb-5688-5dbc-a3f0-a5d05e3b9785,5003,product,certification_directory,Orthodox Union Kosher,,Product is listed on the OU Kosher official website as kosher.,3002c67f-58b6-5264-8f3c-a18c781119c3,,,https://oukosher.org/product-search/#s=espanola&dpm%5Bm%5D=false&dpm%5Bd%5D=false&dpm%5Bp%5D=false&dpm%5Bde%5D=false&prod%5Bpas_yisroel%5D=false&prod%5Bcholov_yisroel%5D=false&prod%5Byoshon%5D=false&prod%5Bgluten_free%5D=false&kitniyot=false&passover=false
2576d183-e4bf-5e01-97d8-331eea942c24,5004,product,certification_directory,Orthodox Union Kosher,,Product is listed on the OU Kosher official website as kosher.,106f6d0c-6738-5d2e-b830-2995d5247f0b,,,https://oukosher.org/product-search/#s=terra%20creta%20estate&dpm%5Bm%5D=false&dpm%5Bd%5D=false&dpm%5Bp%5D=false&dpm%5Bde%5D=false&prod%5Bpas_yisroel%5D=false&prod%5Bcholov_yisroel%5D=false&prod%5Byoshon%5D=false&prod%5Bgluten_free%5D=false&kitniyot=false&passover=false
949c93ac-d54d-588e-9622-137daf8a0b95,5005,product,geographical_indication,"Protected Designation of Origin, European Union",,Product is registered as a PDO on the EU website.,106f6d0c-6738-5d2e-b830-2995d5247f0b,,,https://ec.europa.eu/agriculture/eambrosia/geographical-indications-register/
37ef7f09-fd03-58d5-9f7e-4a19abcff49a,5006,product,certification_directory,European Union,,The product is listed a organic on the EU official website.,0125daac-d72b-5f25-b5d7-22da72fff972,,,https://webgate.ec.europa.eu/tracesnt/directory/publication/organic-operator/index#!#sort=-issuedOn&states=ISSUED
0f4a4df0-3c84-5793-97bf-424d312ea3de,5007,product,assurance_directory,Soil Association Certification Limited,,Product is listed as fufilling the guidelines on the official company website.,0125daac-d72b-5f25-b5d7-22da72fff972,,,https://www.soilassociation.org/certification/check-for-organic-certification/organic-certificate-checker
2472c1b6-97c0-5f60-8b84-a1dae12078f8,5008,product,licensing_guideline,Tesco PLC,,Tesco PLC is licensed by OHID to use the logo on their products.,1f89eb52-0405-5468-83f6-bd7582a34797,,,https://www.gov.uk/government/publications/government-5-a-day-logo/government-5-a-day-logo-licensing-guidelines
45751011-e828-55f5-b7a1-a167af8e6a9a,5009,product,certification_directory,NON GMO Project,,Gogo Squeez as a company has its products verified by the NON GMO Project,d6623382-73e6-5712-90c2-6cb3e6bd5d5f,,,https://www.nongmoproject.org/find-non-gmo/?keyword=gogo+squeez
f2092135-ecec-50cf-9e9e-a97c1a87f9b7,5010,product,supplier_statement,Marks and Spencer Group PLC,,All ingredients within product are vegan and no animals where harmed during its making.,636141a5-bbc2-5a05-9b79-0bd2f8028c78,,,https://corporate.marksandspencer.com/sustainability/our-products/eating-sustainably
54f74352-6bdc-56ae-ab2a-da72e93fc53a,5011,product,licensing_guideline,Lidl Great Britain Limited,,Lidl is licensed by OHID to use the 5 a day logo on appropriate products.,540eefd0-a860-56ff-bc37-a12b34e12f8e,,,https://www.gov.uk/government/publications/government-5-a-day-logo/government-5-a-day-logo-licensing-guidelines
37db669b-a31e-5686-b64b-fb73fe6c0f97,5012,company,assurance_directory,Red Tractor Assurance LTD,,Comapny is listed as Red Tractor assured.,1a818840-e58d-5863-a570-867e6940b4f9,,,https://checkers.redtractor.org.uk/rtassurance/services.eb?
e55b9d21-2896-5d6f-a67a-01bbe62d1c17,5013,product,licensing_guideline,ASDA Stores Limited,,ASDA Stores Limited is licensed by OHID to use the 5 a day logo,d1aaf5c8-8cb6-5320-a000-aecf428b7a1c,,,https://www.gov.uk/government/publications/government-5-a-day-logo/government-5-a-day-logo-licensing-guidelines
0c5e7d77-5432-5737-9c73-f19cd19fa307,5014,product,licensing_guideline,Tesco PLC,,Tesco PLC is licensed by OHID to use the logo on their products.,8bdb0aa5-c595-5ae2-a847-a05e932417fc,,,https://www.gov.uk/government/publications/government-5-a-day-logo/government-5-a-day-logo-licensing-guidelines
952a2a4e-3156-52d2-8ae9-caa9f6227bd9,5015,product,certification_directory,Protected Designation of Origin,2/10/2022,Product holds Protected Designation of Origin status under EU/UK law.,78405b39-97ea-53d1-b5fe-530d85d69d40,,,https://ec.europa.eu/agriculture/eambrosia/geographical-indications-register/
3563a84d-0b3d-5512-be75-30c32cd3d69b,5016,product,supplier_statement,The Vegan Society,4/16/2022,Product is registered with the Vegan Society as suitable for vegan consumption.,78405b39-97ea-53d1-b5fe-530d85d69d40,,,https://www.vegansociety.com/resources/lifestyle/shopping/trademark-search
ecc624d6-141b-5d91-8cf4-9fe297b396f9,5017,product,supplier_statement,OU Kosher,8/16/2023,Product is certified kosher by the Orthodox Union.,dddbada0-5761-57c9-902c-b60a13e7d9c2,,,https://oukosher.org/product-search/
0c93fd80-feb8-5d64-ae9a-438c434afd74,5018,product,third_party_audit,UTZ Certified,8/7/2023,Product carries UTZ certification for sustainable commodity sourcing.,dddbada0-5761-57c9-902c-b60a13e7d9c2,,,https://www.rainforest-alliance.org/utz/
97ed9344-6755-5594-ba82-4d80d5772192,5019,product,audit_report,Marine Stewardship Council,1/21/2023,Product is MSC certified as sustainably sourced from well-managed fisheries.,dddbada0-5761-57c9-902c-b60a13e7d9c2,,,https://cert.msc.org/supplierdirectory/
26bbfd70-cec8-56a7-a75e-0a63a7156e3f,5020,product,certification_directory,NON GMO Project,6/14/2023,Product verified non-GMO by the Non-GMO Project standard.,0f4da2d5-6632-56c3-9779-5fc1f808e27d,,,https://www.nongmoproject.org/find-non-gmo/
fd7ffa03-5b12-53c0-9c18-4c8465d63cfe,5021,product,supplier_statement,Aquaculture Stewardship Council,1/21/2023,"Product is ASC certified, meeting responsible aquaculture standards.",0f4da2d5-6632-56c3-9779-5fc1f808e27d,,,https://asc-aqua.org/find-a-product/
ea533577-4ec4-5ff5-a59b-54a3e40f621e,5022,product,audit_report,RSPO,6/13/2023,Palm oil ingredients sourced from RSPO-certified sustainable plantations.,0f4da2d5-6632-56c3-9779-5fc1f808e27d,,,https://rspo.org/search-members/supply-chain-certificate-holders/
ffe1a904-bb78-52cf-b433-7630176b00bc,5023,product,supplier_statement,Aquaculture Stewardship Council,5/14/2023,"Product is ASC certified, meeting responsible aquaculture standards.",8ff7461c-f715-50b5-af20-94f94eac627b,,,https://asc-aqua.org/find-a-product/
0242631a-7b62-592a-ade9-4f0067d6ea4b,5024,product,batch_record,LEAF Marque,9/11/2023,Producer holds LEAF Marque accreditation for sustainable integrated farming.,8ff7461c-f715-50b5-af20-94f94eac627b,,,https://leaf.eco/leafmarque
928c46b7-1d1a-51e9-b13d-b8a0ad7ff709,5025,product,audit_report,OU Kosher,3/27/2023,Product is certified kosher by the Orthodox Union.,4a5e0aa7-ba80-502b-aef7-b3c508c3a15d,,,https://oukosher.org/product-search/
86111335-6098-554a-ad37-dc8962d50094,5026,product,certification_directory,Red Tractor,6/11/2023,Product meets Red Tractor standards for food safety and animal welfare.,c95520f4-65c0-569f-b1d4-8da67cf2d449,,,https://checkers.redtractor.org.uk/
fcc0547d-3b58-5427-9db8-373485da8362,5027,product,audit_report,Marine Stewardship Council,6/11/2022,Product is MSC certified as sustainably sourced from well-managed fisheries.,003f4e82-b4e2-5a44-98f2-f1afec956d5f,,,https://cert.msc.org/supplierdirectory/
20f011df-68e0-504e-b03e-319f5d116a38,5028,product,supplier_statement,Red Tractor,9/9/2023,Product meets Red Tractor standards for food safety and animal welfare.,003f4e82-b4e2-5a44-98f2-f1afec956d5f,,,https://checkers.redtractor.org.uk/
eee57464-08e3-5bcd-b4ed-bb7d3ec4211f,5029,product,certification_directory,Soil Association,11/8/2023,Product is certified organic by the Soil Association under EU organic standards.,003f4e82-b4e2-5a44-98f2-f1afec956d5f,,,https://www.soilassociation.org/certification/check-for-organic-certification/organic-certificate-checker/
d74c674a-67de-544f-8c02-b8cbaa2dffb5,5030,product,supplier_statement,NON GMO Project,1/8/2024,Product verified non-GMO by the Non-GMO Project standard.,f9f68da6-9b15-5435-abb9-6b15107c0f7d,,,https://www.nongmoproject.org/find-non-gmo/
cbcc4cd4-00db-5535-b699-c3fd0df7d762,5031,product,batch_record,The Vegan Society,5/6/2023,Product is registered with the Vegan Society as suitable for vegan consumption.,5271b173-1b57-5ace-bb35-4253a712a456,,,https://www.vegansociety.com/resources/lifestyle/shopping/trademark-search
f186f454-7ef0-5e6b-8d6a-68a6bb5d68c4,5032,product,audit_report,RSPO,10/25/2023,Palm oil ingredients sourced from RSPO-certified sustainable plantations.,0caebd2f-fcdc-5ed7-81c6-f4c16e982e3c,,,https://rspo.org/search-members/supply-chain-certificate-holders/
f5fdf99d-00a3-51e0-ac4c-d888dfa4468f,5033,product,certification_directory,Fairtrade International,5/11/2022,"Product is certified Fairtrade, ensuring fair prices and working conditions for farmers.",fa0f8c2e-a6fe-5906-a148-ae3a1ecf42a9,,,https://www.fairtrade.net/en/fairtrade-finder.html
3db8ed5a-9637-5fa3-b5b9-a02fb446dc21,5034,product,third_party_audit,Red Tractor,8/30/2023,Product meets Red Tractor standards for food safety and animal welfare.,fa0f8c2e-a6fe-5906-a148-ae3a1ecf42a9,,,https://checkers.redtractor.org.uk/
f0f25db6-c65e-547f-89e1-77a82a97ef5c,5035,product,third_party_audit,Soil Association,2/10/2022,Product is certified organic by the Soil Association under EU organic standards.,fef23aa6-b573-5344-ab81-88eac69e1829,,,https://www.soilassociation.org/certification/check-for-organic-certification/organic-certificate-checker/
229a8fb8-a552-5aa1-ada2-3b9a6b51840c,5036,product,supplier_statement,Soil Association,7/4/2022,Product is certified organic by the Soil Association under EU organic standards.,1723325b-fef7-503e-b9d7-846e7c92802b,,,https://www.soilassociation.org/certification/check-for-organic-certification/organic-certificate-checker/
b582a9d0-8d58-534f-b1e1-5abc0b6b93be,5037,product,third_party_audit,Fairtrade International,2/20/2023,"Product is certified Fairtrade, ensuring fair prices and working conditions for farmers.",1723325b-fef7-503e-b9d7-846e7c92802b,,,https://www.fairtrade.net/en/fairtrade-finder.html
8f3a9335-cfe0-5a00-a424-a1d2e5a00964,5038,product,third_party_audit,Protected Designation of Origin,8/1/2023,Product holds Protected Designation of Origin status under EU/UK law.,1723325b-fef7-503e-b9d7-846e7c92802b,,,https://ec.europa.eu/agriculture/eambrosia/geographical-indications-register/
2b247831-e804-55a6-9f60-3803309887ab,5039,product,supplier_statement,Fairtrade International,3/29/2022,"Product is certified Fairtrade, ensuring fair prices and working conditions for farmers.",b79bf84a-4cec-5a85-8a73-c88019ba0a54,,,https://www.fairtrade.net/en/fairtrade-finder.html
0afda790-4b0a-5278-aec6-3370bd5dba75,5040,product,audit_report,Rainforest Alliance,4/5/2023,Third-party audit confirms sustainable farming practices at origin.,b79bf84a-4cec-5a85-8a73-c88019ba0a54,,,https://www.rainforest-alliance.org/find-certified/
27f4ba59-454c-5c91-a5ea-4f499018d1d7,5041,product,third_party_audit,LEAF Marque,4/28/2023,Producer holds LEAF Marque accreditation for sustainable integrated farming.,b79bf84a-4cec-5a85-8a73-c88019ba0a54,,,https://leaf.eco/leafmarque
71a70964-7608-5263-920f-c64b7f809fb6,5042,product,batch_record,Soil Association,9/8/2023,Product is certified organic by the Soil Association under EU organic standards.,f4f300ef-b389-5560-bb6e-c3c451b7de68,,,https://www.soilassociation.org/certification/check-for-organic-certification/organic-certificate-checker/
6363d40c-72ee-59cc-ad83-bf2b4f59bde4,5043,product,audit_report,Red Tractor,3/24/2024,Product meets Red Tractor standards for food safety and animal welfare.,f4f300ef-b389-5560-bb6e-c3c451b7de68,,,https://checkers.redtractor.org.uk/
168e49e9-098c-503e-91c7-55edc5c6be7e,5044,product,third_party_audit,LEAF Marque,11/7/2023,Producer holds LEAF Marque accreditation for sustainable integrated farming.,dca58130-590f-5720-8bf7-275a44323630,,,https://leaf.eco/leafmarque
9c9b6b58-fe30-5fb7-b368-4c6a46fafd16,5045,product,third_party_audit,Carbon Trust,9/28/2022,Product has achieved Carbon Trust carbon neutral certification.,dca58130-590f-5720-8bf7-275a44323630,,,https://label.carbontrust.com/search
519e3e06-970c-5271-a7e4-f555f390cf29,5046,product,audit_report,Soil Association,1/12/2024,Product is certified organic by the Soil Association under EU organic standards.,dca58130-590f-5720-8bf7-275a44323630,,,https://www.soilassociation.org/certification/check-for-organic-certification/organic-certificate-checker/
849aad36-aaa8-5b82-9e11-56d1015998d7,5047,product,third_party_audit,Aquaculture Stewardship Council,3/12/2022,"Product is ASC certified, meeting responsible aquaculture standards.",c28fabe1-ef52-5c2b-bed5-17ae0f6fd5b2,,,https://asc-aqua.org/find-a-product/
685ab4b5-58ee-5b48-80c0-ffe21125e5e9,5048,product,audit_report,The Vegan Society,1/23/2023,Product is registered with the Vegan Society as suitable for vegan consumption.,c28fabe1-ef52-5c2b-bed5-17ae0f6fd5b2,,,https://www.vegansociety.com/resources/lifestyle/shopping/trademark-search
1f991084-4d62-5ff2-9e5a-77a9949b040d,5049,product,batch_record,RSPO,5/16/2022,Palm oil ingredients sourced from RSPO-certified sustainable plantations.,c28fabe1-ef52-5c2b-bed5-17ae0f6fd5b2,,,https://rspo.org/search-members/supply-chain-certificate-holders/
e3f9dc72-78b7-5ce5-b9dd-1c47d94a372f,5050,product,audit_report,Fairtrade International,6/20/2023,"Product is certified Fairtrade, ensuring fair prices and working conditions for farmers.",4a6cf708-9818-59e5-9dac-8a10103e17d7,,,https://www.fairtrade.net/en/fairtrade-finder.html
767b2e05-8091-5153-96ff-47c03a3d0eee,5051,product,third_party_audit,UTZ Certified,4/9/2022,Product carries UTZ certification for sustainable commodity sourcing.,50ede61f-eb51-5ebe-be90-41f1717188a9,,,https://www.rainforest-alliance.org/utz/
b8bba583-ff2e-5f60-a832-4982b263053d,5052,product,audit_report,NON GMO Project,5/3/2023,Product verified non-GMO by the Non-GMO Project standard.,50ede61f-eb51-5ebe-be90-41f1717188a9,,,https://www.nongmoproject.org/find-non-gmo/
a5f5c1e7-e200-5b3c-a02c-f9f8576e4955,5053,product,third_party_audit,Soil Association,9/7/2023,Product is certified organic by the Soil Association under EU organic standards.,50ede61f-eb51-5ebe-be90-41f1717188a9,,,https://www.soilassociation.org/certification/check-for-organic-certification/organic-certificate-checker/
de5317d3-a9e8-5d94-a33a-15fa88c20043,5054,product,third_party_audit,Protected Designation of Origin,5/31/2023,Product holds Protected Designation of Origin status under EU/UK law.,f0a9c0bf-ea75-5fd4-b57c-b6e1c64fb10c,,,https://ec.europa.eu/agriculture/eambrosia/geographical-indications-register/
0033ea9f-38c2-5906-b3c3-8d31023d5530,5055,product,batch_record,Rainforest Alliance,11/7/2023,Product carries Rainforest Alliance certification for sustainable farming practices.,9cd0f172-1894-5f09-91de-8f321e47c38e,,,https://www.rainforest-alliance.org/find-certified/
0eb85d71-09f2-59e9-a72f-5464d9efc0cd,5056,product,third_party_audit,Protected Designation of Origin,7/7/2023,Product holds Protected Designation of Origin status under EU/UK law.,34bf09a0-b553-5c68-83a0-e6cc2aa62b0a,,,https://ec.europa.eu/agriculture/eambrosia/geographical-indications-register/
27bd7242-f422-5a50-bec4-c6a285c36e25,5057,product,batch_record,Protected Designation of Origin,6/19/2023,Product holds Protected Designation of Origin status under EU/UK law.,0a1643b2-fff8-573e-a5af-f2575ccd431d,,,https://ec.europa.eu/agriculture/eambrosia/geographical-indications-register/
2148662f-1ef4-5e62-884f-db41560f56ee,5058,product,certification_directory,Aquaculture Stewardship Council,12/16/2023,"Product is ASC certified, meeting responsible aquaculture standards.",45cbbf5f-794d-5bd9-8dbb-0d6872239325,,,https://asc-aqua.org/find-a-product/
bd0b060e-d386-539f-9845-114b220b421b,5059,product,third_party_audit,LEAF Marque,3/16/2023,Producer holds LEAF Marque accreditation for sustainable integrated farming.,45cbbf5f-794d-5bd9-8dbb-0d6872239325,,,https://leaf.eco/leafmarque
f2635695-db2b-5800-9b0c-6dc303b8cf45,5060,product,batch_record,Carbon Trust,3/19/2024,Product has achieved Carbon Trust carbon neutral certification.,a69a1bd6-2f15-5964-8de3-a83f35b40078,,,https://label.carbontrust.com/search
f56bd6ba-d2ae-5866-8d15-fb134cb5e05e,5061,product,third_party_audit,Aquaculture Stewardship Council,4/11/2022,"Product is ASC certified, meeting responsible aquaculture standards.",dc22a7e0-4d32-58af-b6dd-d2c1f8bb412e,,,https://asc-aqua.org/find-a-product/
31efd877-f561-5af3-9725-e94f43feb98a,5062,product,batch_record,RSPO,5/18/2022,Palm oil ingredients sourced from RSPO-certified sustainable plantations.,dc22a7e0-4d32-58af-b6dd-d2c1f8bb412e,,,https://rspo.org/search-members/supply-chain-certificate-holders/
9e2c08bc-00c6-5008-93c1-68ede84ce80b,5063,product,audit_report,The Vegan Society,5/29/2024,Product is registered with the Vegan Society as suitable for vegan consumption.,e51fe116-5b3f-5e37-8844-13f75f128a04,,,https://www.vegansociety.com/resources/lifestyle/shopping/trademark-search
222a045f-33f0-5f43-a0ff-e8c237187b22,5064,product,certification_directory,Carbon Trust,10/18/2022,Product has achieved Carbon Trust carbon neutral certification.,e51fe116-5b3f-5e37-8844-13f75f128a04,,,https://label.carbontrust.com/search
17602e3e-9e63-57e3-b635-3c324789bd94,5065,product,supplier_statement,Protected Designation of Origin,7/13/2022,Product holds Protected Designation of Origin status under EU/UK law.,da1cf73c-7c33-50a7-89fd-5fd7674a2975,,,https://ec.europa.eu/agriculture/eambrosia/geographical-indications-register/
1fd06bb2-67bb-5f05-913b-6213a7844ee3,5066,product,certification_directory,OU Kosher,12/28/2023,Product is certified kosher by the Orthodox Union.,da1cf73c-7c33-50a7-89fd-5fd7674a2975,,,https://oukosher.org/product-search/
1ac3ccd0-cdf3-57d3-b1d0-6ea48f09c928,5067,product,certification_directory,NON GMO Project,8/15/2023,Product verified non-GMO by the Non-GMO Project standard.,da1cf73c-7c33-50a7-89fd-5fd7674a2975,,,https://www.nongmoproject.org/find-non-gmo/
7f6b8306-9f12-5992-a551-4a2deb079acb,5068,product,batch_record,Rainforest Alliance,11/2/2023,Product carries Rainforest Alliance certification for sustainable farming practices.,0ffc06bd-a24e-5806-8739-f931ffaa9fac,,,https://www.rainforest-alliance.org/find-certified/
d3165547-6529-5fb1-959d-cbb0608ff2c9,5069,product,audit_report,OU Kosher,12/6/2023,Product is certified kosher by the Orthodox Union.,0ffc06bd-a24e-5806-8739-f931ffaa9fac,,,https://oukosher.org/product-search/
de6254c1-e6ac-5ebd-88b1-d4ce470cf320,5070,product,supplier_statement,Fairtrade International,2/23/2023,"Product is certified Fairtrade, ensuring fair prices and working conditions for farmers.",0ffc06bd-a24e-5806-8739-f931ffaa9fac,,,https://www.fairtrade.net/en/fairtrade-finder.html
18960e94-c32e-507a-b76b-d83df01b4fe9,5071,product,batch_record,Rainforest Alliance,10/30/2023,Product carries Rainforest Alliance certification for sustainable farming practices.,7e0cbcca-70b5-5f88-9534-4bb416b8c23a,,,https://www.rainforest-alliance.org/find-certified/
d882e89d-a57d-5d7a-851e-9d1a1b0fb95e,5072,product,third_party_audit,Soil Association,9/17/2022,Product is certified organic by the Soil Association under EU organic standards.,7e0cbcca-70b5-5f88-9534-4bb416b8c23a,,,https://www.soilassociation.org/certification/check-for-organic-certification/organic-certificate-checker/
00a07ced-67bb-571c-9c52-acae69ae4331,5073,product,batch_record,LEAF Marque,8/2/2023,Producer holds LEAF Marque accreditation for sustainable integrated farming.,6c329b73-7531-533f-a300-caaa89b57081,,,https://leaf.eco/leafmarque
11356316-aeee-5fe8-96fd-3c6e36821e69,5074,product,supplier_statement,OU Kosher,9/19/2023,Product is certified kosher by the Orthodox Union.,6c329b73-7531-533f-a300-caaa89b57081,,,https://oukosher.org/product-search/
126b6dd7-f226-5019-85ab-b0af94649d42,5075,product,audit_report,UTZ Certified,2/28/2023,Product carries UTZ certification for sustainable commodity sourcing.,5fd350b4-729f-5a6a-991c-4bf6de446db1,,,https://www.rainforest-alliance.org/utz/
b49bbdbe-ca65-5156-bd2a-8fa27c933f72,5076,product,third_party_audit,NON GMO Project,3/13/2024,Product verified non-GMO by the Non-GMO Project standard.,5fd350b4-729f-5a6a-991c-4bf6de446db1,,,https://www.nongmoproject.org/find-non-gmo/
81a715ce-58c2-5b25-86d4-955b75fc1a0f,5077,product,third_party_audit,The Vegan Society,7/23/2023,Product is registered with the Vegan Society as suitable for vegan consumption.,9daec94a-9915-51cb-992f-669ca771a941,,,https://www.vegansociety.com/resources/lifestyle/shopping/trademark-search
464a9602-92c0-568c-8898-e7e26e8103a4,5078,product,batch_record,Soil Association,9/17/2022,Product is certified organic by the Soil Association under EU organic standards.,9daec94a-9915-51cb-992f-669ca771a941,,,https://www.soilassociation.org/certification/check-for-organic-certification/organic-certificate-checker/
e0aa7119-10c8-5df2-b2f8-1d78942154c7,5079,product,supplier_statement,Aquaculture Stewardship Council,8/15/2023,"Product is ASC certified, meeting responsible aquaculture standards.",9daec94a-9915-51cb-992f-669ca771a941,,,https://asc-aqua.org/find-a-product/
80543298-1286-500f-abf9-fbb1cebda030,5080,product,batch_record,Carbon Trust,1/24/2024,Product has achieved Carbon Trust carbon neutral certification.,b90ac73f-5ca6-573c-9cfb-b26dbd00a3d3,,,https://label.carbontrust.com/search
9fb1508f-d31c-507c-b0c7-76c8c0e0d558,5081,product,audit_report,Rainforest Alliance,5/25/2024,Third-party audit confirms sustainable farming practices at origin.,b90ac73f-5ca6-573c-9cfb-b26dbd00a3d3,,,https://www.rainforest-alliance.org/find-certified/
23f22173-378a-5b6c-91d6-83b076fa699b,5082,product,batch_record,Rainforest Alliance,3/12/2024,Product carries Rainforest Alliance certification for sustainable farming practices.,c4a5d168-7718-56a7-81a7-310962e2aca0,,,https://www.rainforest-alliance.org/find-certified/
ce68c6d9-b1ca-5b33-92dc-684ad9046571,5083,product,audit_report,Rainforest Alliance,4/13/2022,Third-party audit confirms sustainable farming practices at origin.,c4a5d168-7718-56a7-81a7-310962e2aca0,,,https://www.rainforest-alliance.org/find-certified/
7c1aa6c6-68ee-51ff-bac4-b522c2a7ca71,5084,product,audit_report,Red Tractor,6/5/2023,Product meets Red Tractor standards for food safety and animal welfare.,c4a5d168-7718-56a7-81a7-310962e2aca0,,,https://checkers.redtractor.org.uk/
8ed8dff8-6b66-5c9a-b3a3-be6cbdd17f0a,5085,product,third_party_audit,Carbon Trust,9/21/2023,Product has achieved Carbon Trust carbon neutral certification.,961972d1-bc00-5f20-a63f-246f7293f2be,,,https://label.carbontrust.com/search
6a08e9e1-60a3-5761-aa48-c6b02f722dc4,5086,product,certification_directory,Aquaculture Stewardship Council,6/14/2022,"Product is ASC certified, meeting responsible aquaculture standards.",961972d1-bc00-5f20-a63f-246f7293f2be,,,https://asc-aqua.org/find-a-product/
c2866532-c862-5a45-895e-144bf286dedf,5087,product,certification_directory,UTZ Certified,4/23/2024,Product carries UTZ certification for sustainable commodity sourcing.,0f2a198d-c07b-59db-8228-8e0853305cde,,,https://www.rainforest-alliance.org/utz/
acb45844-4f5d-5ce3-a907-11a126ead2c7,5088,product,audit_report,Fairtrade International,4/28/2023,"Product is certified Fairtrade, ensuring fair prices and working conditions for farmers.",0f2a198d-c07b-59db-8228-8e0853305cde,,,https://www.fairtrade.net/en/fairtrade-finder.html
aab08a0d-eeab-5f8f-adef-40870cf1bf23,5089,product,supplier_statement,NON GMO Project,8/16/2022,Product verified non-GMO by the Non-GMO Project standard.,0d60e6a4-e959-5c3e-9cfb-22e204929744,,,https://www.nongmoproject.org/find-non-gmo/
fee0d29b-45a3-56a6-9cd2-25cf3cd2e1d0,5090,product,supplier_statement,Rainforest Alliance,3/23/2022,Product carries Rainforest Alliance certification for sustainable farming practices.,0d60e6a4-e959-5c3e-9cfb-22e204929744,,,https://www.rainforest-alliance.org/find-certified/
2c13b957-cd50-5448-834e-c76f960e255d,5091,product,third_party_audit,LEAF Marque,2/8/2022,Producer holds LEAF Marque accreditation for sustainable integrated farming.,0d60e6a4-e959-5c3e-9cfb-22e204929744,,,https://leaf.eco/leafmarque
cbf0876f-ed92-50fd-ac00-4ddbb46ef2cd,5092,product,third_party_audit,NON GMO Project,10/21/2022,Product verified non-GMO by the Non-GMO Project standard.,9373d074-38f0-5687-bc5a-ea6134f7cacc,,,https://www.nongmoproject.org/find-non-gmo/
76738c71-c726-544a-8eb7-9cfe052329df,5093,product,third_party_audit,Protected Designation of Origin,2/28/2022,Product holds Protected Designation of Origin status under EU/UK law.,9373d074-38f0-5687-bc5a-ea6134f7cacc,,,https://ec.europa.eu/agriculture/eambrosia/geographical-indications-register/
322d4611-3a91-5df5-89bf-6b7c01400c27,5094,product,audit_report,RSPO,10/18/2023,Palm oil ingredients sourced from RSPO-certified sustainable plantations.,9373d074-38f0-5687-bc5a-ea6134f7cacc,,,https://rspo.org/search-members/supply-chain-certificate-holders/
9af80511-6af2-56a8-9e8f-e14d7d9c5cf6,5095,product,audit_report,The Vegan Society,5/20/2024,Product is registered with the Vegan Society as suitable for vegan consumption.,e7308a57-b070-56b4-a8b4-1cb1a04ddc8c,,,https://www.vegansociety.com/resources/lifestyle/shopping/trademark-search
9ddb9422-cee6-5681-b5c0-560346e1675a,5096,product,third_party_audit,Fairtrade International,10/20/2022,"Product is certified Fairtrade, ensuring fair prices and working conditions for farmers.",e7308a57-b070-56b4-a8b4-1cb1a04ddc8c,,,https://www.fairtrade.net/en/fairtrade-finder.html
40a1df99-a2e9-5f36-b4ff-1b8cf83d5601,5097,product,third_party_audit,Fairtrade International,6/7/2023,"Product is certified Fairtrade, ensuring fair prices and working conditions for farmers.",5d54ca08-03f8-5abc-b2b0-27ea16e6009d,,,https://www.fairtrade.net/en/fairtrade-finder.html
80eef314-37fe-5e99-8c79-856c7c1c341f,5098,product,audit_report,Rainforest Alliance,11/22/2023,Third-party audit confirms sustainable farming practices at origin.,65900a67-9ec2-5bf6-9dd1-babae5f7faa9,,,https://www.rainforest-alliance.org/find-certified/
7099b821-42c1-5c49-aba0-2267967fced9,5099,product,certification_directory,Red Tractor,1/4/2023,Product meets Red Tractor standards for food safety and animal welfare.,65900a67-9ec2-5bf6-9dd1-babae5f7faa9,,,https://checkers.redtractor.org.uk/
77b54b88-57e1-54ad-a1cb-f01004b451f8,5100,product,audit_report,RSPO,11/2/2023,Palm oil ingredients sourced from RSPO-certified sustainable plantations.,65900a67-9ec2-5bf6-9dd1-babae5f7faa9,,,https://rspo.org/search-members/supply-chain-certificate-holders/
9edd8c5b-1669-5449-bf9a-a0d584df55dd,5101,product,certification_directory,Soil Association,10/10/2022,Product is certified organic by the Soil Association under EU organic standards.,a18bacfc-19ac-5525-a85c-65870082cf1d,,,https://www.soilassociation.org/certification/check-for-organic-certification/organic-certificate-checker/
7478e05b-44b1-5190-b9d5-8a85c274d7a1,5102,product,batch_record,Aquaculture Stewardship Council,2/20/2023,"Product is ASC certified, meeting responsible aquaculture standards.",f48bad2d-832a-589f-8ecf-a087520b9e6c,,,https://asc-aqua.org/find-a-product/
41e6a840-8614-5a7f-9819-933ada8707e3,5103,product,third_party_audit,UTZ Certified,7/25/2022,Product carries UTZ certification for sustainable commodity sourcing.,f48bad2d-832a-589f-8ecf-a087520b9e6c,,,https://www.rainforest-alliance.org/utz/
44d9c48c-3baa-5436-a0d0-6cddae17b4a6,5104,product,certification_directory,Fairtrade International,4/3/2022,"Product is certified Fairtrade, ensuring fair prices and working conditions for farmers.",22ecd446-d259-504b-9d2d-fbef7d4b0276,,,https://www.fairtrade.net/en/fairtrade-finder.html
d887abd4-1576-5079-bc31-1607adfcce95,5105,product,third_party_audit,Rainforest Alliance,10/19/2022,Third-party audit confirms sustainable farming practices at origin.,22ecd446-d259-504b-9d2d-fbef7d4b0276,,,https://www.rainforest-alliance.org/find-certified/
96de9e48-bd02-5d90-8f2a-95145d96e491,5106,product,third_party_audit,LEAF Marque,8/20/2023,Producer holds LEAF Marque accreditation for sustainable integrated farming.,22ecd446-d259-504b-9d2d-fbef7d4b0276,,,https://leaf.eco/leafmarque
3f13eff6-0613-524c-a593-48cea754c7d5,5107,product,supplier_statement,Aquaculture Stewardship Council,8/20/2022,"Product is ASC certified, meeting responsible aquaculture standards.",d53303ae-8986-5d3c-897e-b6e79f05cd7b,,,https://asc-aqua.org/find-a-product/
5bc5f425-b332-5b4a-8966-7387137dede1,5108,product,third_party_audit,LEAF Marque,7/19/2022,Producer holds LEAF Marque accreditation for sustainable integrated farming.,d53303ae-8986-5d3c-897e-b6e79f05cd7b,,,https://leaf.eco/leafmarque
ed2de63f-d0e0-5461-9f00-c6cadf8b3c99,5109,product,third_party_audit,Protected Designation of Origin,1/5/2022,Product holds Protected Designation of Origin status under EU/UK law.,a1a412c7-b193-525c-9865-825106d41877,,,https://ec.europa.eu/agriculture/eambrosia/geographical-indications-register/
e4fce253-b7e5-5944-b487-acddbfbf5803,5110,product,supplier_statement,NON GMO Project,6/29/2022,Product verified non-GMO by the Non-GMO Project standard.,a1a412c7-b193-525c-9865-825106d41877,,,https://www.nongmoproject.org/find-non-gmo/
bcd07e2e-6787-5a3b-8011-0b82ce5bd7b4,5111,product,third_party_audit,OU Kosher,3/16/2022,Product is certified kosher by the Orthodox Union.,e40c4bd5-89ce-5182-9a4f-713191d39d38,,,https://oukosher.org/product-search/
923c108d-03e0-53c2-90f2-da30b049b5e5,5112,product,third_party_audit,Rainforest Alliance,10/29/2022,Product carries Rainforest Alliance certification for sustainable farming practices.,e40c4bd5-89ce-5182-9a4f-713191d39d38,,,https://www.rainforest-alliance.org/find-certified/
cbe39b1d-ffc4-5dbb-862c-7cb4e0b6528e,5113,product,third_party_audit,Rainforest Alliance,9/21/2022,Product carries Rainforest Alliance certification for sustainable farming practices.,7ecfaf65-164e-5e75-9eb2-b4fcf11de750,,,https://www.rainforest-alliance.org/find-certified/
9755ad8f-9b5a-5b89-ac96-d4721703112e,5114,product,third_party_audit,Carbon Trust,4/12/2024,Product has achieved Carbon Trust carbon neutral certification.,7ecfaf65-164e-5e75-9eb2-b4fcf11de750,,,https://label.carbontrust.com/search
be4f594a-05e2-55b4-9de5-feb385821ad2,5115,product,batch_record,Marine Stewardship Council,7/31/2023,Product is MSC certified as sustainably sourced from well-managed fisheries.,1b21ebaa-afa6-5f5e-94b6-0fd071c1dfee,,,https://cert.msc.org/supplierdirectory/
1fea0ab6-4e5c-58f7-b7e6-ece6a58c0017,5116,product,batch_record,Rainforest Alliance,2/28/2024,Third-party audit confirms sustainable farming practices at origin.,1b21ebaa-afa6-5f5e-94b6-0fd071c1dfee,,,https://www.rainforest-alliance.org/find-certified/
17f82ff8-c5e6-56a6-b04e-ef7e1cc7c05e,5117,product,audit_report,The Vegan Society,2/15/2024,Product is registered with the Vegan Society as suitable for vegan consumption.,1b21ebaa-afa6-5f5e-94b6-0fd071c1dfee,,,https://www.vegansociety.com/resources/lifestyle/shopping/trademark-search
7aa64977-45a5-5aa8-94e8-54c1599ccd7e,5118,product,batch_record,Carbon Trust,8/24/2023,Product has achieved Carbon Trust carbon neutral certification.,71d1ec94-7068-5b03-aa37-77b9803f36fa,,,https://label.carbontrust.com/search
9226dbae-8d34-5b39-a7c7-bf9c73fa7393,5119,product,certification_directory,The Vegan Society,5/9/2023,Product is registered with the Vegan Society as suitable for vegan consumption.,71d1ec94-7068-5b03-aa37-77b9803f36fa,,,https://www.vegansociety.com/resources/lifestyle/shopping/trademark-search
2fb34394-5464-5ba7-8906-4c23eab99a93,5120,product,certification_directory,Marine Stewardship Council,1/27/2023,Product is MSC certified as sustainably sourced from well-managed fisheries.,c67893e2-b9ad-51ac-ad1e-7c81f09ddf60,,,https://cert.msc.org/supplierdirectory/
951bd3fe-9dd2-5d4b-ab90-b1e3498ee217,5121,product,audit_report,Carbon Trust,3/30/2024,Product has achieved Carbon Trust carbon neutral certification.,f60914c6-0765-514e-ab4c-50eb31cf8672,,,https://label.carbontrust.com/search
76942eaf-69ed-5303-ae9c-853fbbd19121,5122,product,supplier_statement,Red Tractor,2/27/2023,Product meets Red Tractor standards for food safety and animal welfare.,f60914c6-0765-514e-ab4c-50eb31cf8672,,,https://checkers.redtractor.org.uk/
767ed5f3-25ed-5a88-8e4b-3030bddcbeb1,5123,product,supplier_statement,UTZ Certified,6/13/2023,Product carries UTZ certification for sustainable commodity sourcing.,f60914c6-0765-514e-ab4c-50eb31cf8672,,,https://www.rainforest-alliance.org/utz/
a5024426-c93d-57cb-bc6d-348dacbf8779,5124,product,audit_report,Fairtrade International,10/22/2022,"Product is certified Fairtrade, ensuring fair prices and working conditions for farmers.",a1490ad5-2574-5d0d-a3b4-0f269107f5a1,,,https://www.fairtrade.net/en/fairtrade-finder.html
f47ff546-64f3-553b-959d-de6d138d8f3d,5125,product,certification_directory,Rainforest Alliance,2/13/2023,Third-party audit confirms sustainable farming practices at origin.,a1490ad5-2574-5d0d-a3b4-0f269107f5a1,,,https://www.rainforest-alliance.org/find-certified/
162e6dd6-939b-5a67-9238-91daa339aea8,5126,product,supplier_statement,Marine Stewardship Council,3/19/2022,Product is MSC certified as sustainably sourced from well-managed fisheries.,a1490ad5-2574-5d0d-a3b4-0f269107f5a1,,,https://cert.msc.org/supplierdirectory/
c12c59b0-2576-571c-9dd8-ce129beb6c43,5127,product,supplier_statement,Protected Designation of Origin,12/29/2022,Product holds Protected Designation of Origin status under EU/UK law.,334107c1-80d7-5332-9942-e975b4f1de5a,,,https://ec.europa.eu/agriculture/eambrosia/geographical-indications-register/
dbd9217a-721d-5181-a562-2111cb66ba9d,5128,product,audit_report,Soil Association,8/11/2023,Product is certified organic by the Soil Association under EU organic standards.,334107c1-80d7-5332-9942-e975b4f1de5a,,,https://www.soilassociation.org/certification/check-for-organic-certification/organic-certificate-checker/
51f10a7e-945a-5a4c-8475-92c7833110fa,5129,product,supplier_statement,The Vegan Society,7/7/2022,Product is registered with the Vegan Society as suitable for vegan consumption.,334107c1-80d7-5332-9942-e975b4f1de5a,,,https://www.vegansociety.com/resources/lifestyle/shopping/trademark-search
232eccf1-a3d6-5943-8808-316d0c66a902,5130,product,audit_report,UTZ Certified,8/29/2022,Product carries UTZ certification for sustainable commodity sourcing.,ab00ecec-36a3-5509-b5c1-b588f3298f64,,,https://www.rainforest-alliance.org/utz/
6efbad74-85d1-52cc-80d8-77ed62637774,5131,product,audit_report,Red Tractor,6/12/2024,Product meets Red Tractor standards for food safety and animal welfare.,ab00ecec-36a3-5509-b5c1-b588f3298f64,,,https://checkers.redtractor.org.uk/
eaf5a58b-c0fc-52e1-9545-23d91392de09,5132,product,supplier_statement,The Vegan Society,7/31/2022,Product is registered with the Vegan Society as suitable for vegan consumption.,ab00ecec-36a3-5509-b5c1-b588f3298f64,,,https://www.vegansociety.com/resources/lifestyle/shopping/trademark-search
54c5d348-57b3-56d1-bc16-36e3c61c531c,5133,product,audit_report,Red Tractor,5/6/2024,Product meets Red Tractor standards for food safety and animal welfare.,1d4caf1d-ded8-50ba-85b8-7fbd0be27f49,,,https://checkers.redtractor.org.uk/
f767c849-07fb-562d-80f5-b79d98396587,5134,product,certification_directory,Aquaculture Stewardship Council,5/3/2022,"Product is ASC certified, meeting responsible aquaculture standards.",14a2f731-9946-586b-81c6-e8bfd1593242,,,https://asc-aqua.org/find-a-product/
63332811-f8ac-5820-9251-b972dc6ce0db,5135,product,certification_directory,Soil Association,11/24/2023,Product is certified organic by the Soil Association under EU organic standards.,14a2f731-9946-586b-81c6-e8bfd1593242,,,https://www.soilassociation.org/certification/check-for-organic-certification/organic-certificate-checker/
523ddf9a-8c3f-5721-a6df-e4904a21ad25,5136,product,batch_record,Carbon Trust,9/21/2023,Product has achieved Carbon Trust carbon neutral certification.,14a2f731-9946-586b-81c6-e8bfd1593242,,,https://label.carbontrust.com/search
212eac12-d7ea-50b6-bff1-ab2ae3eb3c5c,5137,product,third_party_audit,Carbon Trust,2/13/2022,Product has achieved Carbon Trust carbon neutral certification.,31a93434-57fb-5e00-99ee-26f6a00d14b2,,,https://label.carbontrust.com/search
8c92a73c-84df-53a7-8b58-4380b138b43a,5138,product,supplier_statement,Aquaculture Stewardship Council,5/20/2023,"Product is ASC certified, meeting responsible aquaculture standards.",2184d2eb-5e2f-502d-bbd1-ff61b64c4a23,,,https://asc-aqua.org/find-a-product/
c991679f-1583-5c59-b454-987264a71175,5139,product,third_party_audit,RSPO,6/8/2024,Palm oil ingredients sourced from RSPO-certified sustainable plantations.,2184d2eb-5e2f-502d-bbd1-ff61b64c4a23,,,https://rspo.org/search-members/supply-chain-certificate-holders/
0c3eaf81-a869-51c5-9df6-222355ede649,5140,product,third_party_audit,The Vegan Society,10/14/2022,Product is registered with the Vegan Society as suitable for vegan consumption.,27eccc03-c587-502a-be5a-5a5d4aa35b54,,,https://www.vegansociety.com/resources/lifestyle/shopping/trademark-search
4aa06882-d139-5386-aa4f-d170c95eb47d,5141,product,batch_record,Soil Association,8/16/2022,Product is certified organic by the Soil Association under EU organic standards.,27eccc03-c587-502a-be5a-5a5d4aa35b54,,,https://www.soilassociation.org/certification/check-for-organic-certification/organic-certificate-checker/
f4b5ca1a-4636-584d-a6ba-6b6a6e404736,5142,product,batch_record,Soil Association,5/5/2023,Product is certified organic by the Soil Association under EU organic standards.,d2e81760-8058-54d8-a4ca-a7d48d9e39ad,,,https://www.soilassociation.org/certification/check-for-organic-certification/organic-certificate-checker/
e6882deb-f681-5a99-a406-1eebe3307aa9,5143,product,third_party_audit,Fairtrade International,2/3/2022,"Product is certified Fairtrade, ensuring fair prices and working conditions for farmers.",d2e81760-8058-54d8-a4ca-a7d48d9e39ad,,,https://www.fairtrade.net/en/fairtrade-finder.html
88b2806d-25d4-5c97-9cd9-6ac201956b73,5144,product,third_party_audit,OU Kosher,12/22/2022,Product is certified kosher by the Orthodox Union.,d2e81760-8058-54d8-a4ca-a7d48d9e39ad,,,https://oukosher.org/product-search/
026c166d-a35f-5dba-8f40-e6201468d2a5,5145,product,audit_report,LEAF Marque,4/14/2023,Producer holds LEAF Marque accreditation for sustainable integrated farming.,356221fb-43c5-5f26-9882-b6449a0f334b,,,https://leaf.eco/leafmarque
acad87b8-a3d1-5c3b-8c2e-20f25882acd0,5146,product,certification_directory,UTZ Certified,12/17/2023,Product carries UTZ certification for sustainable commodity sourcing.,356221fb-43c5-5f26-9882-b6449a0f334b,,,https://www.rainforest-alliance.org/utz/
16ec3a52-5cff-57c3-b8a8-442ba72bfcbc,5147,product,certification_directory,The Vegan Society,1/13/2022,Product is registered with the Vegan Society as suitable for vegan consumption.,8ed161fa-14dd-5faa-87b9-ee936b2436a7,,,https://www.vegansociety.com/resources/lifestyle/shopping/trademark-search
1cb940e4-ef61-5abf-b7e6-93c47d6ea665,5148,product,audit_report,Aquaculture Stewardship Council,1/24/2023,"Product is ASC certified, meeting responsible aquaculture standards.",8ed161fa-14dd-5faa-87b9-ee936b2436a7,,,https://asc-aqua.org/find-a-product/
0bd190c8-31cd-544b-ac76-c46cc9b5eb31,5149,product,third_party_audit,Rainforest Alliance,4/14/2022,Third-party audit confirms sustainable farming practices at origin.,8ed161fa-14dd-5faa-87b9-ee936b2436a7,,,https://www.rainforest-alliance.org/find-certified/
73631284-b805-51f3-a939-35d231663aea,5150,product,supplier_statement,Aquaculture Stewardship Council,7/11/2022,"Product is ASC certified, meeting responsible aquaculture standards.",1de10981-4bad-59c2-87de-173ae763682c,,,https://asc-aqua.org/find-a-product/
8e62b6c6-cab5-5236-952c-37517b739d6e,5151,product,third_party_audit,RSPO,9/27/2022,Palm oil ingredients sourced from RSPO-certified sustainable plantations.,1de10981-4bad-59c2-87de-173ae763682c,,,https://rspo.org/search-members/supply-chain-certificate-holders/
bdfb9551-c837-5c54-b8b0-fe313e546c47,5152,product,batch_record,Marine Stewardship Council,9/20/2023,Product is MSC certified as sustainably sourced from well-managed fisheries.,98c024f2-2ad6-5a7d-9b39-e9d5816b9113,,,https://cert.msc.org/supplierdirectory/
854fc481-2d44-559b-b942-ba7844228d09,5153,product,batch_record,Aquaculture Stewardship Council,3/11/2023,"Product is ASC certified, meeting responsible aquaculture standards.",4f5fdf32-ab7e-59c5-ba5b-9421dc62dfb0,,,https://asc-aqua.org/find-a-product/
1979fe34-3730-5d3b-9684-a18ec0eb9e35,5154,product,audit_report,Soil Association,3/6/2023,Product is certified organic by the Soil Association under EU organic standards.,4f5fdf32-ab7e-59c5-ba5b-9421dc62dfb0,,,https://www.soilassociation.org/certification/check-for-organic-certification/organic-certificate-checker/
457c7058-17f3-5b17-abea-f37d828d8154,5155,product,batch_record,Carbon Trust,10/14/2022,Product has achieved Carbon Trust carbon neutral certification.,d2d6faf6-481d-5b1e-bff4-fcaaa1a86657,,,https://label.carbontrust.com/search
1bf82bb0-f585-57db-bba7-1c1f6225efe8,5156,product,batch_record,Aquaculture Stewardship Council,7/4/2022,"Product is ASC certified, meeting responsible aquaculture standards.",d2d6faf6-481d-5b1e-bff4-fcaaa1a86657,,,https://asc-aqua.org/find-a-product/
1641f843-70ad-56f9-a3bf-4bd8e32011a9,5157,product,third_party_audit,LEAF Marque,5/15/2022,Producer holds LEAF Marque accreditation for sustainable integrated farming.,d2d6faf6-481d-5b1e-bff4-fcaaa1a86657,,,https://leaf.eco/leafmarque
631eba15-7921-5973-ba9c-9f670a80cd57,5158,product,supplier_statement,UTZ Certified,4/3/2024,Product carries UTZ certification for sustainable commodity sourcing.,275cf7a2-34dd-54d2-b19e-e0eeb8a8de24,,,https://www.rainforest-alliance.org/utz/
c616440d-0167-56ba-9381-ea8469857434,5159,product,audit_report,Red Tractor,7/23/2023,Product meets Red Tractor standards for food safety and animal welfare.,275cf7a2-34dd-54d2-b19e-e0eeb8a8de24,,,https://checkers.redtractor.org.uk/
debea549-d40d-5b19-b0c3-7c9dee76b296,5160,product,batch_record,Rainforest Alliance,5/26/2024,Product carries Rainforest Alliance certification for sustainable farming practices.,275cf7a2-34dd-54d2-b19e-e0eeb8a8de24,,,https://www.rainforest-alliance.org/find-certified/
c6ba3dfb-338d-5c96-9e18-fd304bcefc34,5161,product,audit_report,Red Tractor,4/30/2023,Product meets Red Tractor standards for food safety and animal welfare.,4363a876-7947-5455-9b17-3721487a1d9e,,,https://checkers.redtractor.org.uk/
265bab6c-8d78-5981-af00-5998db614fa7,5162,product,certification_directory,Soil Association,6/30/2022,Product is certified organic by the Soil Association under EU organic standards.,4363a876-7947-5455-9b17-3721487a1d9e,,,https://www.soilassociation.org/certification/check-for-organic-certification/organic-certificate-checker/
6f1a9aa3-842f-5971-974b-fd56a3d2e405,5163,product,third_party_audit,The Vegan Society,7/1/2023,Product is registered with the Vegan Society as suitable for vegan consumption.,fe61420a-95af-5ea1-8eef-11274b821700,,,https://www.vegansociety.com/resources/lifestyle/shopping/trademark-search
5e835092-c295-575c-9fe3-426c44377b35,5164,product,supplier_statement,Soil Association,3/15/2024,Product is certified organic by the Soil Association under EU organic standards.,fe61420a-95af-5ea1-8eef-11274b821700,,,https://www.soilassociation.org/certification/check-for-organic-certification/organic-certificate-checker/
9472a6f6-76f1-5312-bd10-fa97587cc8be,5165,product,third_party_audit,Marine Stewardship Council,5/29/2024,Product is MSC certified as sustainably sourced from well-managed fisheries.,dd2135d9-113f-58a1-a4ad-39e10794103b,,,https://cert.msc.org/supplierdirectory/
49584c66-048e-53c0-8ccd-445207325369,5166,product,third_party_audit,Protected Designation of Origin,2/18/2022,Product holds Protected Designation of Origin status under EU/UK law.,dd2135d9-113f-58a1-a4ad-39e10794103b,,,https://ec.europa.eu/agriculture/eambrosia/geographical-indications-register/
500d7def-3526-5221-88f8-12e8cec1b80e,5167,product,audit_report,Rainforest Alliance,3/3/2022,Product carries Rainforest Alliance certification for sustainable farming practices.,c47f8301-44c2-5e75-b149-baeed168ae7c,,,https://www.rainforest-alliance.org/find-certified/
a6fe6c20-c0ef-53f5-9212-8db490456237,5168,product,audit_report,Rainforest Alliance,4/13/2024,Third-party audit confirms sustainable farming practices at origin.,c47f8301-44c2-5e75-b149-baeed168ae7c,,,https://www.rainforest-alliance.org/find-certified/
6fbe3a16-43e2-531c-82a5-6bbfb8bc94c6,5169,product,certification_directory,The Vegan Society,4/6/2023,Product is registered with the Vegan Society as suitable for vegan consumption.,9ae09c0a-2d7b-5fe7-9a34-9a5e93398967,,,https://www.vegansociety.com/resources/lifestyle/shopping/trademark-search
c73b67c3-b53d-59e5-8f5b-03fe37820b8a,5170,product,supplier_statement,LEAF Marque,9/24/2022,Producer holds LEAF Marque accreditation for sustainable integrated farming.,9ae09c0a-2d7b-5fe7-9a34-9a5e93398967,,,https://leaf.eco/leafmarque
33220353-f689-5a34-8b59-3f5f66728ab5,5171,product,third_party_audit,Aquaculture Stewardship Council,4/9/2024,"Product is ASC certified, meeting responsible aquaculture standards.",20cb986d-59d7-5aa2-9627-a7664103d069,,,https://asc-aqua.org/find-a-product/
2228a1d1-3d21-5802-8056-68dbf495e490,5172,product,supplier_statement,OU Kosher,12/19/2022,Product is certified kosher by the Orthodox Union.,20cb986d-59d7-5aa2-9627-a7664103d069,,,https://oukosher.org/product-search/
f758c997-bdae-5c00-81ae-f2dd09fb02ae,5173,product,certification_directory,NON GMO Project,12/26/2022,Product verified non-GMO by the Non-GMO Project standard.,c8b35ee4-9ebc-5188-8292-b6d7aebb2358,,,https://www.nongmoproject.org/find-non-gmo/
a4ff4353-7c4f-525d-90c8-e3156767ca75,5174,product,third_party_audit,RSPO,10/28/2023,Palm oil ingredients sourced from RSPO-certified sustainable plantations.,6d1d4286-c65a-58b9-ae79-560c210662c2,,,https://rspo.org/search-members/supply-chain-certificate-holders/
4519e50d-9ce2-50ee-8307-2f0c4f1385af,5175,product,third_party_audit,Red Tractor,6/28/2022,Product meets Red Tractor standards for food safety and animal welfare.,6d1d4286-c65a-58b9-ae79-560c210662c2,,,https://checkers.redtractor.org.uk/
7baad5e1-f216-5e36-8183-347ab178a843,5176,product,supplier_statement,Protected Designation of Origin,12/30/2022,Product holds Protected Designation of Origin status under EU/UK law.,6d1d4286-c65a-58b9-ae79-560c210662c2,,,https://ec.europa.eu/agriculture/eambrosia/geographical-indications-register/
bdcdab3a-e074-518b-a68f-f4e4d501c3ba,5177,product,batch_record,UTZ Certified,3/4/2024,Product carries UTZ certification for sustainable commodity sourcing.,107a5329-e4b0-5c80-9dd1-b16990bc3298,,,https://www.rainforest-alliance.org/utz/
a900c444-ca5e-5d84-b728-aaf44ae1f9ff,5178,product,batch_record,OU Kosher,3/22/2022,Product is certified kosher by the Orthodox Union.,107a5329-e4b0-5c80-9dd1-b16990bc3298,,,https://oukosher.org/product-search/
b3447673-e55f-5ac0-806c-6daf1561984a,5179,product,batch_record,RSPO,10/9/2023,Palm oil ingredients sourced from RSPO-certified sustainable plantations.,482639a8-557f-587d-9290-44114fa09e6f,,,https://rspo.org/search-members/supply-chain-certificate-holders/
df6e4246-9bfd-5e7e-82e6-5f9e83a3c667,5180,product,audit_report,Marine Stewardship Council,6/8/2024,Product is MSC certified as sustainably sourced from well-managed fisheries.,482639a8-557f-587d-9290-44114fa09e6f,,,https://cert.msc.org/supplierdirectory/
c2646df9-816b-5337-8369-e80663147bef,5181,product,supplier_statement,UTZ Certified,3/8/2023,Product carries UTZ certification for sustainable commodity sourcing.,a415d0b8-a5eb-525b-9954-cb77d0155c90,,,https://www.rainforest-alliance.org/utz/
4eb1f585-c274-5ba6-a650-125413cf855d,5182,product,certification_directory,RSPO,3/23/2022,Palm oil ingredients sourced from RSPO-certified sustainable plantations.,c8eb4b89-721c-59be-99a0-da4f689e7c7b,,,https://rspo.org/search-members/supply-chain-certificate-holders/
524f0288-b9d7-537f-bed3-045b6f4f450c,5183,product,audit_report,Protected Designation of Origin,12/18/2022,Product holds Protected Designation of Origin status under EU/UK law.,c8eb4b89-721c-59be-99a0-da4f689e7c7b,,,https://ec.europa.eu/agriculture/eambrosia/geographical-indications-register/
ecf0045a-e083-5b3f-b758-386354d288a5,5184,product,audit_report,NON GMO Project,11/18/2022,Product verified non-GMO by the Non-GMO Project standard.,c8eb4b89-721c-59be-99a0-da4f689e7c7b,,,https://www.nongmoproject.org/find-non-gmo/
9e2b3539-3a96-526d-97c6-49d36a8b5ddc,5185,product,supplier_statement,UTZ Certified,9/12/2023,Product carries UTZ certification for sustainable commodity sourcing.,867a2285-6048-5968-91cf-4887f038d89f,,,https://www.rainforest-alliance.org/utz/
ec1e3723-29c4-53a2-8df6-46d96d79bcf0,5186,product,batch_record,Marine Stewardship Council,10/5/2022,Product is MSC certified as sustainably sourced from well-managed fisheries.,867a2285-6048-5968-91cf-4887f038d89f,,,https://cert.msc.org/supplierdirectory/
2f7417a7-0062-5f6b-a6e3-07b1bb6064a1,5187,product,supplier_statement,Carbon Trust,2/5/2024,Product has achieved Carbon Trust carbon neutral certification.,0e90de1f-df13-5b3f-be35-adc8e07918f8,,,https://label.carbontrust.com/search
ee80e360-2f2e-5bf8-bc90-46cb3587123f,5188,product,third_party_audit,LEAF Marque,6/18/2023,Producer holds LEAF Marque accreditation for sustainable integrated farming.,0e90de1f-df13-5b3f-be35-adc8e07918f8,,,https://leaf.eco/leafmarque
c99144c7-53a6-5ed9-9e35-0790b7efb274,5189,product,audit_report,NON GMO Project,5/24/2024,Product verified non-GMO by the Non-GMO Project standard.,72063d8a-7f02-5e04-8499-b2d43ed43b87,,,https://www.nongmoproject.org/find-non-gmo/
5767d06a-407a-5f00-bebe-75c429881a3b,5190,product,certification_directory,Soil Association,5/9/2022,Product is certified organic by the Soil Association under EU organic standards.,72063d8a-7f02-5e04-8499-b2d43ed43b87,,,https://www.soilassociation.org/certification/check-for-organic-certification/organic-certificate-checker/
35d8ae63-183a-5b29-a12f-3c3ea6f9109f,5191,product,certification_directory,Red Tractor,8/4/2022,Product meets Red Tractor standards for food safety and animal welfare.,7782bdb2-0efd-51e0-b6b1-160096f06293,,,https://checkers.redtractor.org.uk/
2f99a8ba-560c-595b-b607-92b17142c90c,5192,product,audit_report,UTZ Certified,2/11/2023,Product carries UTZ certification for sustainable commodity sourcing.,7782bdb2-0efd-51e0-b6b1-160096f06293,,,https://www.rainforest-alliance.org/utz/
cdeb6805-3497-5536-b5bd-64afef3a2ea8,5193,product,certification_directory,Marine Stewardship Council,4/8/2022,Product is MSC certified as sustainably sourced from well-managed fisheries.,7782bdb2-0efd-51e0-b6b1-160096f06293,,,https://cert.msc.org/supplierdirectory/
d05edf30-49e7-54a1-be53-068e14753e9a,5194,product,batch_record,Protected Designation of Origin,7/16/2023,Product holds Protected Designation of Origin status under EU/UK law.,080ced10-c031-522d-abc0-a17d6a7af432,,,https://ec.europa.eu/agriculture/eambrosia/geographical-indications-register/
b31c0813-1a85-54f5-8b5d-31954bb0a3a9,5195,product,batch_record,Fairtrade International,6/21/2023,"Product is certified Fairtrade, ensuring fair prices and working conditions for farmers.",2661b5dc-3eed-5b45-8af8-32d0662f7e9f,,,https://www.fairtrade.net/en/fairtrade-finder.html
c5e9344c-2acd-556b-b137-91d4ae7f6891,5196,product,supplier_statement,Rainforest Alliance,9/25/2023,Product carries Rainforest Alliance certification for sustainable farming practices.,472081f8-1008-5fca-9244-8050ddfdc247,,,https://www.rainforest-alliance.org/find-certified/
82075ca5-7092-5f59-94ee-72dc9033b8fc,5197,product,batch_record,Rainforest Alliance,11/13/2022,Product carries Rainforest Alliance certification for sustainable farming practices.,2f77cf77-4747-5386-87a5-01343c74faf5,,,https://www.rainforest-alliance.org/find-certified/
98d0ec52-5dee-5bca-bb2b-80db574b9a4e,5198,product,supplier_statement,Red Tractor,3/30/2023,Product meets Red Tractor standards for food safety and animal welfare.,f47c867a-6f0e-581c-bbf6-3e985c9f6961,,,https://checkers.redtractor.org.uk/
cc4e242b-ab83-57aa-904c-c266d6bc6b95,5199,product,audit_report,Soil Association,1/30/2022,Product is certified organic by the Soil Association under EU organic standards.,e129caf7-c48d-5ed9-82c9-668409b2bfc7,,,https://www.soilassociation.org/certification/check-for-organic-certification/organic-certificate-checker/
730d0cc0-9cb5-5c55-919c-bfe003be311c,5200,product,certification_directory,Protected Designation of Origin,11/11/2023,Product holds Protected Designation of Origin status under EU/UK law.,e129caf7-c48d-5ed9-82c9-668409b2bfc7,,,https://ec.europa.eu/agriculture/eambrosia/geographical-indications-register/
64b4b6dd-0c8f-579b-8b8e-85ba6addce18,5201,product,supplier_statement,OU Kosher,5/31/2024,Product is certified kosher by the Orthodox Union.,e129caf7-c48d-5ed9-82c9-668409b2bfc7,,,https://oukosher.org/product-search/
4db6699e-bc88-5891-b638-e712d0b35ccb,5202,product,batch_record,LEAF Marque,6/10/2024,Producer holds LEAF Marque accreditation for sustainable integrated farming.,a7aa433e-a714-5598-94bb-045757fc9a0f,,,https://leaf.eco/leafmarque
971bf244-7f43-5340-ba3d-9b726ffefdf3,5203,product,third_party_audit,The Vegan Society,10/6/2022,Product is registered with the Vegan Society as suitable for vegan consumption.,a7aa433e-a714-5598-94bb-045757fc9a0f,,,https://www.vegansociety.com/resources/lifestyle/shopping/trademark-search
0d633e5b-a375-5f8f-bf79-7a827a5692a5,5204,product,third_party_audit,The Vegan Society,7/1/2022,Product is registered with the Vegan Society as suitable for vegan consumption.,ecb4cecc-9db2-5f1d-a540-6172a1e6ffba,,,https://www.vegansociety.com/resources/lifestyle/shopping/trademark-search
6d50357c-077d-5d2e-b7eb-4bb765e4f785,5205,product,third_party_audit,Soil Association,9/4/2023,Product is certified organic by the Soil Association under EU organic standards.,ecb4cecc-9db2-5f1d-a540-6172a1e6ffba,,,https://www.soilassociation.org/certification/check-for-organic-certification/organic-certificate-checker/
f3b910e5-45fb-5fad-a4a9-580f43c9c501,5206,product,batch_record,Rainforest Alliance,10/9/2023,Third-party audit confirms sustainable farming practices at origin.,ecb4cecc-9db2-5f1d-a540-6172a1e6ffba,,,https://www.rainforest-alliance.org/find-certified/
8223a617-80e5-5ce8-af5e-3f649139dacc,5207,product,third_party_audit,UTZ Certified,10/18/2023,Product carries UTZ certification for sustainable commodity sourcing.,448537da-5f45-5cc3-8596-196021f26e57,,,https://www.rainforest-alliance.org/utz/
455f8479-c81e-5df6-87f8-f99582acb820,5208,product,third_party_audit,RSPO,11/14/2022,Palm oil ingredients sourced from RSPO-certified sustainable plantations.,448537da-5f45-5cc3-8596-196021f26e57,,,https://rspo.org/search-members/supply-chain-certificate-holders/
e92b06d1-88e5-5a43-9f6d-4e1e492ac93c,5209,product,supplier_statement,NON GMO Project,5/9/2023,Product verified non-GMO by the Non-GMO Project standard.,448537da-5f45-5cc3-8596-196021f26e57,,,https://www.nongmoproject.org/find-non-gmo/
622db700-7625-54f6-aee5-5905bcec68bc,5210,product,batch_record,Red Tractor,11/12/2022,Product meets Red Tractor standards for food safety and animal welfare.,50d82bef-3fac-55eb-920d-29a7a16e6d90,,,https://checkers.redtractor.org.uk/
3b3235cf-2dea-5a04-a358-d410e4721d36,5211,product,supplier_statement,Carbon Trust,2/27/2023,Product has achieved Carbon Trust carbon neutral certification.,50d82bef-3fac-55eb-920d-29a7a16e6d90,,,https://label.carbontrust.com/search
ddf90dd1-9da9-55d3-8421-c2ea8d24b3f8,5212,product,supplier_statement,Rainforest Alliance,6/9/2022,Product carries Rainforest Alliance certification for sustainable farming practices.,50d82bef-3fac-55eb-920d-29a7a16e6d90,,,https://www.rainforest-alliance.org/find-certified/
01927dd2-474b-5d46-8984-65c3d37184d1,5213,product,third_party_audit,Fairtrade International,4/14/2024,"Product is certified Fairtrade, ensuring fair prices and working conditions for farmers.",f42ea80e-3647-5d1a-afda-4248c0dd7f5e,,,https://www.fairtrade.net/en/fairtrade-finder.html
8f5365ef-47ed-570a-8d17-27e2234c8a1b,5214,product,audit_report,Protected Designation of Origin,12/19/2022,Product holds Protected Designation of Origin status under EU/UK law.,f42ea80e-3647-5d1a-afda-4248c0dd7f5e,,,https://ec.europa.eu/agriculture/eambrosia/geographical-indications-register/
1d754997-578c-5c5c-a747-c07f46a0d0cb,5215,product,certification_directory,The Vegan Society,12/6/2023,Product is registered with the Vegan Society as suitable for vegan consumption.,340c9e77-10e7-5df2-9932-41d6d5bc8841,,,https://www.vegansociety.com/resources/lifestyle/shopping/trademark-search
2c9301a4-ab17-54f2-af32-dd91f8bef54d,5216,product,batch_record,OU Kosher,2/13/2024,Product is certified kosher by the Orthodox Union.,340c9e77-10e7-5df2-9932-41d6d5bc8841,,,https://oukosher.org/product-search/
e3db77ef-481d-5630-84f2-7d256680dfba,5217,product,batch_record,Marine Stewardship Council,3/28/2024,Product is MSC certified as sustainably sourced from well-managed fisheries.,2ea4690a-2fbb-57c1-8c7a-690df8eec1fa,,,https://cert.msc.org/supplierdirectory/
d1dbbcc3-c406-5f59-9fa0-d3c5cec2a53c,5218,product,supplier_statement,Fairtrade International,9/4/2023,"Product is certified Fairtrade, ensuring fair prices and working conditions for farmers.",2ea4690a-2fbb-57c1-8c7a-690df8eec1fa,,,https://www.fairtrade.net/en/fairtrade-finder.html
9434fe35-4ead-5a1a-8a21-1155b03d956d,5219,product,certification_directory,Carbon Trust,7/16/2023,Product has achieved Carbon Trust carbon neutral certification.,ad024d34-41e1-5a3f-8366-2476c88d07e3,,,https://label.carbontrust.com/search
0f5b5141-2407-57e0-a02e-64b051e415b4,5220,product,third_party_audit,Red Tractor,3/24/2023,Product meets Red Tractor standards for food safety and animal welfare.,b86d26ca-e58b-52e7-8465-9d375fd05a7d,,,https://checkers.redtractor.org.uk/
2ebb8570-5524-532d-9a77-5fd0565e534d,5221,product,batch_record,NON GMO Project,9/13/2022,Product verified non-GMO by the Non-GMO Project standard.,b86d26ca-e58b-52e7-8465-9d375fd05a7d,,,https://www.nongmoproject.org/find-non-gmo/
905f38a7-c2f9-5be7-ab6a-877975e81123,5222,product,batch_record,Rainforest Alliance,4/28/2024,Third-party audit confirms sustainable farming practices at origin.,c101b486-f7b4-5e0a-8673-6f7e8be1763f,,,https://www.rainforest-alliance.org/find-certified/
3e694a06-9793-5911-9991-351f6ddeaef8,5223,product,certification_directory,Red Tractor,3/9/2023,Product meets Red Tractor standards for food safety and animal welfare.,265866d8-6951-50f4-969b-7ef2aafab5d2,,,https://checkers.redtractor.org.uk/
8c885405-f50f-5c7e-9ec8-b796e0532818,5224,product,audit_report,Marine Stewardship Council,6/14/2023,Product is MSC certified as sustainably sourced from well-managed fisheries.,265866d8-6951-50f4-969b-7ef2aafab5d2,,,https://cert.msc.org/supplierdirectory/
3fadf351-957e-58e8-a696-6785f3b16beb,5225,product,supplier_statement,Carbon Trust,10/19/2022,Product has achieved Carbon Trust carbon neutral certification.,0aec4ca7-2c3a-520b-a6d1-61e60dee18af,,,https://label.carbontrust.com/search
ae1466b4-eaf7-53fa-8b54-644990179f6d,5226,product,third_party_audit,Rainforest Alliance,4/8/2024,Third-party audit confirms sustainable farming practices at origin.,0aec4ca7-2c3a-520b-a6d1-61e60dee18af,,,https://www.rainforest-alliance.org/find-certified/
3b58e2df-5842-5fd0-a555-7545b044f92b,5227,product,supplier_statement,UTZ Certified,2/27/2023,Product carries UTZ certification for sustainable commodity sourcing.,0aec4ca7-2c3a-520b-a6d1-61e60dee18af,,,https://www.rainforest-alliance.org/utz/
1af4aa9b-e4c7-5ddf-af24-e8f74b574a13,5228,product,certification_directory,LEAF Marque,7/6/2022,Producer holds LEAF Marque accreditation for sustainable integrated farming.,df94297b-b723-533b-8d4d-a300d457e1e7,,,https://leaf.eco/leafmarque
803c5849-a94f-5aba-a89d-1591e0ca07bf,5229,product,certification_directory,Marine Stewardship Council,10/15/2023,Product is MSC certified as sustainably sourced from well-managed fisheries.,14554e14-0bf2-52b2-8a2f-b43b1f8cc601,,,https://cert.msc.org/supplierdirectory/
2e421b0d-a1b7-55e1-b959-fe2440de8252,5230,product,supplier_statement,RSPO,12/19/2023,Palm oil ingredients sourced from RSPO-certified sustainable plantations.,5dc324d9-1a77-53f2-8766-a78cc1080f3b,,,https://rspo.org/search-members/supply-chain-certificate-holders/
630ee34e-b048-5b65-9687-d04b7f6d8d8b,5231,product,third_party_audit,The Vegan Society,5/19/2023,Product is registered with the Vegan Society as suitable for vegan consumption.,5dc324d9-1a77-53f2-8766-a78cc1080f3b,,,https://www.vegansociety.com/resources/lifestyle/shopping/trademark-search
cde5eb4d-aa86-55ec-ad41-09a016cd2e6f,5232,product,certification_directory,Aquaculture Stewardship Council,6/5/2022,"Product is ASC certified, meeting responsible aquaculture standards.",4bbfedd5-3263-5bbc-93d3-4fd2a7435868,,,https://asc-aqua.org/find-a-product/
3ffffbed-a334-598e-80b4-4f3c3f8519e7,5233,product,certification_directory,OU Kosher,7/10/2022,Product is certified kosher by the Orthodox Union.,8cf25d77-5347-5151-b28b-3ace9d82d1da,,,https://oukosher.org/product-search/
e7624f44-8413-5ddb-8022-07c347cf09e5,5234,product,supplier_statement,Marine Stewardship Council,5/9/2022,Product is MSC certified as sustainably sourced from well-managed fisheries.,559ee91e-6f54-545f-80a3-0dccdd74a4ac,,,https://cert.msc.org/supplierdirectory/
a5097d89-827b-530b-8b5f-1ba0d354df59,5235,product,audit_report,The Vegan Society,4/3/2022,Product is registered with the Vegan Society as suitable for vegan consumption.,0da944df-e775-5690-8d65-9d5b4a06f692,,,https://www.vegansociety.com/resources/lifestyle/shopping/trademark-search
ce5f1e67-c99c-5f5e-99b7-b9a55a64e4c3,5236,product,audit_report,Rainforest Alliance,1/16/2022,Third-party audit confirms sustainable farming practices at origin.,0da944df-e775-5690-8d65-9d5b4a06f692,,,https://www.rainforest-alliance.org/find-certified/
285388eb-5198-5a54-8878-544c825a0d0b,5237,product,batch_record,Fairtrade International,8/11/2022,"Product is certified Fairtrade, ensuring fair prices and working conditions for farmers.",0da944df-e775-5690-8d65-9d5b4a06f692,,,https://www.fairtrade.net/en/fairtrade-finder.html
1fee0759-710d-5755-8508-6abc7dd899c1,5238,product,batch_record,NON GMO Project,1/16/2023,Product verified non-GMO by the Non-GMO Project standard.,5e8d8c92-b0c9-5e4f-9f6a-594314470d7b,,,https://www.nongmoproject.org/find-non-gmo/
14897e3d-8a16-5c04-8b08-8effc90bfa7c,5239,product,batch_record,Marine Stewardship Council,12/15/2023,Product is MSC certified as sustainably sourced from well-managed fisheries.,5e8d8c92-b0c9-5e4f-9f6a-594314470d7b,,,https://cert.msc.org/supplierdirectory/
fefda49d-1ec8-54e7-9fe5-4ab50310b1be,5240,product,certification_directory,Aquaculture Stewardship Council,5/13/2024,"Product is ASC certified, meeting responsible aquaculture standards.",bf82b2c1-a10d-5cdf-b5e1-8bfc0c7c61bc,,,https://asc-aqua.org/find-a-product/
1636f487-6570-588f-a527-a3e474e1785c,5241,product,supplier_statement,Fairtrade International,3/5/2024,"Product is certified Fairtrade, ensuring fair prices and working conditions for farmers.",216225f1-dfa8-57d8-992b-749e520a8f15,,,https://www.fairtrade.net/en/fairtrade-finder.html
ee6de81f-68dc-5d51-b989-30de36f3b71e,5242,product,batch_record,Rainforest Alliance,7/5/2022,Product carries Rainforest Alliance certification for sustainable farming practices.,a8c2cdac-500f-5981-a66e-efc81ddff902,,,https://www.rainforest-alliance.org/find-certified/
c9bfbead-6f3d-5a08-a341-cd6f0ef63690,5243,product,audit_report,OU Kosher,5/11/2024,Product is certified kosher by the Orthodox Union.,a8c2cdac-500f-5981-a66e-efc81ddff902,,,https://oukosher.org/product-search/
65028ffa-e099-5319-8894-5de75df6cce6,5244,product,certification_directory,LEAF Marque,5/5/2022,Producer holds LEAF Marque accreditation for sustainable integrated farming.,deaf42fe-4493-586a-ba05-7e91a243f63c,,,https://leaf.eco/leafmarque
7edbe276-1de0-5a02-8931-7786656ef9b1,5245,product,audit_report,NON GMO Project,1/30/2023,Product verified non-GMO by the Non-GMO Project standard.,deaf42fe-4493-586a-ba05-7e91a243f63c,,,https://www.nongmoproject.org/find-non-gmo/
2b449279-051e-5aa2-a3bf-a1d4ed68846b,5246,product,certification_directory,Red Tractor,7/23/2022,Product meets Red Tractor standards for food safety and animal welfare.,23d14860-9498-56ee-9d50-ddc213ddecf4,,,https://checkers.redtractor.org.uk/
0661fffd-7a38-5d9f-83ca-e76715ba5b65,5247,product,batch_record,Rainforest Alliance,1/23/2024,Third-party audit confirms sustainable farming practices at origin.,23d14860-9498-56ee-9d50-ddc213ddecf4,,,https://www.rainforest-alliance.org/find-certified/
8233d0a6-164c-5e4b-a055-c1bd24d75602,5248,product,audit_report,OU Kosher,4/30/2023,Product is certified kosher by the Orthodox Union.,321d492e-6a36-5514-bd67-4711dd77c146,,,https://oukosher.org/product-search/
1d33bfab-eeb2-5f7d-ba84-fb3732654742,5249,product,supplier_statement,UTZ Certified,6/12/2022,Product carries UTZ certification for sustainable commodity sourcing.,5670277e-dd9c-52e0-b304-7aeb6bdfac17,,,https://www.rainforest-alliance.org/utz/
d769f9c4-9cc8-5ea3-b4ad-9132299a9508,5250,product,certification_directory,Marine Stewardship Council,2/2/2024,Product is MSC certified as sustainably sourced from well-managed fisheries.,5670277e-dd9c-52e0-b304-7aeb6bdfac17,,,https://cert.msc.org/supplierdirectory/
496493ac-46c3-5dd6-9051-4023a66023de,5251,product,batch_record,OU Kosher,10/16/2023,Product is certified kosher by the Orthodox Union.,b1be0a9f-cbb7-55eb-9ef4-7269f8e69eca,,,https://oukosher.org/product-search/
de7c0059-f449-5236-92f7-d02957590e66,5252,product,supplier_statement,Rainforest Alliance,7/23/2022,Product carries Rainforest Alliance certification for sustainable farming practices.,b1be0a9f-cbb7-55eb-9ef4-7269f8e69eca,,,https://www.rainforest-alliance.org/find-certified/
581d1cef-6bd6-5805-a44e-5d966d649046,5253,product,supplier_statement,Marine Stewardship Council,2/23/2022,Product is MSC certified as sustainably sourced from well-managed fisheries.,b1be0a9f-cbb7-55eb-9ef4-7269f8e69eca,,,https://cert.msc.org/supplierdirectory/
2cad4f23-15c5-511c-8601-a9eea8068a31,5254,product,batch_record,Red Tractor,11/29/2022,Product meets Red Tractor standards for food safety and animal welfare.,50a87220-7919-574f-9a72-693a53d24c06,,,https://checkers.redtractor.org.uk/
94da7b7a-28be-5297-a5c9-0377513fff49,5255,product,certification_directory,Rainforest Alliance,6/21/2022,Product carries Rainforest Alliance certification for sustainable farming practices.,50a87220-7919-574f-9a72-693a53d24c06,,,https://www.rainforest-alliance.org/find-certified/
c2fda779-d5ed-5ae7-880a-b34f60838f71,5256,product,supplier_statement,Protected Designation of Origin,8/22/2023,Product holds Protected Designation of Origin status under EU/UK law.,50a87220-7919-574f-9a72-693a53d24c06,,,https://ec.europa.eu/agriculture/eambrosia/geographical-indications-register/
4544917f-43c0-5736-8973-fbfd0febcd9a,5257,product,audit_report,NON GMO Project,1/10/2022,Product verified non-GMO by the Non-GMO Project standard.,9c6906d1-b977-5686-8553-6e0da2d1cfff,,,https://www.nongmoproject.org/find-non-gmo/
17c63e01-368d-5e76-a7d0-3974875d88fa,5258,product,batch_record,RSPO,12/6/2023,Palm oil ingredients sourced from RSPO-certified sustainable plantations.,5942796e-186e-5121-b613-138f5f460455,,,https://rspo.org/search-members/supply-chain-certificate-holders/
2eac4a13-ef1f-5ef0-a4c1-9cf11e42f499,5259,product,certification_directory,Soil Association,9/12/2022,Product is certified organic by the Soil Association under EU organic standards.,65c3c1dc-aa9f-57e6-a305-9e4854ac6deb,,,https://www.soilassociation.org/certification/check-for-organic-certification/organic-certificate-checker/
5ad755ed-6afd-59b0-9c45-07760bf843f4,5260,product,audit_report,Aquaculture Stewardship Council,5/27/2023,"Product is ASC certified, meeting responsible aquaculture standards.",65c3c1dc-aa9f-57e6-a305-9e4854ac6deb,,,https://asc-aqua.org/find-a-product/
1dade45b-ea52-58d7-988d-3f35652f459a,5261,product,certification_directory,Carbon Trust,12/4/2023,Product has achieved Carbon Trust carbon neutral certification.,65c3c1dc-aa9f-57e6-a305-9e4854ac6deb,,,https://label.carbontrust.com/search
52b68838-0a28-5b03-9cc5-556f5a021415,5262,product,certification_directory,Aquaculture Stewardship Council,3/3/2022,"Product is ASC certified, meeting responsible aquaculture standards.",d2dea250-c2c1-5d51-bf16-b3e569ba23ae,,,https://asc-aqua.org/find-a-product/
5e7e50af-331d-565c-88c3-d6914c85ae3b,5263,product,supplier_statement,Carbon Trust,10/23/2023,Product has achieved Carbon Trust carbon neutral certification.,d2dea250-c2c1-5d51-bf16-b3e569ba23ae,,,https://label.carbontrust.com/search
57b6d0eb-c40c-5e91-ba13-2f4ebbac4d11,5264,product,audit_report,UTZ Certified,12/20/2023,Product carries UTZ certification for sustainable commodity sourcing.,d2dea250-c2c1-5d51-bf16-b3e569ba23ae,,,https://www.rainforest-alliance.org/utz/
08c62d2d-2871-507f-9e94-0aa0c574d603,5265,product,batch_record,Carbon Trust,8/27/2022,Product has achieved Carbon Trust carbon neutral certification.,6c9acb95-28b1-53f3-b194-b8503c0ba19f,,,https://label.carbontrust.com/search
3b6fb7d9-9f05-53d9-8c67-ae974ac0454d,5266,product,supplier_statement,Rainforest Alliance,7/26/2023,Product carries Rainforest Alliance certification for sustainable farming practices.,6c9acb95-28b1-53f3-b194-b8503c0ba19f,,,https://www.rainforest-alliance.org/find-certified/
dfa0cc60-e86a-50e4-ba54-f31019d8f491,5267,product,supplier_statement,Soil Association,4/4/2024,Product is certified organic by the Soil Association under EU organic standards.,6c9acb95-28b1-53f3-b194-b8503c0ba19f,,,https://www.soilassociation.org/certification/check-for-organic-certification/organic-certificate-checker/
e88aad8f-b5b7-5e3a-9278-03b3cd71bd3d,5268,product,certification_directory,Rainforest Alliance,12/7/2023,Third-party audit confirms sustainable farming practices at origin.,68e79028-d138-5f55-a3f2-188d2ea586ba,,,https://www.rainforest-alliance.org/find-certified/
168e0ce7-f835-559b-8b84-dfaf3a8db3ff,5269,product,batch_record,Red Tractor,1/2/2023,Product meets Red Tractor standards for food safety and animal welfare.,68e79028-d138-5f55-a3f2-188d2ea586ba,,,https://checkers.redtractor.org.uk/
382a1933-6170-5c0f-bd79-7f34fb9f3982,5270,product,batch_record,Soil Association,12/25/2023,Product is certified organic by the Soil Association under EU organic standards.,9cdc0108-54a9-5e98-8980-ca34fa401b18,,,https://www.soilassociation.org/certification/check-for-organic-certification/organic-certificate-checker/
4c1dfb1e-680a-5b94-95ef-d8784df066d1,5271,product,batch_record,Marine Stewardship Council,7/27/2023,Product is MSC certified as sustainably sourced from well-managed fisheries.,9cdc0108-54a9-5e98-8980-ca34fa401b18,,,https://cert.msc.org/supplierdirectory/
ca5327d0-b54c-524b-ad9c-f6f0356f1d3d,5272,product,supplier_statement,Fairtrade International,7/10/2023,"Product is certified Fairtrade, ensuring fair prices and working conditions for farmers.",9cdc0108-54a9-5e98-8980-ca34fa401b18,,,https://www.fairtrade.net/en/fairtrade-finder.html
eb8d5bb6-df79-5bcb-b098-6e061795ee69,5273,product,audit_report,The Vegan Society,7/11/2023,Product is registered with the Vegan Society as suitable for vegan consumption.,238f9786-60be-5e59-b49c-7bba051bd340,,,https://www.vegansociety.com/resources/lifestyle/shopping/trademark-search
b0777890-dcbf-56da-a107-00c51883758d,5274,product,supplier_statement,Red Tractor,11/28/2022,Product meets Red Tractor standards for food safety and animal welfare.,238f9786-60be-5e59-b49c-7bba051bd340,,,https://checkers.redtractor.org.uk/
8432283c-ad4e-57ec-9a99-ba14393ff2b5,5275,product,batch_record,RSPO,10/9/2022,Palm oil ingredients sourced from RSPO-certified sustainable plantations.,238f9786-60be-5e59-b49c-7bba051bd340,,,https://rspo.org/search-members/supply-chain-certificate-holders/
7641f526-2ac8-52e4-b328-8f28123645c7,5276,product,audit_report,Protected Designation of Origin,3/12/2022,Product holds Protected Designation of Origin status under EU/UK law.,f57916fa-004f-5d6d-bfcd-88ab37231edc,,,https://ec.europa.eu/agriculture/eambrosia/geographical-indications-register/
adcd0ff6-7f30-5cf9-8c2b-51455c9ca991,5277,product,third_party_audit,LEAF Marque,6/8/2022,Producer holds LEAF Marque accreditation for sustainable integrated farming.,f57916fa-004f-5d6d-bfcd-88ab37231edc,,,https://leaf.eco/leafmarque
4b7be0fa-43e3-53dc-a54b-55f0784e977e,5278,product,batch_record,OU Kosher,10/30/2022,Product is certified kosher by the Orthodox Union.,f57916fa-004f-5d6d-bfcd-88ab37231edc,,,https://oukosher.org/product-search/
936a092b-4049-53ae-b9b3-392271bb6604,5279,product,batch_record,OU Kosher,1/1/2022,Product is certified kosher by the Orthodox Union.,78cca17a-9ab9-5129-955e-1d1868f9d867,,,https://oukosher.org/product-search/
9048fb4b-30fb-570f-95a0-06513bbc6384,5280,product,third_party_audit,Aquaculture Stewardship Council,1/24/2023,"Product is ASC certified, meeting responsible aquaculture standards.",78cca17a-9ab9-5129-955e-1d1868f9d867,,,https://asc-aqua.org/find-a-product/
47992c1f-084a-5359-9f36-b6ff66a7f2a9,5281,product,supplier_statement,Soil Association,3/5/2024,Product is certified organic by the Soil Association under EU organic standards.,daefd259-0dfc-5ab6-9b19-2b863f838aef,,,https://www.soilassociation.org/certification/check-for-organic-certification/organic-certificate-checker/
0e2e2b6c-bfa4-533d-9ee0-fbdf7d952ed3,5282,product,third_party_audit,Fairtrade International,9/2/2022,"Product is certified Fairtrade, ensuring fair prices and working conditions for farmers.",daefd259-0dfc-5ab6-9b19-2b863f838aef,,,https://www.fairtrade.net/en/fairtrade-finder.html
8d38090c-e284-5f19-9fbe-941c0eca39b5,5283,product,supplier_statement,RSPO,1/9/2024,Palm oil ingredients sourced from RSPO-certified sustainable plantations.,daefd259-0dfc-5ab6-9b19-2b863f838aef,,,https://rspo.org/search-members/supply-chain-certificate-holders/
d6740ece-7b0e-54b7-97ce-d68818157f24,5284,product,third_party_audit,UTZ Certified,4/18/2024,Product carries UTZ certification for sustainable commodity sourcing.,8f43030d-42c5-5c6e-a9d5-00e93037a0aa,,,https://www.rainforest-alliance.org/utz/
e82c63d9-cd9d-5d1d-a180-062e049bbb92,5285,product,batch_record,Red Tractor,2/24/2024,Product meets Red Tractor standards for food safety and animal welfare.,5bf6eee8-0fc0-541d-ad9c-d0aa3bc7a6d8,,,https://checkers.redtractor.org.uk/
17c58cd0-204b-52cc-8204-8afe3949cd49,5286,product,third_party_audit,OU Kosher,6/7/2022,Product is certified kosher by the Orthodox Union.,5bf6eee8-0fc0-541d-ad9c-d0aa3bc7a6d8,,,https://oukosher.org/product-search/
4d7f6355-29e5-5093-8a74-d91b815d2e77,5287,product,supplier_statement,Marine Stewardship Council,4/24/2022,Product is MSC certified as sustainably sourced from well-managed fisheries.,57d8a259-e736-5422-b74e-287108555535,,,https://cert.msc.org/supplierdirectory/
74940194-ad6c-5e40-aa62-7d9151094c5e,5288,product,certification_directory,Aquaculture Stewardship Council,6/20/2023,"Product is ASC certified, meeting responsible aquaculture standards.",57d8a259-e736-5422-b74e-287108555535,,,https://asc-aqua.org/find-a-product/
4748d2d0-07f4-5bfb-b938-0b57413406b6,5289,product,certification_directory,NON GMO Project,2/14/2022,Product verified non-GMO by the Non-GMO Project standard.,57d8a259-e736-5422-b74e-287108555535,,,https://www.nongmoproject.org/find-non-gmo/
064760ad-4af4-536b-a9c0-71de43c010f0,5290,product,certification_directory,Soil Association,7/26/2022,Product is certified organic by the Soil Association under EU organic standards.,8526487d-c22e-5a63-a39f-735285f2ae0b,,,https://www.soilassociation.org/certification/check-for-organic-certification/organic-certificate-checker/
0d5bed5f-da3d-530f-933e-3cfe79e8b788,5291,product,audit_report,The Vegan Society,4/12/2022,Product is registered with the Vegan Society as suitable for vegan consumption.,add817e0-489e-5f55-9bf6-c4c6b2307834,,,https://www.vegansociety.com/resources/lifestyle/shopping/trademark-search
37bec1db-7a0b-5e69-86a6-865394a94ef9,5292,product,batch_record,RSPO,11/5/2023,Palm oil ingredients sourced from RSPO-certified sustainable plantations.,ce9d2b2c-f82a-5271-a442-d26b778a8367,,,https://rspo.org/search-members/supply-chain-certificate-holders/
b0ec7387-2f7c-5faa-852d-98a036ed70a7,5293,product,third_party_audit,OU Kosher,9/20/2022,Product is certified kosher by the Orthodox Union.,a008d049-0022-5eb6-94b2-ba335a463f1d,,,https://oukosher.org/product-search/
ae0145ac-a713-55c2-9f6d-f29071783926,5294,product,certification_directory,RSPO,1/11/2023,Palm oil ingredients sourced from RSPO-certified sustainable plantations.,a008d049-0022-5eb6-94b2-ba335a463f1d,,,https://rspo.org/search-members/supply-chain-certificate-holders/
77c9d417-c005-59ea-bcc3-85cae3436896,5295,product,certification_directory,RSPO,1/14/2022,Palm oil ingredients sourced from RSPO-certified sustainable plantations.,00066904-c12e-522e-abc6-ea4923c12812,,,https://rspo.org/search-members/supply-chain-certificate-holders/
ec0fa2b1-6697-5234-b9b2-16d8a0b9f700,5296,product,batch_record,UTZ Certified,5/2/2024,Product carries UTZ certification for sustainable commodity sourcing.,8e9fb637-abed-535e-9a95-737f7d74857c,,,https://www.rainforest-alliance.org/utz/
f8152022-82fa-5901-9f4b-2333adcbfa21,5297,product,certification_directory,The Vegan Society,1/5/2023,Product is registered with the Vegan Society as suitable for vegan consumption.,cc00b4f5-2b50-54e1-bfb7-1f172cd95b0b,,,https://www.vegansociety.com/resources/lifestyle/shopping/trademark-search
2c731c6c-d3b9-51b9-aecf-cf5bf0ecb0ba,5298,product,certification_directory,Rainforest Alliance,4/23/2024,Third-party audit confirms sustainable farming practices at origin.,fc467a3c-f8e1-5435-b03b-49cf18085608,,,https://www.rainforest-alliance.org/find-certified/
1307ef24-0a68-5dcc-805e-f387510cbdba,5299,product,third_party_audit,NON GMO Project,9/30/2022,Product verified non-GMO by the Non-GMO Project standard.,fc467a3c-f8e1-5435-b03b-49cf18085608,,,https://www.nongmoproject.org/find-non-gmo/
52c2a99f-e7cc-5f2b-963a-1e80d783d688,5300,product,third_party_audit,Aquaculture Stewardship Council,2/11/2022,"Product is ASC certified, meeting responsible aquaculture standards.",fc467a3c-f8e1-5435-b03b-49cf18085608,,,https://asc-aqua.org/find-a-product/
ff7a1efb-5612-53e7-956c-ee0a62c44ff1,5301,product,certification_directory,Rainforest Alliance,8/10/2022,Product carries Rainforest Alliance certification for sustainable farming practices.,df5bab7d-9b81-53af-95e7-63104c4e3c9d,,,https://www.rainforest-alliance.org/find-certified/
bd85410f-67d9-523a-9217-87d84cc10361,5302,product,third_party_audit,LEAF Marque,4/10/2022,Producer holds LEAF Marque accreditation for sustainable integrated farming.,df5bab7d-9b81-53af-95e7-63104c4e3c9d,,,https://leaf.eco/leafmarque
8a083168-60bd-56a4-9f34-13deb96c8f93,5303,product,certification_directory,Marine Stewardship Council,1/13/2024,Product is MSC certified as sustainably sourced from well-managed fisheries.,df5bab7d-9b81-53af-95e7-63104c4e3c9d,,,https://cert.msc.org/supplierdirectory/
56b65d38-ac44-526a-847b-952356a28a38,5304,product,batch_record,OU Kosher,7/14/2022,Product is certified kosher by the Orthodox Union.,9eb71497-6b25-5dfc-aa74-055800dd1628,,,https://oukosher.org/product-search/
1fc0a503-f2e3-5b3d-a0c5-b2bad769a5ef,5305,product,audit_report,OU Kosher,8/7/2023,Product is certified kosher by the Orthodox Union.,cbc7173f-3b0f-5842-86c4-aaf746874c41,,,https://oukosher.org/product-search/
bf88b7e2-30bc-569b-954d-e6e398d0a20b,5306,product,third_party_audit,Soil Association,3/2/2023,Product is certified organic by the Soil Association under EU organic standards.,3bf43943-ff79-56c0-808d-e1af804c213a,,,https://www.soilassociation.org/certification/check-for-organic-certification/organic-certificate-checker/
4aa5fe10-b20e-5d25-9aab-d8d588eda551,5307,product,certification_directory,OU Kosher,2/24/2024,Product is certified kosher by the Orthodox Union.,3bf43943-ff79-56c0-808d-e1af804c213a,,,https://oukosher.org/product-search/
13f63779-a822-5a33-bcd7-8751d13d218e,5308,product,third_party_audit,Rainforest Alliance,1/2/2023,Third-party audit confirms sustainable farming practices at origin.,3bf43943-ff79-56c0-808d-e1af804c213a,,,https://www.rainforest-alliance.org/find-certified/
9d820e4b-346c-56d5-8b81-d9c132739227,5309,product,batch_record,The Vegan Society,4/17/2022,Product is registered with the Vegan Society as suitable for vegan consumption.,a5811059-b98c-5ea3-915e-0f4de62bd06f,,,https://www.vegansociety.com/resources/lifestyle/shopping/trademark-search
05de4c78-7226-5431-8cc2-a1950d948ffd,5310,product,audit_report,Rainforest Alliance,3/22/2024,Third-party audit confirms sustainable farming practices at origin.,a5811059-b98c-5ea3-915e-0f4de62bd06f,,,https://www.rainforest-alliance.org/find-certified/
abb34370-f478-5ed9-9e1d-5bbe8d05e826,5311,product,audit_report,UTZ Certified,7/18/2023,Product carries UTZ certification for sustainable commodity sourcing.,a5811059-b98c-5ea3-915e-0f4de62bd06f,,,https://www.rainforest-alliance.org/utz/
5b276600-4fa2-5cca-9ae0-009c08d824b3,5312,product,audit_report,OU Kosher,7/1/2023,Product is certified kosher by the Orthodox Union.,337fb2aa-602b-5b5e-87ab-5263110ae294,,,https://oukosher.org/product-search/
bf97c212-0add-5356-96aa-3c24416d83ae,5313,product,third_party_audit,Aquaculture Stewardship Council,3/30/2023,"Product is ASC certified, meeting responsible aquaculture standards.",337fb2aa-602b-5b5e-87ab-5263110ae294,,,https://asc-aqua.org/find-a-product/
191079be-8b33-59af-b7b6-d552a8f12c91,5314,product,third_party_audit,Protected Designation of Origin,11/29/2022,Product holds Protected Designation of Origin status under EU/UK law.,6fbdf50e-b87e-566d-90fa-6d75f909f086,,,https://ec.europa.eu/agriculture/eambrosia/geographical-indications-register/
63a056ea-8bb7-5c37-8587-973a45cf68ce,5315,product,supplier_statement,Aquaculture Stewardship Council,2/27/2023,"Product is ASC certified, meeting responsible aquaculture standards.",6fbdf50e-b87e-566d-90fa-6d75f909f086,,,https://asc-aqua.org/find-a-product/
c1c0052d-dbbf-5b8c-912c-7808566afec7,5316,product,supplier_statement,NON GMO Project,9/16/2023,Product verified non-GMO by the Non-GMO Project standard.,7c6079a0-b304-5cbe-bd32-e7e9dc51ca9b,,,https://www.nongmoproject.org/find-non-gmo/
606260aa-7764-513f-9998-a3b846e67a61,5317,product,audit_report,LEAF Marque,7/31/2023,Producer holds LEAF Marque accreditation for sustainable integrated farming.,7c6079a0-b304-5cbe-bd32-e7e9dc51ca9b,,,https://leaf.eco/leafmarque
0ff40539-fa9f-5656-8a59-febe70653a8e,5318,product,third_party_audit,Rainforest Alliance,8/8/2022,Third-party audit confirms sustainable farming practices at origin.,7c6079a0-b304-5cbe-bd32-e7e9dc51ca9b,,,https://www.rainforest-alliance.org/find-certified/
6bd536f0-efd4-5db9-85bd-76d3022cbeed,5319,product,supplier_statement,Carbon Trust,1/4/2023,Product has achieved Carbon Trust carbon neutral certification.,6e9bf19a-12bc-5535-88eb-c522244ccac3,,,https://label.carbontrust.com/search
bd5278a3-0649-5dd4-a2c2-7f496c245f14,5320,product,batch_record,OU Kosher,4/4/2023,Product is certified kosher by the Orthodox Union.,6e9bf19a-12bc-5535-88eb-c522244ccac3,,,https://oukosher.org/product-search/
cf0a74c0-9589-57d1-9f1b-267bf4ab8133,5321,product,certification_directory,Fairtrade International,10/19/2022,"Product is certified Fairtrade, ensuring fair prices and working conditions for farmers.",43e656ab-c84d-5755-83d6-1a9b1b51a6a1,,,https://www.fairtrade.net/en/fairtrade-finder.html
bf78dbc6-1fda-5f6c-891b-7e03a3d3113a,5322,product,third_party_audit,Rainforest Alliance,1/17/2022,Third-party audit confirms sustainable farming practices at origin.,43e656ab-c84d-5755-83d6-1a9b1b51a6a1,,,https://www.rainforest-alliance.org/find-certified/
62d731ce-58c6-5642-8fdb-363840398894,5323,product,supplier_statement,Soil Association,8/16/2022,Product is certified organic by the Soil Association under EU organic standards.,b7f8e0dd-f4a5-5797-b7d6-cafe7e3d3f3a,,,https://www.soilassociation.org/certification/check-for-organic-certification/organic-certificate-checker/
36927f8b-da0c-5518-8b68-57e64dc9e781,5324,product,audit_report,Marine Stewardship Council,5/26/2024,Product is MSC certified as sustainably sourced from well-managed fisheries.,b7f8e0dd-f4a5-5797-b7d6-cafe7e3d3f3a,,,https://cert.msc.org/supplierdirectory/
9c473d0b-ceac-5b77-a7d3-ae2c2f3abead,5325,product,supplier_statement,Fairtrade International,1/23/2022,"Product is certified Fairtrade, ensuring fair prices and working conditions for farmers.",b7f8e0dd-f4a5-5797-b7d6-cafe7e3d3f3a,,,https://www.fairtrade.net/en/fairtrade-finder.html
eecc9347-3e43-556f-9d38-0c27273af7e9,5326,product,third_party_audit,LEAF Marque,7/24/2023,Producer holds LEAF Marque accreditation for sustainable integrated farming.,e598cf68-e7e8-59e9-9c1d-21726f0202d5,,,https://leaf.eco/leafmarque
3b7c0893-9974-5f2a-988e-df812fee2a87,5327,product,third_party_audit,Marine Stewardship Council,8/9/2023,Product is MSC certified as sustainably sourced from well-managed fisheries.,e598cf68-e7e8-59e9-9c1d-21726f0202d5,,,https://cert.msc.org/supplierdirectory/
e0e12008-e29f-5ea0-bba2-571d011d18f6,5328,product,audit_report,OU Kosher,4/7/2022,Product is certified kosher by the Orthodox Union.,e598cf68-e7e8-59e9-9c1d-21726f0202d5,,,https://oukosher.org/product-search/
f8516142-b127-5f23-a042-fc59a31586b8,5329,product,supplier_statement,The Vegan Society,6/9/2022,Product is registered with the Vegan Society as suitable for vegan consumption.,4163e17b-b9ae-56ea-805d-7ab88aa8190d,,,https://www.vegansociety.com/resources/lifestyle/shopping/trademark-search
046becb5-2b6a-51ca-a9f1-1dd8ef817377,5330,product,supplier_statement,Marine Stewardship Council,8/20/2023,Product is MSC certified as sustainably sourced from well-managed fisheries.,437a1793-278e-58f9-901e-e03cf882cf5d,,,https://cert.msc.org/supplierdirectory/
d57eac21-e047-5731-bb0d-f47540ae6918,5331,product,supplier_statement,Red Tractor,4/10/2024,Product meets Red Tractor standards for food safety and animal welfare.,b153e43e-0be1-5895-a5ff-e560c42f0d0d,,,https://checkers.redtractor.org.uk/
19653e75-d803-5280-b358-30f0fafcd230,5332,product,batch_record,Rainforest Alliance,8/6/2023,Product carries Rainforest Alliance certification for sustainable farming practices.,23b3528d-da5b-5ac6-900f-19d9417942c6,,,https://www.rainforest-alliance.org/find-certified/
48338fce-40d7-5371-b6ae-e3505e140536,5333,product,audit_report,RSPO,1/22/2024,Palm oil ingredients sourced from RSPO-certified sustainable plantations.,23b3528d-da5b-5ac6-900f-19d9417942c6,,,https://rspo.org/search-members/supply-chain-certificate-holders/
ae039913-3dda-5926-98b5-c0293a19b851,5334,product,supplier_statement,Rainforest Alliance,3/22/2024,Third-party audit confirms sustainable farming practices at origin.,dfd05a0c-7059-598a-860a-9310484969b5,,,https://www.rainforest-alliance.org/find-certified/
fe2495c7-4afd-53dd-bc7d-b5190c2c0c9f,5335,product,third_party_audit,Soil Association,4/19/2024,Product is certified organic by the Soil Association under EU organic standards.,cfd9a04f-03d4-5017-b109-964981444242,,,https://www.soilassociation.org/certification/check-for-organic-certification/organic-certificate-checker/
0f4498ae-3db6-50a2-ae43-15aadac2a3a1,5336,product,certification_directory,The Vegan Society,9/2/2023,Product is registered with the Vegan Society as suitable for vegan consumption.,cfd9a04f-03d4-5017-b109-964981444242,,,https://www.vegansociety.com/resources/lifestyle/shopping/trademark-search
a544fcfb-57b8-59dd-b1f8-8b93970f49bd,5337,product,third_party_audit,Marine Stewardship Council,1/26/2023,Product is MSC certified as sustainably sourced from well-managed fisheries.,f3ccab7d-fdc3-5cdf-a798-59db2bb07faf,,,https://cert.msc.org/supplierdirectory/
09ed6785-c004-54b2-bae1-c6f433aeacd0,5338,product,certification_directory,Fairtrade International,3/9/2024,"Product is certified Fairtrade, ensuring fair prices and working conditions for farmers.",f3ccab7d-fdc3-5cdf-a798-59db2bb07faf,,,https://www.fairtrade.net/en/fairtrade-finder.html
6a975873-b096-5ae0-8e10-1ffa948c6d52,5339,product,certification_directory,Rainforest Alliance,2/29/2024,Third-party audit confirms sustainable farming practices at origin.,f3ccab7d-fdc3-5cdf-a798-59db2bb07faf,,,https://www.rainforest-alliance.org/find-certified/
f59ce370-2e15-552c-8536-5ee1f9324eff,5340,product,batch_record,Aquaculture Stewardship Council,3/3/2023,"Product is ASC certified, meeting responsible aquaculture standards.",cc054131-2580-5efb-8b52-935dc5607339,,,https://asc-aqua.org/find-a-product/
03d9e959-fc38-5dae-938e-89bba56eb568,5341,product,certification_directory,LEAF Marque,6/9/2024,Producer holds LEAF Marque accreditation for sustainable integrated farming.,cc054131-2580-5efb-8b52-935dc5607339,,,https://leaf.eco/leafmarque
2652a9a5-202b-59b0-a44a-d8bfdc10d338,5342,product,third_party_audit,Rainforest Alliance,1/12/2022,Third-party audit confirms sustainable farming practices at origin.,248e3615-fc44-534f-9a16-fbe3b0509433,,,https://www.rainforest-alliance.org/find-certified/
634ea040-7748-5040-b9fd-09623aa90752,5343,product,certification_directory,Carbon Trust,11/9/2022,Product has achieved Carbon Trust carbon neutral certification.,c05ccba2-58a2-58fb-8891-46cb19210fd7,,,https://label.carbontrust.com/search
47b5ff8b-ea08-544a-a419-df9d8d6dce08,5344,product,third_party_audit,UTZ Certified,2/12/2022,Product carries UTZ certification for sustainable commodity sourcing.,c05ccba2-58a2-58fb-8891-46cb19210fd7,,,https://www.rainforest-alliance.org/utz/
677ebbc7-0216-58f3-b05d-bc91d5776cec,5345,product,supplier_statement,NON GMO Project,7/7/2023,Product verified non-GMO by the Non-GMO Project standard.,c05ccba2-58a2-58fb-8891-46cb19210fd7,,,https://www.nongmoproject.org/find-non-gmo/
05f56a5a-9c3b-5f10-9f84-b7436890357f,5346,product,audit_report,Soil Association,6/6/2022,Product is certified organic by the Soil Association under EU organic standards.,ea7da9b5-2197-5c07-bdb5-05a33f8a0200,,,https://www.soilassociation.org/certification/check-for-organic-certification/organic-certificate-checker/
34bdfabd-06a4-5607-ab6d-ece0ec7b31e0,5347,product,certification_directory,Aquaculture Stewardship Council,11/21/2023,"Product is ASC certified, meeting responsible aquaculture standards.",ea7da9b5-2197-5c07-bdb5-05a33f8a0200,,,https://asc-aqua.org/find-a-product/
a79bd3cf-8edb-5622-975f-a505d49db418,5348,product,batch_record,OU Kosher,4/2/2023,Product is certified kosher by the Orthodox Union.,ea7da9b5-2197-5c07-bdb5-05a33f8a0200,,,https://oukosher.org/product-search/
4375d863-9ec7-5a3f-af0a-7d21296bc277,5349,product,audit_report,RSPO,3/19/2023,Palm oil ingredients sourced from RSPO-certified sustainable plantations.,f3033690-ac8b-5882-8d30-b28526141eb9,,,https://rspo.org/search-members/supply-chain-certificate-holders/
c38c3130-93ce-57f9-a279-d46a4f96cd88,5350,product,supplier_statement,OU Kosher,3/16/2024,Product is certified kosher by the Orthodox Union.,f3033690-ac8b-5882-8d30-b28526141eb9,,,https://oukosher.org/product-search/
7be639b9-87b2-5bc5-9e05-766a4e4abfb9,5351,product,batch_record,Rainforest Alliance,6/1/2022,Product carries Rainforest Alliance certification for sustainable farming practices.,f3033690-ac8b-5882-8d30-b28526141eb9,,,https://www.rainforest-alliance.org/find-certified/
9dbba06c-6ebf-5cf9-88dd-45da24199471,5352,product,certification_directory,Aquaculture Stewardship Council,5/3/2023,"Product is ASC certified, meeting responsible aquaculture standards.",8d707edc-fc8a-5ece-b07b-af3d5ae2b4c8,,,https://asc-aqua.org/find-a-product/
a668690a-c2c3-5268-98e2-2a3926cfacbf,5353,product,batch_record,Rainforest Alliance,9/26/2022,Third-party audit confirms sustainable farming practices at origin.,e81051af-8164-5448-ba00-7021d74e7565,,,https://www.rainforest-alliance.org/find-certified/
ac479a4e-00f0-5d42-ad45-05718f977eb6,5354,product,certification_directory,Fairtrade International,2/13/2023,"Product is certified Fairtrade, ensuring fair prices and working conditions for farmers.",e81051af-8164-5448-ba00-7021d74e7565,,,https://www.fairtrade.net/en/fairtrade-finder.html
fa453e5c-6d5b-548d-b396-de1755b96f03,5355,product,third_party_audit,OU Kosher,3/21/2023,Product is certified kosher by the Orthodox Union.,e81051af-8164-5448-ba00-7021d74e7565,,,https://oukosher.org/product-search/
8df07700-6bc5-5864-8d0b-2d3c3a22c22e,5356,product,batch_record,Soil Association,7/27/2023,Product is certified organic by the Soil Association under EU organic standards.,3649a95e-da06-5666-8168-6902c344cf73,,,https://www.soilassociation.org/certification/check-for-organic-certification/organic-certificate-checker/
bebf1814-6e46-53f0-ba98-8025f3dec5e6,5357,product,audit_report,Carbon Trust,5/15/2023,Product has achieved Carbon Trust carbon neutral certification.,3649a95e-da06-5666-8168-6902c344cf73,,,https://label.carbontrust.com/search
7044d04d-3e86-59a9-a1e9-1a813366cd0f,5358,product,batch_record,Protected Designation of Origin,10/30/2023,Product holds Protected Designation of Origin status under EU/UK law.,3649a95e-da06-5666-8168-6902c344cf73,,,https://ec.europa.eu/agriculture/eambrosia/geographical-indications-register/
dd695f4d-29c7-53e7-8632-50573f66cc1e,5359,product,third_party_audit,Red Tractor,9/10/2022,Product meets Red Tractor standards for food safety and animal welfare.,bb2ee452-9a89-5f9a-aeeb-dd392297064a,,,https://checkers.redtractor.org.uk/
273f5753-a4a3-5c00-9df0-a543d1b6fb09,5360,product,audit_report,OU Kosher,3/15/2022,Product is certified kosher by the Orthodox Union.,bb2ee452-9a89-5f9a-aeeb-dd392297064a,,,https://oukosher.org/product-search/
e286d92e-ff78-56d0-a31c-ea0414dadde2,5361,product,supplier_statement,RSPO,3/6/2024,Palm oil ingredients sourced from RSPO-certified sustainable plantations.,bb2ee452-9a89-5f9a-aeeb-dd392297064a,,,https://rspo.org/search-members/supply-chain-certificate-holders/
63c42ce6-cd2b-5b54-8afd-9d3d2b12b70d,5362,product,third_party_audit,Aquaculture Stewardship Council,4/2/2022,"Product is ASC certified, meeting responsible aquaculture standards.",4292a6ca-fcc1-54c4-badf-4f91d953d5f7,,,https://asc-aqua.org/find-a-product/
5e4b3562-d847-5aee-b626-d9d8af1de6d5,5363,product,certification_directory,UTZ Certified,11/19/2023,Product carries UTZ certification for sustainable commodity sourcing.,4292a6ca-fcc1-54c4-badf-4f91d953d5f7,,,https://www.rainforest-alliance.org/utz/
02b2324a-520c-5e70-a79b-1cddd6bca343,5364,product,supplier_statement,NON GMO Project,7/15/2022,Product verified non-GMO by the Non-GMO Project standard.,ca9566da-ce53-59f7-a21d-2e92a7d08f08,,,https://www.nongmoproject.org/find-non-gmo/
2144979f-3ee4-543c-9f1f-65c21a484078,5365,product,supplier_statement,Aquaculture Stewardship Council,12/19/2022,"Product is ASC certified, meeting responsible aquaculture standards.",ca9566da-ce53-59f7-a21d-2e92a7d08f08,,,https://asc-aqua.org/find-a-product/
cd8db370-551d-52be-9001-ed62d157dd36,5366,product,supplier_statement,UTZ Certified,6/23/2022,Product carries UTZ certification for sustainable commodity sourcing.,7baf236b-f99a-52bc-9e1a-67033cbd91a6,,,https://www.rainforest-alliance.org/utz/
ba1fbd7e-e267-5537-a867-46163f255cc1,5367,product,supplier_statement,Fairtrade International,9/24/2023,"Product is certified Fairtrade, ensuring fair prices and working conditions for farmers.",7baf236b-f99a-52bc-9e1a-67033cbd91a6,,,https://www.fairtrade.net/en/fairtrade-finder.html
217694ab-63a4-5c6d-8ddb-79483e532168,5368,product,batch_record,Carbon Trust,10/1/2023,Product has achieved Carbon Trust carbon neutral certification.,7baf236b-f99a-52bc-9e1a-67033cbd91a6,,,https://label.carbontrust.com/search
47ca3d58-2efd-533b-a602-f811dbb6ced1,5369,product,certification_directory,The Vegan Society,4/17/2024,Product is registered with the Vegan Society as suitable for vegan consumption.,b190592f-736e-5c0a-bd32-c8bcdbc4161d,,,https://www.vegansociety.com/resources/lifestyle/shopping/trademark-search
a32cf6b6-7e80-5c20-b0b0-7880422a1fce,5370,product,supplier_statement,Red Tractor,6/9/2022,Product meets Red Tractor standards for food safety and animal welfare.,94beb2df-d692-58ac-9e8a-cb0d4faea16a,,,https://checkers.redtractor.org.uk/
3ff9f7a0-57fd-5dfc-8c7b-feb9f62d01da,5371,product,certification_directory,LEAF Marque,9/6/2022,Producer holds LEAF Marque accreditation for sustainable integrated farming.,ea8bb8f2-9e03-52fa-81a2-60e7054280ef,,,https://leaf.eco/leafmarque
094365df-b2a5-5af3-b8a7-67a666bd7afd,5372,product,third_party_audit,Rainforest Alliance,6/1/2022,Product carries Rainforest Alliance certification for sustainable farming practices.,ea8bb8f2-9e03-52fa-81a2-60e7054280ef,,,https://www.rainforest-alliance.org/find-certified/
1db56f7e-271c-5489-b81e-1b0e303b0d84,5373,product,supplier_statement,Protected Designation of Origin,1/15/2022,Product holds Protected Designation of Origin status under EU/UK law.,ea8bb8f2-9e03-52fa-81a2-60e7054280ef,,,https://ec.europa.eu/agriculture/eambrosia/geographical-indications-register/
005b7c80-d2f9-5d66-9486-57b3a0005db3,5374,product,certification_directory,Rainforest Alliance,11/9/2022,Third-party audit confirms sustainable farming practices at origin.,25eec045-4df6-5cf2-a3d6-85f4372cf0b5,,,https://www.rainforest-alliance.org/find-certified/
0f51f60d-2cc3-5672-ad30-1a4c38b09c17,5375,product,batch_record,Carbon Trust,4/28/2023,Product has achieved Carbon Trust carbon neutral certification.,25eec045-4df6-5cf2-a3d6-85f4372cf0b5,,,https://label.carbontrust.com/search
c198e0f4-d4ba-52e1-8544-da21a8846a15,5376,product,audit_report,Aquaculture Stewardship Council,1/28/2024,"Product is ASC certified, meeting responsible aquaculture standards.",426dc15a-1cf2-51e7-a9d7-7b940e17c96f,,,https://asc-aqua.org/find-a-product/
7e1d36a7-4613-523d-b81a-219ddfacdbc6,5377,product,third_party_audit,Red Tractor,2/8/2024,Product meets Red Tractor standards for food safety and animal welfare.,d186d304-978c-5a34-b7dd-c43cefd2cabc,,,https://checkers.redtractor.org.uk/
44580d24-4c85-5ffa-acad-136858a809f1,5378,product,supplier_statement,Protected Designation of Origin,7/16/2023,Product holds Protected Designation of Origin status under EU/UK law.,d186d304-978c-5a34-b7dd-c43cefd2cabc,,,https://ec.europa.eu/agriculture/eambrosia/geographical-indications-register/
1f78db17-6b84-5809-a3d6-41a1c3a0f6db,5379,product,batch_record,OU Kosher,9/30/2023,Product is certified kosher by the Orthodox Union.,d186d304-978c-5a34-b7dd-c43cefd2cabc,,,https://oukosher.org/product-search/
6f05428c-a8df-51fd-ae4c-6eb5e67031c2,5380,product,certification_directory,Soil Association,1/21/2023,Product is certified organic by the Soil Association under EU organic standards.,6959bb72-0bb0-5d80-bc26-d38892544b10,,,https://www.soilassociation.org/certification/check-for-organic-certification/organic-certificate-checker/
ac8bc9b5-1c4e-5351-bb0e-80e8b8429b92,5381,product,third_party_audit,Rainforest Alliance,11/11/2023,Third-party audit confirms sustainable farming practices at origin.,6959bb72-0bb0-5d80-bc26-d38892544b10,,,https://www.rainforest-alliance.org/find-certified/
b45a2d59-a928-5395-bec4-9d4faf172dfa,5382,product,third_party_audit,LEAF Marque,2/14/2022,Producer holds LEAF Marque accreditation for sustainable integrated farming.,6959bb72-0bb0-5d80-bc26-d38892544b10,,,https://leaf.eco/leafmarque
4071363d-e88e-5f56-b7ed-afcd6bf2ef1a,5383,product,supplier_statement,Soil Association,7/25/2022,Product is certified organic by the Soil Association under EU organic standards.,4c80a3bd-fa61-5156-a136-2038c625c5f3,,,https://www.soilassociation.org/certification/check-for-organic-certification/organic-certificate-checker/
a8cc1821-882d-5581-b5e4-031ea9c5d678,5384,product,third_party_audit,Fairtrade International,10/5/2022,"Product is certified Fairtrade, ensuring fair prices and working conditions for farmers.",4c80a3bd-fa61-5156-a136-2038c625c5f3,,,https://www.fairtrade.net/en/fairtrade-finder.html
e2240b9f-dc7b-5706-87d3-e35871bb02f7,5385,product,certification_directory,The Vegan Society,3/10/2022,Product is registered with the Vegan Society as suitable for vegan consumption.,40899539-5677-5b43-a9f1-2c2a323d299b,,,https://www.vegansociety.com/resources/lifestyle/shopping/trademark-search
9bb44ea2-b008-5da3-80c6-f8c15d33f240,5386,product,supplier_statement,UTZ Certified,6/4/2024,Product carries UTZ certification for sustainable commodity sourcing.,fbc0933d-8b57-59b1-ace4-37c603f3522f,,,https://www.rainforest-alliance.org/utz/
c193062d-9094-58a8-b911-6fef885ad891,5387,product,certification_directory,Marine Stewardship Council,1/20/2022,Product is MSC certified as sustainably sourced from well-managed fisheries.,fbc0933d-8b57-59b1-ace4-37c603f3522f,,,https://cert.msc.org/supplierdirectory/
19257ed5-e5bd-5f8b-bd15-bd310d9e4d14,5388,product,batch_record,LEAF Marque,8/25/2022,Producer holds LEAF Marque accreditation for sustainable integrated farming.,fee3dddd-771b-5c79-9808-0e1a9147abeb,,,https://leaf.eco/leafmarque
311db0a7-5900-5644-99ce-d35f8f065d07,5389,product,batch_record,UTZ Certified,6/5/2023,Product carries UTZ certification for sustainable commodity sourcing.,fee3dddd-771b-5c79-9808-0e1a9147abeb,,,https://www.rainforest-alliance.org/utz/
20b119be-c51f-51d9-8fb9-a4c770181d52,5390,product,third_party_audit,Rainforest Alliance,6/29/2023,Product carries Rainforest Alliance certification for sustainable farming practices.,0581b18e-ce79-5bc3-9abd-caf6806ca89c,,,https://www.rainforest-alliance.org/find-certified/
19c589ca-9f14-531f-819a-c3ff142192ef,5391,product,certification_directory,Aquaculture Stewardship Council,7/10/2022,"Product is ASC certified, meeting responsible aquaculture standards.",0581b18e-ce79-5bc3-9abd-caf6806ca89c,,,https://asc-aqua.org/find-a-product/
291def17-8bd1-5973-a69e-50b0dabe8e41,5392,product,audit_report,The Vegan Society,5/28/2023,Product is registered with the Vegan Society as suitable for vegan consumption.,0581b18e-ce79-5bc3-9abd-caf6806ca89c,,,https://www.vegansociety.com/resources/lifestyle/shopping/trademark-search
f41fbb7f-d175-5fbd-9a0d-d1bcdbc58b74,5393,product,certification_directory,OU Kosher,2/10/2022,Product is certified kosher by the Orthodox Union.,4aebbd32-f0e9-5b7a-ab9b-c8c64ff1e561,,,https://oukosher.org/product-search/
ca5b2bf9-fad4-526e-b463-0d273476f667,5394,product,audit_report,Rainforest Alliance,6/27/2023,Third-party audit confirms sustainable farming practices at origin.,4aebbd32-f0e9-5b7a-ab9b-c8c64ff1e561,,,https://www.rainforest-alliance.org/find-certified/
a880a546-8b2e-5297-94c4-50e7a4a843d0,5395,product,batch_record,Aquaculture Stewardship Council,2/2/2024,"Product is ASC certified, meeting responsible aquaculture standards.",db3696e1-0961-5cc4-bb4f-df7ed1e8d990,,,https://asc-aqua.org/find-a-product/
a8921053-6c2b-5dfd-9836-c40ec00977f3,5396,product,audit_report,The Vegan Society,1/19/2022,Product is registered with the Vegan Society as suitable for vegan consumption.,db3696e1-0961-5cc4-bb4f-df7ed1e8d990,,,https://www.vegansociety.com/resources/lifestyle/shopping/trademark-search
4e0bc87a-c116-5701-aa95-cc186d82a403,5397,product,supplier_statement,UTZ Certified,10/3/2023,Product carries UTZ certification for sustainable commodity sourcing.,6b6213c4-72e8-5180-9421-31ff0d6cfdac,,,https://www.rainforest-alliance.org/utz/
6b27232d-41f9-578c-9424-c2e38d546578,5398,product,supplier_statement,Aquaculture Stewardship Council,8/30/2022,"Product is ASC certified, meeting responsible aquaculture standards.",6b6213c4-72e8-5180-9421-31ff0d6cfdac,,,https://asc-aqua.org/find-a-product/
3888019a-8384-5143-ad48-bb9377eb9549,5399,product,supplier_statement,Marine Stewardship Council,6/18/2024,Product is MSC certified as sustainably sourced from well-managed fisheries.,8567653d-7e9b-5f09-aaae-5a926dd05c7f,,,https://cert.msc.org/supplierdirectory/
c025a020-59af-5d64-a3c4-b8c1dfe6889e,5400,product,batch_record,Carbon Trust,4/14/2024,Product has achieved Carbon Trust carbon neutral certification.,8567653d-7e9b-5f09-aaae-5a926dd05c7f,,,https://label.carbontrust.com/search
f9a6347b-b2a4-5038-b16b-b46a445e7cb2,5401,product,certification_directory,Fairtrade International,7/23/2023,"Product is certified Fairtrade, ensuring fair prices and working conditions for farmers.",8567653d-7e9b-5f09-aaae-5a926dd05c7f,,,https://www.fairtrade.net/en/fairtrade-finder.html
40463966-00d9-59d8-ae39-51b8defcd218,5402,product,supplier_statement,Red Tractor,2/7/2023,Product meets Red Tractor standards for food safety and animal welfare.,e147fa49-0efb-53ce-a338-223794156337,,,https://checkers.redtractor.org.uk/
344c8c64-c249-5d03-84ac-6204c5316c8c,5403,product,audit_report,Soil Association,3/31/2022,Product is certified organic by the Soil Association under EU organic standards.,e147fa49-0efb-53ce-a338-223794156337,,,https://www.soilassociation.org/certification/check-for-organic-certification/organic-certificate-checker/
17bbdc20-861f-5ef3-8100-f843c7405178,5404,product,third_party_audit,NON GMO Project,6/12/2024,Product verified non-GMO by the Non-GMO Project standard.,47240515-76ae-5ff0-a692-1f545459ed40,,,https://www.nongmoproject.org/find-non-gmo/
c218bae6-147e-5b7c-acf2-5e0362ad8be7,5405,product,audit_report,OU Kosher,3/4/2023,Product is certified kosher by the Orthodox Union.,47240515-76ae-5ff0-a692-1f545459ed40,,,https://oukosher.org/product-search/
04fca832-12cc-58ad-81e5-886aacf5f202,5406,product,audit_report,UTZ Certified,8/10/2023,Product carries UTZ certification for sustainable commodity sourcing.,47240515-76ae-5ff0-a692-1f545459ed40,,,https://www.rainforest-alliance.org/utz/
6bc2e863-3453-5225-b9b8-a1bbb9f9a1e6,5407,product,supplier_statement,NON GMO Project,9/12/2023,Product verified non-GMO by the Non-GMO Project standard.,b68b046c-2e66-5d5b-b238-6d5b134f00d7,,,https://www.nongmoproject.org/find-non-gmo/
53520d7b-803f-58df-a9db-8b4b6e6afc9c,5408,product,audit_report,The Vegan Society,7/31/2022,Product is registered with the Vegan Society as suitable for vegan consumption.,be046c34-d3ad-51e3-b7f9-c014c5c055e7,,,https://www.vegansociety.com/resources/lifestyle/shopping/trademark-search
549bb822-1ca9-51ab-b74d-44670bb989fc,5409,product,audit_report,OU Kosher,8/18/2023,Product is certified kosher by the Orthodox Union.,be046c34-d3ad-51e3-b7f9-c014c5c055e7,,,https://oukosher.org/product-search/
e2318e20-44a7-5e5c-877b-897a12d6da20,5410,product,audit_report,UTZ Certified,11/13/2022,Product carries UTZ certification for sustainable commodity sourcing.,3f341112-29a0-5294-a573-dbfd02d38c78,,,https://www.rainforest-alliance.org/utz/
c203e1d7-75e9-582c-bb35-81d93eabd0ee,5411,product,third_party_audit,Carbon Trust,5/19/2022,Product has achieved Carbon Trust carbon neutral certification.,3f341112-29a0-5294-a573-dbfd02d38c78,,,https://label.carbontrust.com/search
fa661747-ea45-5d5d-9275-b8c8a7f74336,5412,product,batch_record,Red Tractor,2/28/2024,Product meets Red Tractor standards for food safety and animal welfare.,3f341112-29a0-5294-a573-dbfd02d38c78,,,https://checkers.redtractor.org.uk/
a96e3b7a-a03f-5c85-b29c-7ffb05299bd7,5413,product,third_party_audit,UTZ Certified,6/11/2022,Product carries UTZ certification for sustainable commodity sourcing.,2e829805-0fa2-57f8-bba7-b0d818f07e3f,,,https://www.rainforest-alliance.org/utz/
df6e5098-7be1-5c62-a498-b6bd9210884c,5414,product,third_party_audit,Rainforest Alliance,1/7/2024,Product carries Rainforest Alliance certification for sustainable farming practices.,656f509d-125b-5828-b75e-71084a11d23b,,,https://www.rainforest-alliance.org/find-certified/
6c062f52-787a-5f74-9c04-a0ae770f8bc7,5415,product,certification_directory,OU Kosher,7/8/2022,Product is certified kosher by the Orthodox Union.,656f509d-125b-5828-b75e-71084a11d23b,,,https://oukosher.org/product-search/
568657c0-1640-5aa8-b906-135514dc546f,5416,product,certification_directory,LEAF Marque,2/23/2024,Producer holds LEAF Marque accreditation for sustainable integrated farming.,b17fb416-7985-556b-93a4-624e3bd5fe22,,,https://leaf.eco/leafmarque
851ff3c2-bebb-55c6-afd6-87facd3bb14a,5417,product,supplier_statement,Soil Association,2/28/2023,Product is certified organic by the Soil Association under EU organic standards.,b17fb416-7985-556b-93a4-624e3bd5fe22,,,https://www.soilassociation.org/certification/check-for-organic-certification/organic-certificate-checker/
065a1533-dd0c-5b83-8138-a3b59d03e8a7,5418,product,supplier_statement,Marine Stewardship Council,6/5/2022,Product is MSC certified as sustainably sourced from well-managed fisheries.,b22cc153-8dd1-5851-8560-ef5821043cc3,,,https://cert.msc.org/supplierdirectory/
59596187-c22b-50eb-8f8a-623ead6a417a,5419,product,audit_report,The Vegan Society,4/20/2022,Product is registered with the Vegan Society as suitable for vegan consumption.,b22cc153-8dd1-5851-8560-ef5821043cc3,,,https://www.vegansociety.com/resources/lifestyle/shopping/trademark-search
7c0933d1-b5fa-575b-86fd-6f73bac8866c,5420,product,certification_directory,Soil Association,2/20/2024,Product is certified organic by the Soil Association under EU organic standards.,03b513b6-181e-5e4c-9244-051a9cf1a647,,,https://www.soilassociation.org/certification/check-for-organic-certification/organic-certificate-checker/
eeec774f-9569-5a69-a051-8e3136c87ab5,5421,product,third_party_audit,RSPO,9/20/2023,Palm oil ingredients sourced from RSPO-certified sustainable plantations.,e80db4a4-151f-5928-8454-bde22490b069,,,https://rspo.org/search-members/supply-chain-certificate-holders/
d4d7181d-6b6e-537b-bbbf-fa42bc20150a,5422,product,audit_report,Marine Stewardship Council,9/3/2023,Product is MSC certified as sustainably sourced from well-managed fisheries.,e80db4a4-151f-5928-8454-bde22490b069,,,https://cert.msc.org/supplierdirectory/
81f17020-997b-576d-9a23-5bdc2d4bd20a,5423,product,audit_report,Protected Designation of Origin,8/25/2022,Product holds Protected Designation of Origin status under EU/UK law.,e80db4a4-151f-5928-8454-bde22490b069,,,https://ec.europa.eu/agriculture/eambrosia/geographical-indications-register/
3dc0be54-9d44-5429-af76-4acb34cc6da7,5424,product,batch_record,Fairtrade International,5/18/2022,"Product is certified Fairtrade, ensuring fair prices and working conditions for farmers.",0d23c701-f2b2-5376-9807-84a55f974499,,,https://www.fairtrade.net/en/fairtrade-finder.html
baf834d1-47fc-5995-80dc-2b15df8d551e,5425,product,third_party_audit,Aquaculture Stewardship Council,5/16/2024,"Product is ASC certified, meeting responsible aquaculture standards.",0d23c701-f2b2-5376-9807-84a55f974499,,,https://asc-aqua.org/find-a-product/
baaaa9b1-4ac6-5cdd-babd-f44557d19284,5426,product,third_party_audit,Rainforest Alliance,4/26/2023,Product carries Rainforest Alliance certification for sustainable farming practices.,0d23c701-f2b2-5376-9807-84a55f974499,,,https://www.rainforest-alliance.org/find-certified/
25a47cb8-d5a8-5c31-9fc2-d6bf873b1f98,5427,product,batch_record,UTZ Certified,5/19/2023,Product carries UTZ certification for sustainable commodity sourcing.,5406a454-a761-50b9-8daf-ccbe07719c1b,,,https://www.rainforest-alliance.org/utz/
5565a2ef-9627-583d-9b7a-c636a91876f9,5428,product,batch_record,Aquaculture Stewardship Council,5/21/2022,"Product is ASC certified, meeting responsible aquaculture standards.",5406a454-a761-50b9-8daf-ccbe07719c1b,,,https://asc-aqua.org/find-a-product/
237658bc-bdaf-51fc-8643-eeb9f840489a,5429,product,audit_report,Soil Association,7/17/2022,Product is certified organic by the Soil Association under EU organic standards.,5406a454-a761-50b9-8daf-ccbe07719c1b,,,https://www.soilassociation.org/certification/check-for-organic-certification/organic-certificate-checker/
858cc3ea-af1a-5d43-931b-197f9fc7a708,5430,product,batch_record,Fairtrade International,2/22/2024,"Product is certified Fairtrade, ensuring fair prices and working conditions for farmers.",fd623195-7a13-5d74-86f1-f13941a88c95,,,https://www.fairtrade.net/en/fairtrade-finder.html
d78de597-949e-503d-b59f-085b9d40ec45,5431,product,supplier_statement,Protected Designation of Origin,2/27/2023,Product holds Protected Designation of Origin status under EU/UK law.,a7857eab-9d46-58c6-b0e3-d6a75e61c8c8,,,https://ec.europa.eu/agriculture/eambrosia/geographical-indications-register/
a275554b-168f-5e30-837b-cc448ae4b84f,5432,product,audit_report,Rainforest Alliance,2/15/2024,Third-party audit confirms sustainable farming practices at origin.,29db674b-944f-57be-af22-f6f8b6ec8e70,,,https://www.rainforest-alliance.org/find-certified/
f67b77df-dd52-5dfb-accf-cfc76868914e,5433,product,audit_report,Rainforest Alliance,3/26/2023,Product carries Rainforest Alliance certification for sustainable farming practices.,9437b8b9-4a85-59a2-8da2-d1065f2ce4ca,,,https://www.rainforest-alliance.org/find-certified/
21808d78-d3ad-5f8e-a4f2-aa7a63566c85,5434,product,batch_record,The Vegan Society,9/10/2022,Product is registered with the Vegan Society as suitable for vegan consumption.,6f79d750-375a-5390-abe2-10d806b13c5d,,,https://www.vegansociety.com/resources/lifestyle/shopping/trademark-search
46e25d00-bd76-5390-86d6-af95202a3a30,5435,product,batch_record,Rainforest Alliance,2/19/2023,Third-party audit confirms sustainable farming practices at origin.,6f79d750-375a-5390-abe2-10d806b13c5d,,,https://www.rainforest-alliance.org/find-certified/
06d9e22c-53d0-54a0-86c1-bf547a9b2385,5436,product,certification_directory,Aquaculture Stewardship Council,9/15/2023,"Product is ASC certified, meeting responsible aquaculture standards.",6f79d750-375a-5390-abe2-10d806b13c5d,,,https://asc-aqua.org/find-a-product/
f9f3a396-742b-5818-8b06-087d0445313a,5437,product,supplier_statement,LEAF Marque,2/8/2023,Producer holds LEAF Marque accreditation for sustainable integrated farming.,0cbcc2d1-979c-5e7a-88a1-858a7bea5c17,,,https://leaf.eco/leafmarque
dc1c54ef-224d-531f-baca-cfbca9c645a3,5438,product,third_party_audit,NON GMO Project,1/31/2024,Product verified non-GMO by the Non-GMO Project standard.,0cbcc2d1-979c-5e7a-88a1-858a7bea5c17,,,https://www.nongmoproject.org/find-non-gmo/
c530bbe3-abc5-558c-a59c-4542397434fc,5439,product,third_party_audit,Rainforest Alliance,9/1/2023,Third-party audit confirms sustainable farming practices at origin.,0cbcc2d1-979c-5e7a-88a1-858a7bea5c17,,,https://www.rainforest-alliance.org/find-certified/
8d0f8693-6b83-5825-b663-474a7b58fe25,5440,product,certification_directory,OU Kosher,6/18/2023,Product is certified kosher by the Orthodox Union.,577541a5-d78d-5379-b8e4-09aee3a5181c,,,https://oukosher.org/product-search/
d497a9f2-5cc4-5de8-aed5-c7959220d5d0,5441,product,certification_directory,UTZ Certified,4/8/2023,Product carries UTZ certification for sustainable commodity sourcing.,577541a5-d78d-5379-b8e4-09aee3a5181c,,,https://www.rainforest-alliance.org/utz/
d590052c-8edb-5507-8486-d14fc85ede60,5442,product,batch_record,Rainforest Alliance,4/26/2024,Third-party audit confirms sustainable farming practices at origin.,577541a5-d78d-5379-b8e4-09aee3a5181c,,,https://www.rainforest-alliance.org/find-certified/
266361e7-1fcf-55b7-9543-dc2ae6b97e47,5443,product,audit_report,Protected Designation of Origin,6/16/2023,Product holds Protected Designation of Origin status under EU/UK law.,9152c7ac-0fe5-5818-8005-55f4539f702e,,,https://ec.europa.eu/agriculture/eambrosia/geographical-indications-register/
b3f6013a-f930-581c-8123-ca7e63d9b8ca,5444,product,third_party_audit,NON GMO Project,2/1/2023,Product verified non-GMO by the Non-GMO Project standard.,31ceb176-5b65-59e4-849d-c3112a6faeb2,,,https://www.nongmoproject.org/find-non-gmo/
a116fe76-7374-565e-9a6b-43363c8aad33,5445,product,third_party_audit,Rainforest Alliance,2/23/2024,Third-party audit confirms sustainable farming practices at origin.,31ceb176-5b65-59e4-849d-c3112a6faeb2,,,https://www.rainforest-alliance.org/find-certified/
f4d520cc-4bdf-5ec2-adb7-9d223d56aa6d,5446,product,certification_directory,Fairtrade International,7/14/2022,"Product is certified Fairtrade, ensuring fair prices and working conditions for farmers.",31ceb176-5b65-59e4-849d-c3112a6faeb2,,,https://www.fairtrade.net/en/fairtrade-finder.html
26faf44d-407f-5849-afc5-a03ce86390dc,5447,product,supplier_statement,The Vegan Society,3/3/2024,Product is registered with the Vegan Society as suitable for vegan consumption.,4dbe7a09-8b06-551b-a6b5-51bf5faa225b,,,https://www.vegansociety.com/resources/lifestyle/shopping/trademark-search
c39a3310-bf75-5a2e-95a4-850a9241b1bb,5448,product,supplier_statement,NON GMO Project,4/18/2023,Product verified non-GMO by the Non-GMO Project standard.,4dbe7a09-8b06-551b-a6b5-51bf5faa225b,,,https://www.nongmoproject.org/find-non-gmo/
b479c66e-4923-51d4-a82c-364bdca3256f,5449,product,supplier_statement,NON GMO Project,9/20/2023,Product verified non-GMO by the Non-GMO Project standard.,35b5d23e-debd-50d0-9da5-8f4f252afb07,,,https://www.nongmoproject.org/find-non-gmo/
d29b0265-4dcb-59f1-a8fb-5c5bb306661f,5450,product,third_party_audit,Rainforest Alliance,5/26/2022,Third-party audit confirms sustainable farming practices at origin.,02f92b2c-8956-525c-bd6e-1c50f67c215f,,,https://www.rainforest-alliance.org/find-certified/
f062db13-0edd-5595-ae1a-86feb82f3152,5451,product,batch_record,LEAF Marque,4/3/2022,Producer holds LEAF Marque accreditation for sustainable integrated farming.,f601afe5-6ca8-56ee-90fd-051543b96fb1,,,https://leaf.eco/leafmarque
4ca2c2ff-836b-502d-8aa4-8b47cf71b9f9,5452,product,third_party_audit,UTZ Certified,4/26/2022,Product carries UTZ certification for sustainable commodity sourcing.,f601afe5-6ca8-56ee-90fd-051543b96fb1,,,https://www.rainforest-alliance.org/utz/
5acc9795-1684-5db3-a1f4-79f7304ce6d0,5453,product,third_party_audit,Carbon Trust,12/14/2023,Product has achieved Carbon Trust carbon neutral certification.,fb1ab256-4435-5df1-9cb1-eb9d4f864c2b,,,https://label.carbontrust.com/search
f1955644-7fe1-5844-aa9b-1d430571402e,5454,product,supplier_statement,Soil Association,4/7/2023,Product is certified organic by the Soil Association under EU organic standards.,145e1278-84e0-528d-81ba-6b6ca1f21af4,,,https://www.soilassociation.org/certification/check-for-organic-certification/organic-certificate-checker/
22d50aec-9b00-5bd0-84d3-e14ce07e21af,5455,product,certification_directory,NON GMO Project,7/3/2022,Product verified non-GMO by the Non-GMO Project standard.,145e1278-84e0-528d-81ba-6b6ca1f21af4,,,https://www.nongmoproject.org/find-non-gmo/
5d7a87a2-2e59-5061-9edd-5571f2318cd1,5456,product,batch_record,LEAF Marque,8/28/2023,Producer holds LEAF Marque accreditation for sustainable integrated farming.,145e1278-84e0-528d-81ba-6b6ca1f21af4,,,https://leaf.eco/leafmarque
b192e7e5-833f-5c89-9ca0-fe387e80783b,5457,product,certification_directory,Protected Designation of Origin,9/14/2022,Product holds Protected Designation of Origin status under EU/UK law.,dc4050d5-8f94-5a01-8016-4692ae68f4a5,,,https://ec.europa.eu/agriculture/eambrosia/geographical-indications-register/
fb8629b5-86fc-5c08-8eb4-b27f477bef7e,5458,product,supplier_statement,Red Tractor,12/10/2023,Product meets Red Tractor standards for food safety and animal welfare.,dc4050d5-8f94-5a01-8016-4692ae68f4a5,,,https://checkers.redtractor.org.uk/
0d8bcd5f-67d2-579b-8aa2-c0c28e1eb90e,5459,product,audit_report,The Vegan Society,1/6/2024,Product is registered with the Vegan Society as suitable for vegan consumption.,dc4050d5-8f94-5a01-8016-4692ae68f4a5,,,https://www.vegansociety.com/resources/lifestyle/shopping/trademark-search
5634a7f0-8b8a-5bc5-ac27-8f5f62a0dda7,5460,product,batch_record,Rainforest Alliance,10/12/2023,Product carries Rainforest Alliance certification for sustainable farming practices.,0d3c7431-2f46-53ec-8606-518beffc86e9,,,https://www.rainforest-alliance.org/find-certified/
cf8bb2dc-3f79-5e12-a77a-0b69d90b7be9,5461,product,supplier_statement,Protected Designation of Origin,3/29/2022,Product holds Protected Designation of Origin status under EU/UK law.,0d3c7431-2f46-53ec-8606-518beffc86e9,,,https://ec.europa.eu/agriculture/eambrosia/geographical-indications-register/
d3e53753-f7cc-5232-97a4-2c0368c97c8a,5462,product,third_party_audit,LEAF Marque,12/26/2023,Producer holds LEAF Marque accreditation for sustainable integrated farming.,0d3c7431-2f46-53ec-8606-518beffc86e9,,,https://leaf.eco/leafmarque
059b9d57-c8c9-5d83-b889-3403bc85adfa,5463,product,third_party_audit,Rainforest Alliance,9/19/2023,Third-party audit confirms sustainable farming practices at origin.,e5a4e723-6fb8-5787-b570-4a0d8f65002f,,,https://www.rainforest-alliance.org/find-certified/
e57239e8-c509-5321-b34a-88d1b5362300,5464,product,audit_report,Carbon Trust,1/23/2023,Product has achieved Carbon Trust carbon neutral certification.,e5a4e723-6fb8-5787-b570-4a0d8f65002f,,,https://label.carbontrust.com/search
72723257-f547-55e2-a8ba-7c4f6f241323,5465,product,audit_report,NON GMO Project,12/10/2022,Product verified non-GMO by the Non-GMO Project standard.,439f697a-d4e5-5fd7-840b-63550bb28e3e,,,https://www.nongmoproject.org/find-non-gmo/
2515fc75-7061-5096-b01d-c88305207d63,5466,product,third_party_audit,Fairtrade International,6/11/2024,"Product is certified Fairtrade, ensuring fair prices and working conditions for farmers.",439f697a-d4e5-5fd7-840b-63550bb28e3e,,,https://www.fairtrade.net/en/fairtrade-finder.html
145cac62-97aa-5200-88ee-1c4fc8b498a1,5467,product,audit_report,Carbon Trust,6/16/2022,Product has achieved Carbon Trust carbon neutral certification.,439f697a-d4e5-5fd7-840b-63550bb28e3e,,,https://label.carbontrust.com/search
810b532c-028b-5ccd-af64-128e92f833f9,5468,product,certification_directory,Soil Association,3/6/2023,Product is certified organic by the Soil Association under EU organic standards.,fda4a8cc-e566-59dc-980b-ae6554a20efb,,,https://www.soilassociation.org/certification/check-for-organic-certification/organic-certificate-checker/
cf284fc4-5303-5d66-9391-7b184f3bc0af,5469,product,batch_record,Marine Stewardship Council,10/23/2022,Product is MSC certified as sustainably sourced from well-managed fisheries.,2538afef-4849-5891-a325-280a613c5a36,,,https://cert.msc.org/supplierdirectory/
af7ae206-de60-5b94-b6ca-83f3580da2ad,5470,product,audit_report,Rainforest Alliance,5/1/2022,Third-party audit confirms sustainable farming practices at origin.,2538afef-4849-5891-a325-280a613c5a36,,,https://www.rainforest-alliance.org/find-certified/
e15903e3-a884-591c-9224-eae304493e0d,5471,product,certification_directory,Red Tractor,9/30/2023,Product meets Red Tractor standards for food safety and animal welfare.,75f5fe44-7053-593d-a240-8b9528ffc2fd,,,https://checkers.redtractor.org.uk/
53f57267-354f-5a99-9c9e-c9acc6e4971c,5472,product,batch_record,Fairtrade International,5/25/2024,"Product is certified Fairtrade, ensuring fair prices and working conditions for farmers.",4f8ef1b5-6bcc-5371-8c29-4e0875a531d8,,,https://www.fairtrade.net/en/fairtrade-finder.html
948ebfe8-3ebb-5ff6-91b3-f966815487c4,5473,product,batch_record,The Vegan Society,7/11/2023,Product is registered with the Vegan Society as suitable for vegan consumption.,4f8ef1b5-6bcc-5371-8c29-4e0875a531d8,,,https://www.vegansociety.com/resources/lifestyle/shopping/trademark-search
37236436-6ae1-5160-8208-79577162a9ab,5474,product,batch_record,RSPO,9/1/2022,Palm oil ingredients sourced from RSPO-certified sustainable plantations.,ffa43b1d-0d10-5883-bdfd-921514e27394,,,https://rspo.org/search-members/supply-chain-certificate-holders/
5c0b381b-e538-5268-b27a-9dce3c702c39,5475,product,batch_record,RSPO,4/10/2023,Palm oil ingredients sourced from RSPO-certified sustainable plantations.,c721cf7b-e2fc-55ca-90f0-46d8a3d86672,,,https://rspo.org/search-members/supply-chain-certificate-holders/
1abb7db7-a466-5859-bc52-871733bccb05,5476,product,third_party_audit,The Vegan Society,9/7/2023,Product is registered with the Vegan Society as suitable for vegan consumption.,d8d1bef9-ce42-5af9-9c04-fc550a2fe9fb,,,https://www.vegansociety.com/resources/lifestyle/shopping/trademark-search
73f3e0f1-a687-59bd-a4e4-047d23cac6be,5477,product,certification_directory,Rainforest Alliance,9/8/2022,Product carries Rainforest Alliance certification for sustainable farming practices.,d8d1bef9-ce42-5af9-9c04-fc550a2fe9fb,,,https://www.rainforest-alliance.org/find-certified/
8d0af10e-f2f4-57be-aa22-e98f0981bb0d,5478,product,third_party_audit,Marine Stewardship Council,4/19/2024,Product is MSC certified as sustainably sourced from well-managed fisheries.,a1a8a130-7200-5974-a918-0e1a375423ac,,,https://cert.msc.org/supplierdirectory/
c1e13115-ac9e-50a6-bf9b-c7543a11c458,5479,product,audit_report,RSPO,2/20/2022,Palm oil ingredients sourced from RSPO-certified sustainable plantations.,a1a8a130-7200-5974-a918-0e1a375423ac,,,https://rspo.org/search-members/supply-chain-certificate-holders/
61e58d53-aa61-5a4d-8feb-28b3ea5a5929,5480,product,audit_report,UTZ Certified,6/1/2022,Product carries UTZ certification for sustainable commodity sourcing.,a1a8a130-7200-5974-a918-0e1a375423ac,,,https://www.rainforest-alliance.org/utz/
dab28127-b024-52d4-b8de-5869291c60c7,5481,product,supplier_statement,UTZ Certified,2/7/2022,Product carries UTZ certification for sustainable commodity sourcing.,6e0028a3-2753-59f2-a59f-e404fe9a9f1e,,,https://www.rainforest-alliance.org/utz/
aaeecc6d-95e1-564c-aab1-eaa6191564b8,5482,product,certification_directory,LEAF Marque,11/15/2023,Producer holds LEAF Marque accreditation for sustainable integrated farming.,260a1874-2495-598f-ac9a-6664aa2bf7b3,,,https://leaf.eco/leafmarque
f2745eb9-aef1-563e-b127-fff7e634c61f,5483,product,supplier_statement,LEAF Marque,3/31/2022,Producer holds LEAF Marque accreditation for sustainable integrated farming.,901bc879-8116-5222-aa5d-3f40a47bb5ac,,,https://leaf.eco/leafmarque
82e90f8e-fc0c-5c34-b711-fc160baaeca2,5484,product,certification_directory,RSPO,4/22/2022,Palm oil ingredients sourced from RSPO-certified sustainable plantations.,901bc879-8116-5222-aa5d-3f40a47bb5ac,,,https://rspo.org/search-members/supply-chain-certificate-holders/
a000f46a-dd10-5e36-8d19-a6f97443e181,5485,product,batch_record,Marine Stewardship Council,7/2/2022,Product is MSC certified as sustainably sourced from well-managed fisheries.,901bc879-8116-5222-aa5d-3f40a47bb5ac,,,https://cert.msc.org/supplierdirectory/
51b6ef3b-f2af-56c1-a555-92a1f493dcb5,5486,product,supplier_statement,UTZ Certified,9/18/2023,Product carries UTZ certification for sustainable commodity sourcing.,75a30741-3e8b-55ed-b544-120d83fab5f9,,,https://www.rainforest-alliance.org/utz/
b9bc74e9-5682-542f-bdba-2413ce8f032a,5487,product,third_party_audit,Rainforest Alliance,3/17/2024,Third-party audit confirms sustainable farming practices at origin.,2d679fa7-22ed-5bf0-80d6-4bbf6de4a706,,,https://www.rainforest-alliance.org/find-certified/
96785773-39d7-5291-a400-6deab7e23023,5488,product,third_party_audit,Protected Designation of Origin,7/1/2022,Product holds Protected Designation of Origin status under EU/UK law.,2d679fa7-22ed-5bf0-80d6-4bbf6de4a706,,,https://ec.europa.eu/agriculture/eambrosia/geographical-indications-register/
3c4ab58e-31f5-5bdd-8101-5cd9a6a0dcda,5489,product,batch_record,RSPO,2/7/2024,Palm oil ingredients sourced from RSPO-certified sustainable plantations.,2d679fa7-22ed-5bf0-80d6-4bbf6de4a706,,,https://rspo.org/search-members/supply-chain-certificate-holders/
ad0069c0-3d10-5729-aca7-cca8ffefad1b,5490,product,supplier_statement,Aquaculture Stewardship Council,11/27/2022,"Product is ASC certified, meeting responsible aquaculture standards.",c372838f-f176-58b5-b824-e447e4614b20,,,https://asc-aqua.org/find-a-product/
3e3100c7-e88d-519a-993d-7721ece6b528,5491,product,supplier_statement,Fairtrade International,1/24/2023,"Product is certified Fairtrade, ensuring fair prices and working conditions for farmers.",c372838f-f176-58b5-b824-e447e4614b20,,,https://www.fairtrade.net/en/fairtrade-finder.html
da979a8c-c88d-5f0d-8226-bb28018fe3c5,5492,product,certification_directory,Rainforest Alliance,2/16/2024,Product carries Rainforest Alliance certification for sustainable farming practices.,c372838f-f176-58b5-b824-e447e4614b20,,,https://www.rainforest-alliance.org/find-certified/
9949430f-4f84-58e1-89a6-a99196237b25,5493,product,certification_directory,LEAF Marque,10/27/2022,Producer holds LEAF Marque accreditation for sustainable integrated farming.,e425f008-fb36-5707-84ed-c1cbe95477e7,,,https://leaf.eco/leafmarque
3d864f42-371a-5442-a9a1-20714a5673ab,5494,product,batch_record,OU Kosher,5/18/2022,Product is certified kosher by the Orthodox Union.,e425f008-fb36-5707-84ed-c1cbe95477e7,,,https://oukosher.org/product-search/
051f6f46-4a4c-5b2d-b6e9-3a0ee591853a,5495,product,supplier_statement,Rainforest Alliance,12/4/2022,Third-party audit confirms sustainable farming practices at origin.,732bce27-afeb-5aef-81d1-3c351228d091,,,https://www.rainforest-alliance.org/find-certified/
543ba8cb-99a9-59f5-b298-b4edb8eef3c3,5496,product,audit_report,NON GMO Project,9/19/2023,Product verified non-GMO by the Non-GMO Project standard.,4d93ba79-4f41-5c89-a87c-d684989dadf8,,,https://www.nongmoproject.org/find-non-gmo/
f7b8ed19-e9d3-5ad6-8273-99b37064b732,5497,product,certification_directory,OU Kosher,4/22/2022,Product is certified kosher by the Orthodox Union.,4d93ba79-4f41-5c89-a87c-d684989dadf8,,,https://oukosher.org/product-search/
8c8df257-8b31-5b6a-94c3-519b9c64bb1b,5498,product,third_party_audit,Red Tractor,1/18/2024,Product meets Red Tractor standards for food safety and animal welfare.,4d93ba79-4f41-5c89-a87c-d684989dadf8,,,https://checkers.redtractor.org.uk/
98a40be5-042a-5a1e-816b-672dd8e0bce4,5499,product,third_party_audit,OU Kosher,3/18/2024,Product is certified kosher by the Orthodox Union.,5ee10789-cc05-5572-b2c7-1505e4fe0e4e,,,https://oukosher.org/product-search/
3055da13-d82a-58e9-8933-8a7080ca14c8,5500,product,supplier_statement,Rainforest Alliance,3/14/2023,Product carries Rainforest Alliance certification for sustainable farming practices.,5ee10789-cc05-5572-b2c7-1505e4fe0e4e,,,https://www.rainforest-alliance.org/find-certified/
a0bd29a7-afd6-5bed-b7f3-7ca7f786e6aa,5501,product,third_party_audit,The Vegan Society,5/18/2024,Product is registered with the Vegan Society as suitable for vegan consumption.,5ee10789-cc05-5572-b2c7-1505e4fe0e4e,,,https://www.vegansociety.com/resources/lifestyle/shopping/trademark-search
49c546b2-8b0a-534f-868c-32d5f930d097,5502,product,third_party_audit,Marine Stewardship Council,10/1/2023,Product is MSC certified as sustainably sourced from well-managed fisheries.,67a4fc62-dcf6-589f-a1bb-c62deb9e13a1,,,https://cert.msc.org/supplierdirectory/
244b5edd-abcb-5e82-b869-2b7cd1dee324,5503,product,supplier_statement,OU Kosher,5/13/2022,Product is certified kosher by the Orthodox Union.,67a4fc62-dcf6-589f-a1bb-c62deb9e13a1,,,https://oukosher.org/product-search/
65669fbd-9b0d-513c-a979-81f60a2c28d5,5504,product,batch_record,RSPO,5/20/2023,Palm oil ingredients sourced from RSPO-certified sustainable plantations.,427ba315-0d2f-5483-acfa-a96183bfcfd2,,,https://rspo.org/search-members/supply-chain-certificate-holders/
2a107381-70b5-551d-b64e-7f3876607062,5505,product,audit_report,The Vegan Society,9/17/2023,Product is registered with the Vegan Society as suitable for vegan consumption.,427ba315-0d2f-5483-acfa-a96183bfcfd2,,,https://www.vegansociety.com/resources/lifestyle/shopping/trademark-search
ce8ef898-94d5-5242-8837-611ada9f10ff,5506,product,audit_report,OU Kosher,12/27/2023,Product is certified kosher by the Orthodox Union.,427ba315-0d2f-5483-acfa-a96183bfcfd2,,,https://oukosher.org/product-search/
e4f6a3e8-9bca-5a3e-a43b-3168169de1fd,5507,product,certification_directory,Red Tractor,1/25/2022,Product meets Red Tractor standards for food safety and animal welfare.,de00d978-3c4c-57fc-9315-69100061fa6c,,,https://checkers.redtractor.org.uk/
e62e1921-0645-5204-977c-9ecebbe18bf6,5508,product,batch_record,Fairtrade International,10/3/2023,"Product is certified Fairtrade, ensuring fair prices and working conditions for farmers.",de00d978-3c4c-57fc-9315-69100061fa6c,,,https://www.fairtrade.net/en/fairtrade-finder.html
75a2626a-a426-5a28-95fb-bf84ff67d863,5509,product,audit_report,Rainforest Alliance,3/29/2024,Third-party audit confirms sustainable farming practices at origin.,4cdd34f7-d9ad-5967-b141-e5e41f232c3d,,,https://www.rainforest-alliance.org/find-certified/
19eb7b71-66d1-5b09-97fd-bae03e5b9de6,5510,product,supplier_statement,NON GMO Project,12/25/2022,Product verified non-GMO by the Non-GMO Project standard.,428fc8cc-d042-53d2-9b4e-05aecb06dbe5,,,https://www.nongmoproject.org/find-non-gmo/
47930d45-08ac-59a9-89c3-f84f5d3ebfe8,5511,product,third_party_audit,Protected Designation of Origin,4/5/2024,Product holds Protected Designation of Origin status under EU/UK law.,428fc8cc-d042-53d2-9b4e-05aecb06dbe5,,,https://ec.europa.eu/agriculture/eambrosia/geographical-indications-register/
1de1fac4-fa92-5ce5-8c58-3a1512cf879b,5512,product,audit_report,Fairtrade International,1/12/2022,"Product is certified Fairtrade, ensuring fair prices and working conditions for farmers.",428fc8cc-d042-53d2-9b4e-05aecb06dbe5,,,https://www.fairtrade.net/en/fairtrade-finder.html
2df2b6f2-5968-524b-8427-e0e230faf4b2,5513,product,supplier_statement,Red Tractor,3/20/2024,Product meets Red Tractor standards for food safety and animal welfare.,25486be2-ebd8-5a7d-b4b9-81b55d991404,,,https://checkers.redtractor.org.uk/
68c587af-3d4b-521e-a3eb-91c2c245230a,5514,product,certification_directory,Rainforest Alliance,11/12/2022,Third-party audit confirms sustainable farming practices at origin.,25486be2-ebd8-5a7d-b4b9-81b55d991404,,,https://www.rainforest-alliance.org/find-certified/
69b1d65c-8cdc-5bef-87f4-e252bbb8ec82,5515,product,supplier_statement,Marine Stewardship Council,6/3/2023,Product is MSC certified as sustainably sourced from well-managed fisheries.,25486be2-ebd8-5a7d-b4b9-81b55d991404,,,https://cert.msc.org/supplierdirectory/
017fb869-6c50-56f7-a774-eb52d18e11db,5516,product,certification_directory,Aquaculture Stewardship Council,12/4/2023,"Product is ASC certified, meeting responsible aquaculture standards.",6281f2ce-ec4e-5531-9ce4-51e5c93512a6,,,https://asc-aqua.org/find-a-product/
6c851120-8160-570e-99de-1799e557a506,5517,product,supplier_statement,Carbon Trust,12/16/2022,Product has achieved Carbon Trust carbon neutral certification.,6281f2ce-ec4e-5531-9ce4-51e5c93512a6,,,https://label.carbontrust.com/search
bb3432b5-02d0-5325-8c68-913d4659c3e1,5518,product,batch_record,Fairtrade International,1/12/2024,"Product is certified Fairtrade, ensuring fair prices and working conditions for farmers.",6281f2ce-ec4e-5531-9ce4-51e5c93512a6,,,https://www.fairtrade.net/en/fairtrade-finder.html
a5f089e9-94f6-5633-827a-44e9fd3ba5c4,5519,product,audit_report,RSPO,12/5/2022,Palm oil ingredients sourced from RSPO-certified sustainable plantations.,ead09ed8-1c5c-5c87-b1dd-96b3f46868f5,,,https://rspo.org/search-members/supply-chain-certificate-holders/
36fd79f3-f8b9-593a-af4d-a2eff70094ef,5520,product,supplier_statement,Fairtrade International,11/20/2023,"Product is certified Fairtrade, ensuring fair prices and working conditions for farmers.",ead09ed8-1c5c-5c87-b1dd-96b3f46868f5,,,https://www.fairtrade.net/en/fairtrade-finder.html
7b37af9b-d44d-5a7f-928f-7a56f5728a51,5521,product,batch_record,Soil Association,5/1/2023,Product is certified organic by the Soil Association under EU organic standards.,ead09ed8-1c5c-5c87-b1dd-96b3f46868f5,,,https://www.soilassociation.org/certification/check-for-organic-certification/organic-certificate-checker/
d4f773fe-ba96-568c-8194-77cdaa06a329,5522,product,audit_report,UTZ Certified,5/9/2023,Product carries UTZ certification for sustainable commodity sourcing.,88b01c5b-56eb-5901-a5f4-ed581728e3d8,,,https://www.rainforest-alliance.org/utz/
92342fad-acd1-5ed4-a059-b26f72f0aabb,5523,product,batch_record,UTZ Certified,6/4/2024,Product carries UTZ certification for sustainable commodity sourcing.,bad98d9b-4e91-5923-a954-1c1764c550b7,,,https://www.rainforest-alliance.org/utz/
f8b493f7-dc2c-5361-9587-4453dac945ab,5524,product,batch_record,Protected Designation of Origin,1/31/2024,Product holds Protected Designation of Origin status under EU/UK law.,fce8f192-a8e8-55aa-af70-cb23af658d0b,,,https://ec.europa.eu/agriculture/eambrosia/geographical-indications-register/
dac8d1d0-4206-5bb4-ac34-9bed985ecf3d,5525,product,certification_directory,Aquaculture Stewardship Council,5/5/2024,"Product is ASC certified, meeting responsible aquaculture standards.",fce8f192-a8e8-55aa-af70-cb23af658d0b,,,https://asc-aqua.org/find-a-product/
87ca95e0-19e1-54b2-9f20-ec5757367243,5526,product,third_party_audit,The Vegan Society,11/3/2022,Product is registered with the Vegan Society as suitable for vegan consumption.,fce8f192-a8e8-55aa-af70-cb23af658d0b,,,https://www.vegansociety.com/resources/lifestyle/shopping/trademark-search
ba4a1500-9286-5071-af7f-b8fbaf0e5066,5527,product,third_party_audit,Rainforest Alliance,7/3/2023,Third-party audit confirms sustainable farming practices at origin.,d4d906b9-3553-52ae-a1df-3188bc1844c0,,,https://www.rainforest-alliance.org/find-certified/
0f243251-44f2-5f29-83a2-8cd7368780c8,5528,product,certification_directory,UTZ Certified,8/2/2022,Product carries UTZ certification for sustainable commodity sourcing.,d4d906b9-3553-52ae-a1df-3188bc1844c0,,,https://www.rainforest-alliance.org/utz/
8e357d13-545e-576e-9259-c72db9579a3d,5529,product,third_party_audit,Aquaculture Stewardship Council,12/3/2023,"Product is ASC certified, meeting responsible aquaculture standards.",d4d906b9-3553-52ae-a1df-3188bc1844c0,,,https://asc-aqua.org/find-a-product/
8229d6f7-398b-5c8a-88ef-a72412317851,5530,product,supplier_statement,Carbon Trust,3/9/2022,Product has achieved Carbon Trust carbon neutral certification.,27694370-16ae-55b0-9b23-8945295268a3,,,https://label.carbontrust.com/search
b8a2b4ec-97e3-527d-9cd2-3baada7c3f4d,5531,product,audit_report,Protected Designation of Origin,10/15/2022,Product holds Protected Designation of Origin status under EU/UK law.,27694370-16ae-55b0-9b23-8945295268a3,,,https://ec.europa.eu/agriculture/eambrosia/geographical-indications-register/
54f8cee9-b4de-54c8-b490-4ec984d57cb1,5532,product,batch_record,Aquaculture Stewardship Council,10/4/2023,"Product is ASC certified, meeting responsible aquaculture standards.",597fc0b7-11ca-52a9-a65b-187bedb2f7c4,,,https://asc-aqua.org/find-a-product/
eb981a3d-cdfd-58eb-b3a7-4a8ca6b6f813,5533,product,third_party_audit,LEAF Marque,2/3/2023,Producer holds LEAF Marque accreditation for sustainable integrated farming.,1e8a3afe-8626-5569-9359-c9f41cb88845,,,https://leaf.eco/leafmarque
45d31749-c9b5-5584-a0df-8e42ca02a6f5,5534,product,audit_report,Soil Association,9/2/2023,Product is certified organic by the Soil Association under EU organic standards.,1e8a3afe-8626-5569-9359-c9f41cb88845,,,https://www.soilassociation.org/certification/check-for-organic-certification/organic-certificate-checker/
9373976a-6d7c-52d5-ba6c-9eb862e8b09e,5535,product,certification_directory,RSPO,6/4/2024,Palm oil ingredients sourced from RSPO-certified sustainable plantations.,1e8a3afe-8626-5569-9359-c9f41cb88845,,,https://rspo.org/search-members/supply-chain-certificate-holders/
bebdad56-c3c5-54da-9801-10e58ba3ec34,5536,product,supplier_statement,Rainforest Alliance,12/28/2023,Third-party audit confirms sustainable farming practices at origin.,9a92134c-64a8-52d4-9bc7-d427e11e157f,,,https://www.rainforest-alliance.org/find-certified/
0e579ed9-d55d-513f-a3ef-55b19aba724a,5537,product,certification_directory,LEAF Marque,10/6/2022,Producer holds LEAF Marque accreditation for sustainable integrated farming.,9a92134c-64a8-52d4-9bc7-d427e11e157f,,,https://leaf.eco/leafmarque
0a8e6e9d-fa64-5762-9fab-77971d3e074b,5538,product,audit_report,Rainforest Alliance,1/16/2023,Product carries Rainforest Alliance certification for sustainable farming practices.,85dfacaf-0018-5f68-b060-ba2e8f7f3018,,,https://www.rainforest-alliance.org/find-certified/
de7d5e24-e1c1-5576-b854-3e98ca5f2f51,5539,product,batch_record,The Vegan Society,4/29/2024,Product is registered with the Vegan Society as suitable for vegan consumption.,85dfacaf-0018-5f68-b060-ba2e8f7f3018,,,https://www.vegansociety.com/resources/lifestyle/shopping/trademark-search
20404d78-966b-597f-820c-5c0ed455bcb5,5540,product,supplier_statement,Red Tractor,6/29/2022,Product meets Red Tractor standards for food safety and animal welfare.,3549676c-da77-5dd0-b244-ccf44bacc519,,,https://checkers.redtractor.org.uk/
d65eb2ac-b3eb-5d94-b974-8a16ea8af0a6,5541,product,certification_directory,OU Kosher,1/19/2023,Product is certified kosher by the Orthodox Union.,3549676c-da77-5dd0-b244-ccf44bacc519,,,https://oukosher.org/product-search/
9b608410-18ba-55f8-8400-8a133cd138ac,5542,product,audit_report,Carbon Trust,4/5/2022,Product has achieved Carbon Trust carbon neutral certification.,396c7a99-0fed-5294-a174-d7a86d5ad105,,,https://label.carbontrust.com/search
950cc238-ac4b-5718-9b7d-42179c387fec,5543,product,batch_record,OU Kosher,5/28/2023,Product is certified kosher by the Orthodox Union.,4bbd0583-496d-54de-87ec-73c9821a158a,,,https://oukosher.org/product-search/
ba33cbf0-25a7-5e0d-aabd-e4adae3bce42,5544,product,audit_report,Fairtrade International,7/14/2022,"Product is certified Fairtrade, ensuring fair prices and working conditions for farmers.",4bbd0583-496d-54de-87ec-73c9821a158a,,,https://www.fairtrade.net/en/fairtrade-finder.html
cf4c5ca4-dbeb-5299-9d74-ab2f395a2f45,5545,product,third_party_audit,Protected Designation of Origin,11/14/2022,Product holds Protected Designation of Origin status under EU/UK law.,90be0b72-53e8-5485-972a-1063ebe5cba6,,,https://ec.europa.eu/agriculture/eambrosia/geographical-indications-register/
14f88530-e755-50d1-85e8-749aa8de96b9,5546,product,supplier_statement,The Vegan Society,5/27/2022,Product is registered with the Vegan Society as suitable for vegan consumption.,90be0b72-53e8-5485-972a-1063ebe5cba6,,,https://www.vegansociety.com/resources/lifestyle/shopping/trademark-search
16d8b55a-97fb-5f4e-b217-b363d246ba65,5547,product,third_party_audit,LEAF Marque,11/24/2023,Producer holds LEAF Marque accreditation for sustainable integrated farming.,85a9d2bd-f2df-5c17-a6b7-aa7c5d7c8916,,,https://leaf.eco/leafmarque
38bd86f3-9ed9-5997-a9c7-677571e252af,5548,product,certification_directory,Red Tractor,4/16/2023,Product meets Red Tractor standards for food safety and animal welfare.,a05bec0a-81f5-5448-b44e-a38874c3cf5f,,,https://checkers.redtractor.org.uk/
d2a339e5-4396-570c-a44f-1354ffce598a,5549,stage,third_party_audit,LEAF Marque,4/29/2022,Producer holds LEAF Marque accreditation for sustainable integrated farming.,,638d3fa1-65fe-5003-a3b0-4757fb68c72a,,
cd438636-9e0f-58df-96c1-2af7d5dba521,5550,stage,certification_directory,Protected Designation of Origin,12/5/2023,Product holds Protected Designation of Origin status under EU/UK law.,,a29ded61-1399-527e-ab5d-52dedf1db659,,
0b6740af-51bf-5508-96f0-9b99a018faaf,5551,stage,certification_directory,Protected Designation of Origin,4/16/2022,Product holds Protected Designation of Origin status under EU/UK law.,,092694ca-d8d6-5377-afdc-ef335a7ba4ba,,
57a36d7d-2cc0-5bba-8551-a998e4a82ffe,5552,stage,supplier_statement,RSPO,10/17/2023,Palm oil ingredients sourced from RSPO-certified sustainable plantations.,,dc932d80-78e9-5245-8df1-837f9b97a31e,,
f14e2884-68fe-51a0-907f-e912b05bb356,5553,stage,supplier_statement,Red Tractor,10/11/2022,Product meets Red Tractor standards for food safety and animal welfare.,,e53cd1c2-420a-55c8-a7a8-9d84d0fc4d13,,
28aeda16-b39f-5c7b-acdd-bc7e39684719,5554,stage,supplier_statement,Soil Association,4/28/2022,Product is certified organic by the Soil Association under EU organic standards.,,4269047c-4b88-5410-8577-60d75e55babf,,
e2070c4d-14ed-5f8d-b511-08df7fd73a72,5555,stage,third_party_audit,RSPO,6/11/2023,Palm oil ingredients sourced from RSPO-certified sustainable plantations.,,a2c6f3d1-c698-51e4-8b98-6c97e2618c61,,
29eb9cc6-d894-5c3e-9f6a-caf311860f5c,5556,stage,supplier_statement,OU Kosher,7/17/2023,Product is certified kosher by the Orthodox Union.,,8c772e3a-f1f5-589a-90a1-eff24f0e6424,,
ef93c9a0-5957-56af-923c-bb3e5c9ff36d,5557,stage,supplier_statement,Soil Association,8/11/2023,Product is certified organic by the Soil Association under EU organic standards.,,92e55ebc-ca50-5018-a0ca-c786ca86567c,,
a1a0acec-7925-5701-8978-1d89ba29d5fb,5558,stage,supplier_statement,Rainforest Alliance,9/20/2023,Product carries Rainforest Alliance certification for sustainable farming practices.,,e9299b4f-959c-506d-96db-c1f0bfac552f,,
21f48c4a-5536-5ac1-b1e7-334769ae2400,5559,stage,batch_record,Fairtrade International,11/23/2023,"Product is certified Fairtrade, ensuring fair prices and working conditions for farmers.",,f5422d83-cf1f-50e2-82ea-49284c5f5093,,
70861626-3c7d-53aa-b4c3-5427de426b61,5560,stage,certification_directory,NON GMO Project,3/30/2022,Product verified non-GMO by the Non-GMO Project standard.,,2ba969c2-1845-5388-9003-71a9c4d07066,,
60607c27-3daa-563c-9467-70596e10a155,5561,stage,third_party_audit,RSPO,10/7/2023,Palm oil ingredients sourced from RSPO-certified sustainable plantations.,,3a2fac49-7668-557d-ad1d-a16936feb045,,
1f715a1e-3d2f-55e4-9e3a-7da19fa659f3,5562,stage,audit_report,LEAF Marque,1/1/2024,Producer holds LEAF Marque accreditation for sustainable integrated farming.,,ce8e1054-ebcc-5efd-91e3-01e5f8b935c2,,
756868c4-cda5-5a05-a63f-419b950b42b8,5563,stage,batch_record,Protected Designation of Origin,8/5/2023,Product holds Protected Designation of Origin status under EU/UK law.,,5d4314c5-ac16-5d9b-adde-fa1997a2628c,,
8cd880e2-8e90-5bbc-8ded-71559f6fee3e,5564,stage,batch_record,LEAF Marque,4/10/2022,Producer holds LEAF Marque accreditation for sustainable integrated farming.,,23d1ef68-0286-50b1-babc-a1f93d8a90f1,,
09730d77-c97c-58ca-bcd5-8e295beaaf91,5565,stage,audit_report,Red Tractor,5/31/2024,Product meets Red Tractor standards for food safety and animal welfare.,,c94161bf-e14e-55b7-b8fd-48ec63e6b141,,
b0c28bef-edcc-5470-94e0-cbf79103b37d,5566,stage,batch_record,Aquaculture Stewardship Council,7/7/2022,"Product is ASC certified, meeting responsible aquaculture standards.",,ef4d12b6-230e-5afe-8f41-8ecbd7337135,,
f7299a7a-be58-5eb2-8c5b-0f5538a16cec,5567,stage,certification_directory,The Vegan Society,12/26/2022,Product is registered with the Vegan Society as suitable for vegan consumption.,,34d75a8a-c592-5e1d-bde0-8688ce5b95f6,,
0e3d2d36-c253-52a5-be75-b1357996827c,5568,stage,third_party_audit,Aquaculture Stewardship Council,8/12/2023,"Product is ASC certified, meeting responsible aquaculture standards.",,894c5ac0-daba-5d10-8bac-9b694e77a6b6,,
8d6a64e8-711f-5db3-b1a7-7a73d766e166,5569,stage,batch_record,Rainforest Alliance,4/17/2024,Product carries Rainforest Alliance certification for sustainable farming practices.,,3776f6fb-1ab9-5251-af7e-1abd88a12193,,
4556ed3f-44bb-5c7d-a430-65d4f96fecff,5570,stage,certification_directory,OU Kosher,3/22/2024,Product is certified kosher by the Orthodox Union.,,1c2183e7-d0c5-5ec0-a233-653cbd82447e,,
c2fe9d90-1d73-5311-bcc2-79368ab35a3c,5571,stage,batch_record,The Vegan Society,8/28/2023,Product is registered with the Vegan Society as suitable for vegan consumption.,,4ef6e02e-c5f2-5a73-841e-e0dd9a75fd9a,,
50c30fcb-c478-5e3e-b665-0dc05b29e6f3,5572,stage,audit_report,Aquaculture Stewardship Council,4/13/2024,"Product is ASC certified, meeting responsible aquaculture standards.",,49eedcfd-4f8a-573b-8cb8-e79292f03be5,,
2d3dff07-704a-5317-9ffc-e07804d7b120,5573,stage,audit_report,Rainforest Alliance,6/27/2022,Third-party audit confirms sustainable farming practices at origin.,,b401ae17-0835-5429-b6ca-bff0ba0dd940,,
7dadb1c0-172e-575f-bca6-a35d21745b84,5574,stage,third_party_audit,Protected Designation of Origin,5/6/2024,Product holds Protected Designation of Origin status under EU/UK law.,,36fa3c32-ba69-5dc2-8557-443e7b7b22e8,,
159970af-df2a-5f4d-9e49-89928b16ec29,5575,stage,certification_directory,NON GMO Project,9/5/2023,Product verified non-GMO by the Non-GMO Project standard.,,2cbc68f6-3cfe-58c2-90b3-15fea8ae2878,,
c8b13d76-2c20-5ca7-bbe6-a5c6e008c126,5576,stage,third_party_audit,LEAF Marque,2/29/2024,Producer holds LEAF Marque accreditation for sustainable integrated farming.,,d5010bf3-8fd7-55b9-a830-efc468b87195,,
158a7727-8acf-562b-b5df-856e21ad317e,5577,stage,certification_directory,UTZ Certified,4/3/2022,Product carries UTZ certification for sustainable commodity sourcing.,,45de73d3-49b5-570c-9753-373d79e56049,,
fc6699a8-7332-5443-b226-be391dbac286,5578,stage,third_party_audit,Soil Association,2/13/2024,Product is certified organic by the Soil Association under EU organic standards.,,298e9c74-1494-5951-b323-89a17d33bb9c,,
42e3fe3e-010d-5b09-977b-2357b28b5134,5579,stage,audit_report,Soil Association,4/9/2023,Product is certified organic by the Soil Association under EU organic standards.,,44266caa-c919-52f5-93f8-f70d32cb88fe,,
b5a62886-9a1b-59d0-9b0d-9e7c6e997350,5580,stage,batch_record,RSPO,7/20/2022,Palm oil ingredients sourced from RSPO-certified sustainable plantations.,,923233a9-e2be-52a9-8326-413e1478497b,,
de0dbae1-6960-5cac-b3f9-f985a0e42b49,5581,stage,supplier_statement,Protected Designation of Origin,11/3/2022,Product holds Protected Designation of Origin status under EU/UK law.,,e99a1f7b-cd8f-54d5-8308-3b7499585b40,,
5a7cd1b2-a850-5653-9c1f-d2d7e0cd5090,5582,stage,batch_record,Protected Designation of Origin,1/6/2024,Product holds Protected Designation of Origin status under EU/UK law.,,4d524442-ee00-5b2d-87d9-de53955417cc,,
30282034-19ac-520f-a3c4-05cd1840e358,5583,stage,third_party_audit,Rainforest Alliance,1/9/2022,Product carries Rainforest Alliance certification for sustainable farming practices.,,050200a1-7476-511a-a7ec-61d25b1c7c9c,,
e235270c-7cb3-5fe8-86b7-839cb8b09db5,5584,stage,third_party_audit,Protected Designation of Origin,2/24/2022,Product holds Protected Designation of Origin status under EU/UK law.,,bfcf074c-5625-54c4-a954-32a94aefda4d,,
ed147932-ba10-533b-a778-794a9995a9fc,5585,stage,supplier_statement,OU Kosher,4/23/2022,Product is certified kosher by the Orthodox Union.,,df6b278a-b409-5109-ab07-5b026a766db6,,
86c95302-7dcf-5173-b569-2a19cfac8dc1,5586,stage,third_party_audit,Rainforest Alliance,2/8/2023,Third-party audit confirms sustainable farming practices at origin.,,be5d5f8c-f86e-53e6-9f9b-b181b7d11c0b,,
9dd2cd68-ad75-5209-9c7e-61419fc71a34,5587,stage,batch_record,Soil Association,5/23/2022,Product is certified organic by the Soil Association under EU organic standards.,,0a1dca3d-c1ff-56d6-bcc3-a2d6348b0204,,
9b3b3f55-3fc0-50fe-9e4e-9f98c33fb0cc,5588,stage,supplier_statement,NON GMO Project,5/10/2024,Product verified non-GMO by the Non-GMO Project standard.,,562c7f58-78c7-5849-8708-faf0cc7fb6d4,,
fe282acb-a88f-50d3-8586-5edb7bd0cfb1,5589,stage,audit_report,LEAF Marque,5/18/2022,Producer holds LEAF Marque accreditation for sustainable integrated farming.,,996b8340-c57f-5cb5-8bd4-3fac39d3f2bd,,
df833cb9-a4b6-5de7-998a-ac3f7fc73713,5590,stage,certification_directory,UTZ Certified,5/28/2022,Product carries UTZ certification for sustainable commodity sourcing.,,9eb5adde-98a8-59dc-9b19-e9e106df6faa,,
b19c677e-2f67-5c89-9e6e-5cb0fa0dfbe3,5591,stage,batch_record,UTZ Certified,5/30/2024,Product carries UTZ certification for sustainable commodity sourcing.,,49baf03d-544c-5b1e-953c-cdffd1313606,,
454cea6f-5b68-522e-9a16-92e4ff527bcb,5592,stage,batch_record,OU Kosher,7/20/2023,Product is certified kosher by the Orthodox Union.,,6eb84985-d2b9-5d3f-92e9-55bee08d150a,,
1ebda3c4-b16e-5f1d-b8b7-86120c8b5996,5593,stage,audit_report,Red Tractor,3/11/2023,Product meets Red Tractor standards for food safety and animal welfare.,,4a2f2a86-19db-5b00-a0f4-fca91a027d89,,
417615eb-93d0-58d8-8eae-0a085b35004e,5594,stage,supplier_statement,OU Kosher,2/25/2023,Product is certified kosher by the Orthodox Union.,,7090d3ea-9d55-5ff0-998b-6d8f1364b7ff,,
62928ea1-a16c-5b86-aa56-8e1bf516bb5d,5595,stage,third_party_audit,Fairtrade International,5/10/2023,"Product is certified Fairtrade, ensuring fair prices and working conditions for farmers.",,e5760e87-387e-52b3-b0ac-b4ca6425d57b,,
42d96482-244c-55ce-b327-ae844d36de7b,5596,stage,certification_directory,The Vegan Society,5/26/2022,Product is registered with the Vegan Society as suitable for vegan consumption.,,58cadd5d-f85b-50c3-85fb-3aee6d4c63ee,,
fddb1b4b-da73-5683-8bad-7bd445a47558,5597,stage,certification_directory,OU Kosher,6/20/2023,Product is certified kosher by the Orthodox Union.,,bdff27e6-69e9-5756-8c5b-5ce5c2cf6ef0,,
97f9a65c-36bc-5072-94cc-cb965304fb2a,5598,stage,certification_directory,The Vegan Society,12/2/2023,Product is registered with the Vegan Society as suitable for vegan consumption.,,db8f2c6a-ff6b-5d87-a168-9f1312b4627a,,
f407ff62-2f22-5f40-82c3-9e05c956d72c,5599,stage,supplier_statement,Fairtrade International,7/2/2023,"Product is certified Fairtrade, ensuring fair prices and working conditions for farmers.",,8209e86e-0314-5c87-84a3-6f44b94dd3cb,,
dece4403-8cb5-5b61-b014-6e698c894a63,5600,stage,third_party_audit,Fairtrade International,2/7/2024,"Product is certified Fairtrade, ensuring fair prices and working conditions for farmers.",,519d73fc-49bf-5abd-a52c-35ec31facfb1,,
42cc5478-ee50-508a-ad85-87e152bfb647,5601,stage,third_party_audit,Carbon Trust,9/24/2022,Product has achieved Carbon Trust carbon neutral certification.,,9d9fed55-3aa9-5ec7-bcad-cb9eee3240b1,,
ab1cc80f-6191-5a65-9cb3-77dd9aaaa5ed,5602,stage,third_party_audit,The Vegan Society,6/23/2022,Product is registered with the Vegan Society as suitable for vegan consumption.,,72042880-b8e5-52d3-a570-0a1b9d7241de,,
2c9e17c7-7c2a-5e42-95f8-3f23d0b4829a,5603,stage,third_party_audit,Rainforest Alliance,1/28/2022,Third-party audit confirms sustainable farming practices at origin.,,516580ad-5e5f-5a0f-aa05-2b5775569d8f,,
bc2a208e-5a73-5637-8b1e-4a6af1adcfce,5604,stage,audit_report,Rainforest Alliance,6/2/2023,Product carries Rainforest Alliance certification for sustainable farming practices.,,ff108e02-68c6-50f8-a5e7-6e2700816146,,
5aea4e83-6294-5e54-ae5a-9a4db0da0a41,5605,stage,supplier_statement,Carbon Trust,9/16/2022,Product has achieved Carbon Trust carbon neutral certification.,,a3cda1f4-9568-51e6-830c-a4020ccbad53,,
20940e07-10d9-587f-b213-42a7051aacff,5606,stage,supplier_statement,Marine Stewardship Council,5/28/2024,Product is MSC certified as sustainably sourced from well-managed fisheries.,,20d598c9-854d-56ed-85b7-9c4264dd3d3b,,
30baf64f-426e-5e72-a5bc-ac63c0390bfb,5607,stage,certification_directory,Rainforest Alliance,9/11/2023,Third-party audit confirms sustainable farming practices at origin.,,ed147833-f1d3-5f7f-90b8-3f298baae73f,,
30ef26b0-9014-5e7c-8594-4dd453ebd77c,5608,stage,audit_report,RSPO,11/6/2023,Palm oil ingredients sourced from RSPO-certified sustainable plantations.,,0ca0fc16-0ddf-5c98-a2d4-decf3320d8f5,,
1aca67e2-cc22-55f8-9fd5-71fc89329480,5609,stage,audit_report,Rainforest Alliance,5/12/2023,Third-party audit confirms sustainable farming practices at origin.,,4fb7f4d5-a2ea-5727-b689-c484959d495d,,
bf4dcdb7-2a88-5b94-84e7-51375c4ca667,5610,stage,certification_directory,OU Kosher,12/18/2022,Product is certified kosher by the Orthodox Union.,,fcd1ac1a-a1ca-5a4b-a5f0-c1f41b5cd340,,
1925a027-4bd5-5bca-a109-7584323b815c,5611,stage,batch_record,UTZ Certified,1/14/2024,Product carries UTZ certification for sustainable commodity sourcing.,,46d68fc6-4b2b-54b1-ae56-ff291c11fd8b,,
16937584-d803-5869-8c3a-815599c8d12e,5612,stage,supplier_statement,Rainforest Alliance,2/25/2022,Third-party audit confirms sustainable farming practices at origin.,,fa38fe56-bd86-5ff6-8617-806e931f0a5f,,
75325cc2-de9f-56c8-a14c-5794ceca4298,5613,stage,batch_record,Soil Association,2/13/2023,Product is certified organic by the Soil Association under EU organic standards.,,d4e854d7-b00b-5ca7-a915-b4085da9e225,,
f25f33d9-701d-5d78-8270-244ad88282ae,5614,stage,batch_record,UTZ Certified,5/1/2023,Product carries UTZ certification for sustainable commodity sourcing.,,eb976649-2b86-55a0-8b9a-75e112a48306,,
20164b0b-c9eb-5db2-888d-93ff15eed4f7,5615,stage,batch_record,OU Kosher,1/13/2022,Product is certified kosher by the Orthodox Union.,,1ed4b8eb-f0f3-5ac3-a6db-803af2cafa8f,,
a3dada69-50a0-5f60-8167-a92afb710e34,5616,stage,batch_record,Carbon Trust,1/27/2023,Product has achieved Carbon Trust carbon neutral certification.,,c0c153a6-d339-50c0-be81-85dc51d013d3,,
f3c271d8-9c6b-5454-adcb-7d44fad9eef3,5617,stage,third_party_audit,Protected Designation of Origin,10/15/2023,Product holds Protected Designation of Origin status under EU/UK law.,,e9951a68-f5a8-57ca-91a0-56b8630dd6b6,,
e9ba943d-5124-5780-bd20-dd5c77b990b9,5618,stage,batch_record,LEAF Marque,9/18/2023,Producer holds LEAF Marque accreditation for sustainable integrated farming.,,c4581e1a-70c0-5114-b1d6-70e94278b03c,,
4a1d22e4-eac9-5edb-8ea1-22e82fcfa3e6,5619,stage,certification_directory,Marine Stewardship Council,9/19/2022,Product is MSC certified as sustainably sourced from well-managed fisheries.,,f512a6a1-095b-57d5-a053-63e9e1b5a113,,
5cf46f33-bb10-5bfb-be7f-64a03881cb2a,5620,stage,audit_report,Carbon Trust,1/22/2024,Product has achieved Carbon Trust carbon neutral certification.,,01ed01b2-b956-53b2-a0ff-3811a74a2cff,,
fd7fe69b-0cd0-555c-bbd5-d9e8d67a9117,5621,stage,certification_directory,Fairtrade International,5/1/2024,"Product is certified Fairtrade, ensuring fair prices and working conditions for farmers.",,98cf341f-05cd-5e39-9214-c65f8ad69897,,
7a1c9e68-3a08-5547-bb25-139fba82de03,5622,stage,certification_directory,NON GMO Project,6/22/2023,Product verified non-GMO by the Non-GMO Project standard.,,44a9de1f-c06c-5054-bee6-a428d2016d69,,
6fc212c9-6a03-5279-abda-2661120849fa,5623,stage,supplier_statement,The Vegan Society,8/13/2022,Product is registered with the Vegan Society as suitable for vegan consumption.,,bbf9bb7c-2a77-57bb-b4b1-cb795b62e41e,,
2a820804-5ddb-5b51-9fa3-ce2627918418,5624,stage,certification_directory,Fairtrade International,9/27/2023,"Product is certified Fairtrade, ensuring fair prices and working conditions for farmers.",,20d10313-cece-572b-a319-d56be7322e62,,
10b6ceea-02d9-5f5f-964c-2ab7c05779ff,5625,stage,audit_report,RSPO,9/6/2023,Palm oil ingredients sourced from RSPO-certified sustainable plantations.,,d006918a-1b97-53cf-8bf3-0750194895b8,,
65b02b38-a16d-5853-85a7-f90f02c90801,5626,stage,third_party_audit,LEAF Marque,5/14/2022,Producer holds LEAF Marque accreditation for sustainable integrated farming.,,ec0a15e3-abe4-5d2a-bb62-9064ac03bf75,,
2ac1e701-6b8e-5784-9c7b-8736735b0a39,5627,stage,third_party_audit,Carbon Trust,4/2/2024,Product has achieved Carbon Trust carbon neutral certification.,,c22f7243-84b2-5e33-b3e0-7de11f6b59af,,
17884199-31dc-5da9-8f76-d46c46c6fcf3,5628,stage,certification_directory,The Vegan Society,10/17/2023,Product is registered with the Vegan Society as suitable for vegan consumption.,,70fd78c8-7d21-5dd5-b96e-43ae94448fa3,,
192a7de3-7b5c-52b5-916a-cf93922c9ca3,5629,stage,certification_directory,Carbon Trust,10/11/2022,Product has achieved Carbon Trust carbon neutral certification.,,ff04d435-a55b-5631-b9a8-7fd93757303a,,
740949fb-be12-5c66-bf68-869a40abf4c8,5630,stage,certification_directory,Aquaculture Stewardship Council,9/22/2022,"Product is ASC certified, meeting responsible aquaculture standards.",,e12f5943-5033-5656-b4cb-e41805da5445,,
28fecb70-2155-5603-bdb5-6427cd57d97c,5631,stage,certification_directory,The Vegan Society,5/19/2023,Product is registered with the Vegan Society as suitable for vegan consumption.,,b168f0a4-2b41-56f3-8ed4-01735aca99da,,
0c4e56d6-03dd-52f4-83ec-a684d267b43a,5632,stage,audit_report,NON GMO Project,10/23/2023,Product verified non-GMO by the Non-GMO Project standard.,,3ecd4a40-7498-5d7a-aabc-822c59d94ced,,
735444e6-cf54-5aeb-bf7c-90ab581bc959,5633,stage,batch_record,Carbon Trust,8/12/2022,Product has achieved Carbon Trust carbon neutral certification.,,21181f68-cd01-5bb8-96d5-428aeaf53644,,
3ffb5096-75ca-5e10-9f64-d8b6cf2ebc15,5634,stage,supplier_statement,The Vegan Society,4/16/2022,Product is registered with the Vegan Society as suitable for vegan consumption.,,e331072c-0012-5ba6-9339-a7b40bf41b16,,
784d6143-1445-5536-a837-5c64b16a2abb,5635,stage,third_party_audit,Rainforest Alliance,1/16/2024,Product carries Rainforest Alliance certification for sustainable farming practices.,,59f290f7-93b1-5e1e-9e26-8eac3b442b36,,
8a20e9d4-dcd3-5897-b607-86648a6dffb9,5636,stage,certification_directory,The Vegan Society,5/25/2023,Product is registered with the Vegan Society as suitable for vegan consumption.,,c6a893b2-8686-507f-916a-6f79e853fdb2,,
8ba7e3fd-b2fb-53a8-828d-331b2ca52b86,5637,stage,certification_directory,UTZ Certified,2/8/2022,Product carries UTZ certification for sustainable commodity sourcing.,,b903f586-7d3e-53fd-a024-289c7de41db1,,
3ca46692-94a7-5ac4-94af-b2be2dda11e7,5638,stage,supplier_statement,Rainforest Alliance,2/5/2023,Third-party audit confirms sustainable farming practices at origin.,,d74521a4-80bd-58bf-b1f4-549a343747f4,,
84bf028d-77e9-5605-a433-a0e1ac93f120,5639,stage,batch_record,Rainforest Alliance,5/5/2022,Third-party audit confirms sustainable farming practices at origin.,,53057fa7-2289-5de6-b668-4e4407760efd,,
8e4fcda5-d253-5b8c-8bf6-78f06c0e12c8,5640,stage,supplier_statement,UTZ Certified,2/15/2023,Product carries UTZ certification for sustainable commodity sourcing.,,92294e9b-7c29-5c69-94a9-67e24631f9b5,,
01b33e46-fc73-5ce3-ad2c-a029f8196693,5641,stage,certification_directory,UTZ Certified,1/10/2023,Product carries UTZ certification for sustainable commodity sourcing.,,e929524f-2c44-52b6-9e79-36bdc910ea63,,
10b36bc9-0788-5d50-a56d-a2f74d00a78b,5642,stage,supplier_statement,The Vegan Society,10/26/2023,Product is registered with the Vegan Society as suitable for vegan consumption.,,3dc633a2-772d-5685-8f79-6b8023147680,,
e91efec2-7b03-510c-b924-b5dab789fead,5643,stage,certification_directory,OU Kosher,1/29/2023,Product is certified kosher by the Orthodox Union.,,35c4e8cc-0afe-5318-adaf-ce04f348810f,,
61b3001a-eecb-5a47-a7ce-c188984f78bc,5644,stage,certification_directory,NON GMO Project,10/8/2023,Product verified non-GMO by the Non-GMO Project standard.,,0b558d89-ec82-59da-b5e6-3fcbce1addb4,,
abbddb65-3338-57c0-b7fe-8426810d00b7,5645,stage,audit_report,Fairtrade International,1/26/2022,"Product is certified Fairtrade, ensuring fair prices and working conditions for farmers.",,f79f2cac-1fb2-5868-a861-9640b6fc17e5,,
687cd3a5-a4d6-5fcb-9cae-461f5cbc5c4e,5646,stage,supplier_statement,OU Kosher,5/27/2023,Product is certified kosher by the Orthodox Union.,,2c785f1f-acb5-5f3d-8d7a-5e041f0492e5,,
c99a8940-36db-5f07-9669-b1744a5c652f,5647,stage,supplier_statement,Fairtrade International,3/17/2024,"Product is certified Fairtrade, ensuring fair prices and working conditions for farmers.",,471fc822-7a7c-5325-a890-ea538e1288d2,,
237dcac6-7fa8-5d86-aff7-37b3053580a6,5648,stage,third_party_audit,UTZ Certified,4/15/2023,Product carries UTZ certification for sustainable commodity sourcing.,,9d46fe24-f45c-50c1-bebd-af5d03879e30,,
c1a2a986-122b-5d3a-a2b2-80309b5b0139,5649,stage,certification_directory,Rainforest Alliance,1/24/2024,Product carries Rainforest Alliance certification for sustainable farming practices.,,fb8103e3-823a-5154-a86d-35b456c65692,,
efd7c5e4-cedd-5ddd-9777-b9ef59d874a3,5650,stage,certification_directory,UTZ Certified,4/28/2023,Product carries UTZ certification for sustainable commodity sourcing.,,295fe188-122f-51e0-9b50-6ecd0426f975,,
03f1861f-9c15-5808-83ac-9f94e6c9ca9e,5651,stage,audit_report,UTZ Certified,1/15/2022,Product carries UTZ certification for sustainable commodity sourcing.,,928886f8-e7e7-51a6-afbb-56fe3b76b0f4,,
3eb779f3-4216-5c78-b0a7-895fc30b1719,5652,stage,supplier_statement,Fairtrade International,4/20/2024,"Product is certified Fairtrade, ensuring fair prices and working conditions for farmers.",,4af1cf24-6f3b-515f-b5dc-5d9572d1dad8,,
e2fa9881-fd0f-5483-9b84-e35ec4b11413,5653,stage,certification_directory,RSPO,4/17/2024,Palm oil ingredients sourced from RSPO-certified sustainable plantations.,,24144c08-ec51-5a85-9b85-fb202dd63b59,,
2f26a7fa-6fd6-5ec9-a027-4fbb5cbb917a,5654,stage,third_party_audit,RSPO,8/14/2022,Palm oil ingredients sourced from RSPO-certified sustainable plantations.,,edf40460-198b-5672-8d4a-6bda6f2b7656,,
96bd3095-c24f-5766-bc40-ac9100c963bb,5655,stage,batch_record,Red Tractor,12/12/2022,Product meets Red Tractor standards for food safety and animal welfare.,,b74d5f39-659e-5840-a88f-04e272d95df2,,
e2d7d0a8-0b02-5398-aafe-73f1aa029c2f,5656,stage,third_party_audit,UTZ Certified,7/13/2023,Product carries UTZ certification for sustainable commodity sourcing.,,60a19112-79d8-5046-bf43-0e32836c916d,,
5e22c955-dfa6-5b0f-9c22-8b17333fcc83,5657,stage,audit_report,LEAF Marque,2/22/2024,Producer holds LEAF Marque accreditation for sustainable integrated farming.,,a4caacf8-d4c7-5d66-bd73-2f68f81ffa33,,
fdddcd49-5891-585d-bab6-85951f41c624,5658,stage,supplier_statement,Soil Association,3/6/2022,Product is certified organic by the Soil Association under EU organic standards.,,60b41f1e-d7b3-517c-b4f1-5f6d9d98926c,,
b456efc1-2df5-5323-aa31-4eb5a23d1cad,5659,stage,batch_record,Soil Association,6/22/2022,Product is certified organic by the Soil Association under EU organic standards.,,f9d4de9a-84c4-58c6-b2af-e2643d2a2014,,
7026e1a2-226f-5b80-93ec-a05303aabea9,5660,stage,third_party_audit,Rainforest Alliance,1/21/2023,Product carries Rainforest Alliance certification for sustainable farming practices.,,f1090d48-5476-5aec-8b93-3cf0c079cdbd,,
2ffb966f-79b0-50d0-bae1-e95e56c90a45,5661,stage,certification_directory,The Vegan Society,1/7/2022,Product is registered with the Vegan Society as suitable for vegan consumption.,,f195cdbb-b5ca-5b40-8aab-620557397178,,
f8b3a088-a485-5ca3-9eef-5b17c3517a6f,5662,stage,certification_directory,Protected Designation of Origin,12/25/2023,Product holds Protected Designation of Origin status under EU/UK law.,,8dede31f-db91-5eb1-8381-9483b7387b2c,,
ff7f653b-355f-5968-91a9-0a08b22e529f,5663,stage,supplier_statement,UTZ Certified,6/20/2023,Product carries UTZ certification for sustainable commodity sourcing.,,2bdac007-6969-510c-9d9b-81be63e5222e,,
343d4824-0566-562e-bb18-929166ce7e75,5664,stage,third_party_audit,Soil Association,12/10/2023,Product is certified organic by the Soil Association under EU organic standards.,,44bc656f-1612-5a44-a029-2c071f917e07,,
cb4237af-8d44-57b7-b954-b2b76acc5f6e,5665,stage,batch_record,Soil Association,9/19/2023,Product is certified organic by the Soil Association under EU organic standards.,,55e8910c-86a7-50a9-ab29-8eddb6b5fbbd,,
6bb9aa22-51af-5b56-ae84-f6cd3c2ddcf0,5666,stage,third_party_audit,Fairtrade International,8/30/2022,"Product is certified Fairtrade, ensuring fair prices and working conditions for farmers.",,6aff9223-a6d0-52cf-a977-b2f8aa13b3c9,,
77094007-c8af-5fcf-aac3-3cb7288dc329,5667,stage,certification_directory,OU Kosher,9/26/2023,Product is certified kosher by the Orthodox Union.,,931bc416-a43d-5e56-951d-7010dba2e056,,
67a574aa-ad66-5230-bbdd-6b73e843d756,5668,stage,third_party_audit,Carbon Trust,6/4/2023,Product has achieved Carbon Trust carbon neutral certification.,,623a72b1-bac4-5e44-b0ca-f47ce958e2c7,,
38704e97-5533-5224-9e29-7f98e76dc0f3,5669,stage,audit_report,Carbon Trust,10/11/2022,Product has achieved Carbon Trust carbon neutral certification.,,fd3c229b-0567-5745-9518-e16047b29f75,,
8dc3e5cf-9088-5582-bea6-ea2526dfd400,5670,stage,audit_report,Rainforest Alliance,12/3/2023,Product carries Rainforest Alliance certification for sustainable farming practices.,,788744d8-296b-5df6-a709-c5dfb35ba945,,
2094e8ed-f881-5da2-b879-169a54f7a2fd,5671,stage,certification_directory,Protected Designation of Origin,2/25/2022,Product holds Protected Designation of Origin status under EU/UK law.,,ee200aca-94d9-5850-8145-5369d0378de2,,
f12021a8-9719-5134-a8d8-efb01fc5dbb7,5672,stage,supplier_statement,NON GMO Project,12/9/2022,Product verified non-GMO by the Non-GMO Project standard.,,9bb9ec32-c12c-5aa1-abc5-5fab2cb1d8f6,,
5c2db86b-2e26-541d-8a91-aa61ab5fb8c6,5673,stage,third_party_audit,Fairtrade International,6/30/2022,"Product is certified Fairtrade, ensuring fair prices and working conditions for farmers.",,d23fcd31-5103-5d1b-bcac-f71720bdfade,,
5536a75a-784a-5cd1-94ed-3d13d4072856,5674,stage,batch_record,Fairtrade International,6/12/2023,"Product is certified Fairtrade, ensuring fair prices and working conditions for farmers.",,d2b3d832-1a0d-5caf-a671-8a0e9cb1a9ba,,
9c9e1637-0104-51df-a42c-eaf11753f99e,5675,stage,audit_report,Protected Designation of Origin,1/9/2024,Product holds Protected Designation of Origin status under EU/UK law.,,540e673b-a21d-53df-867a-8a96dd839e25,,
d91f58b8-aa28-5643-bb9c-5b5476de88e8,5676,stage,supplier_statement,Rainforest Alliance,8/22/2022,Product carries Rainforest Alliance certification for sustainable farming practices.,,796c29b2-bb68-5d6e-bc36-71765034d741,,
d9b28f6d-37b3-5dd6-b073-62b28397fb14,5677,stage,batch_record,Rainforest Alliance,6/9/2024,Third-party audit confirms sustainable farming practices at origin.,,f2a4d052-14d2-5248-8874-e7f8698346c4,,
40d736ec-587c-5ee5-adb7-9604865a8b77,5678,stage,audit_report,Protected Designation of Origin,3/17/2022,Product holds Protected Designation of Origin status under EU/UK law.,,852d7ab7-ddf2-53bf-ac44-640089f43aad,,
f0844d1e-944a-5f40-bc6c-fb8023c5e4fe,5679,stage,third_party_audit,Protected Designation of Origin,4/11/2023,Product holds Protected Designation of Origin status under EU/UK law.,,09403b38-09e9-5104-ac73-b146da63f8dd,,
9c41ee7b-8d96-517d-ad2f-a7e242806705,5680,stage,audit_report,Aquaculture Stewardship Council,4/14/2023,"Product is ASC certified, meeting responsible aquaculture standards.",,b61d920c-65b5-5d7d-a3cd-97d148f8741c,,
fff16817-15be-5313-9d78-e0d869fc48a5,5681,stage,certification_directory,Soil Association,12/10/2023,Product is certified organic by the Soil Association under EU organic standards.,,7b16136d-2025-5c94-a1e2-b062853894cb,,
b57b1e71-1775-58ae-93e5-b5721f96a4e7,5682,stage,batch_record,Rainforest Alliance,4/15/2023,Product carries Rainforest Alliance certification for sustainable farming practices.,,9a53a74b-4e2b-56e8-ad93-bd285d23e457,,
aa9c0ad1-9e7d-5012-b66e-e81c67342c03,5683,stage,third_party_audit,Marine Stewardship Council,6/10/2022,Product is MSC certified as sustainably sourced from well-managed fisheries.,,9bf86f1a-2b63-5a0d-83d5-ab210f1621f4,,
6c67bea2-64cf-5b92-9cb0-1d800fc2f7ad,5684,stage,audit_report,OU Kosher,3/30/2022,Product is certified kosher by the Orthodox Union.,,77cfcf10-8ccc-59f0-8ca3-0111799a6744,,
2fbe24d2-b30f-5463-b078-e2578aef9cb3,5685,stage,batch_record,The Vegan Society,10/13/2022,Product is registered with the Vegan Society as suitable for vegan consumption.,,def789f7-ceb1-5e70-8f51-681d0ba02ef5,,
05056904-2088-55ce-90f4-130d7060f76c,5686,stage,audit_report,NON GMO Project,9/11/2022,Product verified non-GMO by the Non-GMO Project standard.,,0bd4e345-0f40-5525-8360-11dcd2bed0cf,,
310d01ff-e104-5014-aa2f-445b8248ad91,5687,stage,audit_report,RSPO,8/29/2023,Palm oil ingredients sourced from RSPO-certified sustainable plantations.,,fe98c1bf-7521-52db-b325-ced49cac3449,,
b213791d-2f48-522d-8990-63f838a75083,5688,stage,third_party_audit,The Vegan Society,2/4/2022,Product is registered with the Vegan Society as suitable for vegan consumption.,,6197ecc1-6377-5276-bf87-7da618aaae74,,
59fee440-23a1-52f9-84c8-e9d213c55b8c,5689,stage,certification_directory,Carbon Trust,4/9/2023,Product has achieved Carbon Trust carbon neutral certification.,,9bc1c1a3-f1fa-5c64-9465-65ca2f3474ff,,
621b3d51-17c6-55bb-8da2-a93d097bf8c8,5690,stage,certification_directory,Carbon Trust,12/11/2023,Product has achieved Carbon Trust carbon neutral certification.,,c64957fe-40a5-5146-8d07-63dff110a238,,
a7b7c662-ecbf-5d51-910d-af084ec9471f,5691,stage,audit_report,Marine Stewardship Council,10/26/2023,Product is MSC certified as sustainably sourced from well-managed fisheries.,,64070f18-21fa-580d-a5ba-6bbefc8c8713,,
d929796d-b1ce-57cd-8e20-762225859e90,5692,stage,supplier_statement,UTZ Certified,6/15/2022,Product carries UTZ certification for sustainable commodity sourcing.,,b80e6d27-bb94-5cc5-84ea-56148151ebca,,
3ff9eeed-141a-58b6-8f22-0301ea4537f2,5693,stage,batch_record,The Vegan Society,3/1/2024,Product is registered with the Vegan Society as suitable for vegan consumption.,,da8402c7-a34a-5755-a40e-7ae09fe94f25,,
c5dcf7b3-13dc-5593-91e3-75d8f15e533c,5694,stage,batch_record,Rainforest Alliance,7/9/2022,Third-party audit confirms sustainable farming practices at origin.,,4591c2c6-4d3a-5db4-92bf-aba4ab292f55,,
20340b91-9afe-59fb-a24f-6f5bac42b84a,5695,stage,certification_directory,The Vegan Society,5/31/2024,Product is registered with the Vegan Society as suitable for vegan consumption.,,5f390526-f561-5e02-b1a4-9ab6ff60ff56,,
bf4f2502-02f3-56b0-bc4a-f039436e6d2e,5696,stage,supplier_statement,Rainforest Alliance,6/28/2023,Third-party audit confirms sustainable farming practices at origin.,,d857c176-c7a9-561f-8b42-88fa056702da,,
a43205ae-9a3f-5438-9a06-c6e5ea0f2e53,5697,stage,supplier_statement,NON GMO Project,12/16/2023,Product verified non-GMO by the Non-GMO Project standard.,,64f36f9d-45aa-5957-9ae0-cc2b0ca8a112,,
036e3569-255a-5674-9629-8ee53db79179,5698,stage,supplier_statement,Protected Designation of Origin,1/24/2024,Product holds Protected Designation of Origin status under EU/UK law.,,e6040de5-5d88-59b7-959e-622affa2de6b,,
f24dcfb8-550b-59d0-82c1-578f51188029,5699,stage,certification_directory,Fairtrade International,1/28/2023,"Product is certified Fairtrade, ensuring fair prices and working conditions for farmers.",,33637b5c-07bd-5611-9848-25e0b22a8713,,
5bbe6106-94ec-58db-a3c0-ae03a33c8912,5700,stage,certification_directory,RSPO,1/10/2023,Palm oil ingredients sourced from RSPO-certified sustainable plantations.,,7bc6f020-6be0-5814-8be3-d5bf382772f4,,
b9dde3cd-ec6d-5ea0-a373-0458bf7d32ee,5701,stage,third_party_audit,UTZ Certified,12/23/2023,Product carries UTZ certification for sustainable commodity sourcing.,,52fb8aaf-54d8-5e46-acda-ff8e4ca795ed,,
5232b5b5-2eb9-58e0-b305-efc7ae3cf806,5702,stage,audit_report,Rainforest Alliance,5/22/2022,Third-party audit confirms sustainable farming practices at origin.,,33e09d05-7bea-5505-af75-918c5ef94fb7,,
ae871c24-4c6d-5416-8bab-4259dd36b063,5703,stage,batch_record,Rainforest Alliance,1/26/2024,Product carries Rainforest Alliance certification for sustainable farming practices.,,666b7cb6-8409-547f-9166-0429d90797e0,,
590f68b7-0ca4-5890-9101-2808332150bd,5704,stage,audit_report,Rainforest Alliance,11/25/2022,Third-party audit confirms sustainable farming practices at origin.,,6bba4996-9c68-5b0b-b6d0-b6719308909a,,
bca04cc3-7ca2-5ea2-be81-f25a51586952,5705,stage,third_party_audit,Marine Stewardship Council,11/28/2023,Product is MSC certified as sustainably sourced from well-managed fisheries.,,56af5b96-c6b5-517d-a3c4-40eeb714d34c,,
fe45c724-19c7-5f59-b601-6bb4a1da75c0,5706,stage,supplier_statement,Aquaculture Stewardship Council,4/9/2023,"Product is ASC certified, meeting responsible aquaculture standards.",,475bef95-569d-5d45-9530-010bfda44acf,,
3ffa16d7-3bac-557a-9585-5e5402ff9861,5707,stage,third_party_audit,Rainforest Alliance,11/26/2023,Third-party audit confirms sustainable farming practices at origin.,,82831ef9-7698-5060-a1a5-8f2e0d161cb4,,
dd29dca1-868d-51b3-958a-37b2db2f04ec,5708,stage,certification_directory,UTZ Certified,7/12/2022,Product carries UTZ certification for sustainable commodity sourcing.,,2c75fb42-b1fa-5c00-b32e-c7b6789b8eca,,
f48aecd8-6481-53e2-9b66-76966b44b9f9,5709,stage,audit_report,Protected Designation of Origin,10/23/2022,Product holds Protected Designation of Origin status under EU/UK law.,,c507a504-0a52-54ac-85ee-6bbca08f36d5,,
214d0a49-ee8a-5bfe-b78a-8cca359d6854,5710,stage,supplier_statement,Soil Association,4/25/2022,Product is certified organic by the Soil Association under EU organic standards.,,9e179c3d-1cb3-51df-962b-4eb4f8139f2f,,
d803c290-6ce6-51d3-9e12-84ab10c45da3,5711,stage,third_party_audit,UTZ Certified,5/16/2022,Product carries UTZ certification for sustainable commodity sourcing.,,d5c248bb-5f5f-54e5-94ef-9fe2c03caf0d,,
d53eb06a-5687-5471-b93b-5c29fabae10f,5712,stage,certification_directory,Red Tractor,1/23/2022,Product meets Red Tractor standards for food safety and animal welfare.,,a19fa686-99dd-5b18-a6e6-15e2fda6ee7a,,
081178f3-6838-5fdb-82ca-a4c411819855,5713,stage,supplier_statement,OU Kosher,2/26/2023,Product is certified kosher by the Orthodox Union.,,6fd9f36c-19f5-5fd2-baf8-7929c4d83eff,,
4de96b3d-4f32-57d3-a6fa-9ba553017b04,5714,stage,supplier_statement,Carbon Trust,8/21/2022,Product has achieved Carbon Trust carbon neutral certification.,,894dff87-578a-5d21-8bfe-1b8ec6a31550,,
e6485679-6540-55c7-b251-c8f6fe01dda8,5715,stage,supplier_statement,Aquaculture Stewardship Council,4/12/2023,"Product is ASC certified, meeting responsible aquaculture standards.",,e57e44b5-23d0-58bb-b4aa-10d7b683ef2e,,
b2120ca4-49dc-51be-a2b0-a91ad68ddfb8,5716,stage,supplier_statement,OU Kosher,7/6/2022,Product is certified kosher by the Orthodox Union.,,ab7f809c-58d5-542b-b87a-518ca8a8995a,,
a8a03c7a-c3bc-5fb4-af50-2510e3e65a26,5717,stage,certification_directory,Red Tractor,2/12/2022,Product meets Red Tractor standards for food safety and animal welfare.,,212bdf95-6623-55f4-9262-d7b59d5ccab8,,
411f84a7-cfa4-5bf9-a156-b25bdd74c764,5718,stage,third_party_audit,Red Tractor,12/26/2023,Product meets Red Tractor standards for food safety and animal welfare.,,a706e9fc-fcdb-56e9-b03b-e22dea368886,,
483f134b-d9dc-5594-9841-06cc3c6c3441,5719,stage,supplier_statement,Aquaculture Stewardship Council,6/1/2022,"Product is ASC certified, meeting responsible aquaculture standards.",,1fbd8a5f-a079-5d8c-915c-b9813a1d0cf9,,
1efbf0a0-f024-5535-a8bd-b86468e91bdc,5720,stage,audit_report,OU Kosher,7/1/2023,Product is certified kosher by the Orthodox Union.,,f514d4db-299d-5e91-9473-e6464d28454b,,
a54ce5d1-c4ab-54d4-9ebf-a101ec0cbe94,5721,stage,certification_directory,Protected Designation of Origin,2/19/2023,Product holds Protected Designation of Origin status under EU/UK law.,,c4ee6d7b-deb5-5c0b-8d02-2719849760b4,,
0c9e1f71-35c5-572b-ba80-fa2b460a13de,5722,stage,third_party_audit,Rainforest Alliance,6/4/2023,Third-party audit confirms sustainable farming practices at origin.,,bc1de6e5-14ee-51eb-90cc-82a1e777be7a,,
15634eff-8605-5786-a293-d925ba49d549,5723,stage,supplier_statement,Rainforest Alliance,5/1/2023,Third-party audit confirms sustainable farming practices at origin.,,981c1d36-e195-52a9-85de-3f94df9786d3,,
670c8144-48ff-5784-a873-7a6af98e17cd,5724,stage,batch_record,Rainforest Alliance,2/11/2022,Product carries Rainforest Alliance certification for sustainable farming practices.,,1ef84757-d41e-5372-be02-c9db8fdce436,,
681a9c0a-2807-5f70-aa2a-5bff9d34bb15,5725,stage,certification_directory,OU Kosher,11/12/2022,Product is certified kosher by the Orthodox Union.,,ccb418f9-02e6-5480-af17-c1f18785f2ec,,
2214062b-1b06-5da4-a567-4167a1be8573,5726,stage,audit_report,RSPO,4/2/2023,Palm oil ingredients sourced from RSPO-certified sustainable plantations.,,75eaec26-05e1-587f-ab53-8a24cb7454ef,,
2cadd240-cbdc-51b2-bdec-2b377638bb5a,5727,stage,certification_directory,Aquaculture Stewardship Council,9/15/2023,"Product is ASC certified, meeting responsible aquaculture standards.",,2d1aac12-d5f7-5a95-b1fd-0174c75430e2,,
d0d330b4-c3d2-50cf-8672-9b1b8084eabd,5728,stage,supplier_statement,Protected Designation of Origin,7/20/2022,Product holds Protected Designation of Origin status under EU/UK law.,,f5f9da43-1aba-51dd-a629-ab98d200cb63,,
6a70123c-2a5e-5153-a2e5-e7730f33ce22,5729,stage,batch_record,OU Kosher,11/25/2023,Product is certified kosher by the Orthodox Union.,,3544f5db-77ee-50ac-9673-c322558e122d,,
837fd833-be03-5f6a-8fb3-5bd4250108c0,5730,stage,batch_record,OU Kosher,7/19/2022,Product is certified kosher by the Orthodox Union.,,607ec264-a83b-51f1-95b4-263bdad7e061,,
37c38140-2379-5280-835b-19d100cf7dcf,5731,stage,supplier_statement,UTZ Certified,2/12/2023,Product carries UTZ certification for sustainable commodity sourcing.,,1d00dd13-617b-57c3-b218-b13723e5768c,,
e6697a48-0a36-556f-ac09-e2a038755156,5732,stage,batch_record,LEAF Marque,1/14/2023,Producer holds LEAF Marque accreditation for sustainable integrated farming.,,94b954c5-cb4c-516a-b9d7-273396c69af4,,
b19d6697-0654-5d15-a8f3-20979891a5f5,5733,stage,supplier_statement,Fairtrade International,12/20/2022,"Product is certified Fairtrade, ensuring fair prices and working conditions for farmers.",,c4e11ff6-c9e9-5303-a6a3-c659a8fd96c8,,
6bb34384-47e8-5d1f-a6d7-bd9433f42915,5734,stage,third_party_audit,The Vegan Society,3/31/2022,Product is registered with the Vegan Society as suitable for vegan consumption.,,95903bf9-6fb8-57a9-a2be-c877e5ed4608,,
581db17e-b9e9-537d-a0a1-85912fd3890d,5735,stage,batch_record,Protected Designation of Origin,1/30/2024,Product holds Protected Designation of Origin status under EU/UK law.,,b97b15d5-f527-57de-bdd2-e977a6b54256,,
67c3f2f9-4485-5136-8b91-66369d5002d1,5736,stage,batch_record,Carbon Trust,1/17/2024,Product has achieved Carbon Trust carbon neutral certification.,,dfd8fdfb-0d44-5b18-8b28-f7d7e5d1e407,,
9cfb9dbd-23ac-5819-8df1-24551edaf9b6,5737,stage,third_party_audit,RSPO,3/30/2022,Palm oil ingredients sourced from RSPO-certified sustainable plantations.,,7fd33c95-662f-55ef-b862-38edcc23da34,,
cbbc06be-ec6b-5e39-9906-eb9b4753495a,5738,stage,batch_record,Marine Stewardship Council,6/7/2024,Product is MSC certified as sustainably sourced from well-managed fisheries.,,bf8ae7de-05ba-50ae-ba2a-75670658b4a6,,
a65de994-8ec1-54a4-8a72-73248282f309,5739,stage,third_party_audit,Protected Designation of Origin,2/14/2024,Product holds Protected Designation of Origin status under EU/UK law.,,ae68713f-b45d-50b8-8c25-f1fe8416d028,,
9d82f05e-851e-557f-be8d-b35b96cf5a1e,5740,stage,batch_record,Fairtrade International,10/17/2023,"Product is certified Fairtrade, ensuring fair prices and working conditions for farmers.",,ea4ddba8-6610-5729-ac9e-b89af0578ff1,,
63b5a710-64ed-54df-b293-5b9305885273,5741,stage,batch_record,Soil Association,10/24/2022,Product is certified organic by the Soil Association under EU organic standards.,,83d62f70-341a-5b1a-9397-5df77dbae3b8,,
0efb751d-824c-5856-a872-1395132f9751,5742,stage,supplier_statement,LEAF Marque,5/4/2024,Producer holds LEAF Marque accreditation for sustainable integrated farming.,,d86d8278-ad24-52e7-b0f4-965d728cdfc5,,
7fc1d8db-ee82-5420-93e7-29855c652047,5743,stage,certification_directory,Carbon Trust,6/7/2022,Product has achieved Carbon Trust carbon neutral certification.,,de1896fe-4023-5557-aaf2-8ba083e242cb,,
f811b7d0-a72d-5fd0-a3b0-f23ef938daaa,5744,stage,batch_record,UTZ Certified,5/8/2022,Product carries UTZ certification for sustainable commodity sourcing.,,2838e0e3-69c2-551e-89a8-57b3bc0e19dd,,
b9170904-e96b-57c4-82f7-0e8188b06c60,5745,stage,supplier_statement,Rainforest Alliance,5/20/2023,Product carries Rainforest Alliance certification for sustainable farming practices.,,3b4a0510-dd66-5767-b171-f37c0d8c8d71,,
8a7c1308-590f-57be-8393-732076ddf97c,5746,stage,supplier_statement,Rainforest Alliance,8/19/2023,Third-party audit confirms sustainable farming practices at origin.,,de3100e1-64a0-51d4-af72-6bbee6c6bde7,,
b0509c7e-86db-536b-b5f6-76d9932a447b,5747,stage,batch_record,UTZ Certified,12/12/2023,Product carries UTZ certification for sustainable commodity sourcing.,,e707e1d0-32e8-5695-95e7-fc9fe4d92542,,
8a93f8a8-5cf2-5f00-a876-e031c41147f5,5748,stage,third_party_audit,Rainforest Alliance,1/18/2022,Third-party audit confirms sustainable farming practices at origin.,,b4fe5a5d-a007-5259-8acb-32e941998b93,,
a42e1aa7-41c7-5474-9bdd-97f63df41238,5749,stage,audit_report,Fairtrade International,11/24/2022,"Product is certified Fairtrade, ensuring fair prices and working conditions for farmers.",,cc7352f9-c2a3-5ede-8d5d-fc7732386c24,,
617ea492-b892-574e-aaaf-176e0baa28ad,5750,stage,supplier_statement,Fairtrade International,1/5/2023,"Product is certified Fairtrade, ensuring fair prices and working conditions for farmers.",,ecf94a12-d1bc-5e0f-bd3e-587f7ec6b4cc,,
ca8b2114-f0f5-5937-9ab4-5bdc6182dcc0,5751,stage,supplier_statement,Marine Stewardship Council,6/27/2023,Product is MSC certified as sustainably sourced from well-managed fisheries.,,df325f28-f669-55fe-9c03-ea4b123c3a7e,,
bf025fc9-f1db-50a3-bf80-f2724ac872bd,5752,stage,audit_report,Red Tractor,2/23/2024,Product meets Red Tractor standards for food safety and animal welfare.,,eb4c7a2f-f339-5cf1-90ac-fdb0b0cad4ae,,
48e503ec-4c58-5fca-898d-a1f99c345476,5753,stage,audit_report,Carbon Trust,7/11/2023,Product has achieved Carbon Trust carbon neutral certification.,,c8ac3b03-1f73-5d2e-ab2e-b41741965d22,,
9b2b947b-b60a-5a97-aaa9-e1c4614fb45e,5754,stage,supplier_statement,Aquaculture Stewardship Council,10/5/2022,"Product is ASC certified, meeting responsible aquaculture standards.",,eaa113a6-86b2-5086-9fc6-dec7d82a62b0,,
699dd6f8-3c48-5eeb-a511-cc3b695b715f,5755,stage,supplier_statement,RSPO,4/23/2024,Palm oil ingredients sourced from RSPO-certified sustainable plantations.,,2b80fe6d-c04d-59c6-9fd5-e282f7707279,,
ada5af8b-470f-596e-9edf-b1eeeb6b869c,5756,stage,third_party_audit,Soil Association,10/16/2022,Product is certified organic by the Soil Association under EU organic standards.,,8eab787e-8e3b-505b-81fb-7c336d32acb4,,
0f169a41-8851-5b67-b814-064fc124eea0,5757,stage,batch_record,The Vegan Society,12/15/2022,Product is registered with the Vegan Society as suitable for vegan consumption.,,02bb050b-2bca-591a-adc2-2f6292d00c3c,,
adf32634-19e7-5b7d-94b9-788a7727223b,5758,stage,audit_report,Red Tractor,5/31/2023,Product meets Red Tractor standards for food safety and animal welfare.,,4632db3f-7102-5144-8da7-cb5e8726f6c8,,
5a5b51b5-490e-5a5e-b351-5312ae287871,5759,stage,third_party_audit,Red Tractor,9/21/2023,Product meets Red Tractor standards for food safety and animal welfare.,,f941fdea-0354-5739-ad27-a31f3ac3d05e,,
5d37fa6e-da10-590e-b1d8-3aaaeb18e3b4,5760,stage,certification_directory,Soil Association,5/7/2023,Product is certified organic by the Soil Association under EU organic standards.,,32da0a1f-4aa6-57cc-9e55-e4dfa9a22dca,,
25a7fdc3-7527-520e-bca4-d2b4ebbb4f73,5761,stage,supplier_statement,Rainforest Alliance,5/23/2022,Third-party audit confirms sustainable farming practices at origin.,,56ccfbc6-8e07-5997-bb87-a3d9b8012727,,
0b8d9f56-ca7a-550f-931d-e3fd1a3bf44c,5762,stage,supplier_statement,Rainforest Alliance,1/30/2022,Third-party audit confirms sustainable farming practices at origin.,,d5c70d03-cb40-5069-acbb-13c4572f3772,,
41eead1b-51b2-54e0-8c26-055894f85162,5763,stage,audit_report,Soil Association,12/6/2023,Product is certified organic by the Soil Association under EU organic standards.,,b1393219-c744-5e46-a9b4-903b23afd85f,,
00a06096-4fdc-5f3e-a761-05b67ea3356b,5764,stage,audit_report,Soil Association,5/14/2022,Product is certified organic by the Soil Association under EU organic standards.,,913849aa-7854-5e08-a2c1-37cf8e1f7b68,,
c1abbefa-0837-57df-98db-08515ead3bd2,5765,stage,batch_record,Fairtrade International,2/15/2024,"Product is certified Fairtrade, ensuring fair prices and working conditions for farmers.",,c3f8705f-a573-5e7e-974e-453e374602e7,,
93f0d75f-5e82-58ca-9395-a40e50422f04,5766,stage,third_party_audit,Fairtrade International,8/31/2023,"Product is certified Fairtrade, ensuring fair prices and working conditions for farmers.",,2fcc69a5-7e06-5baa-847b-1d877c86b355,,
fc9e1a5c-7480-5c9c-b183-4a2db0500dd9,5767,stage,supplier_statement,Rainforest Alliance,2/14/2022,Product carries Rainforest Alliance certification for sustainable farming practices.,,b10699f5-fbe4-5419-8ad6-2ec4ae3c8c1c,,
bc6a3b0f-2c7f-5e35-be58-ac5dbe419117,5768,stage,certification_directory,UTZ Certified,2/12/2024,Product carries UTZ certification for sustainable commodity sourcing.,,e578d394-d2da-556d-8de1-b41d8bdd4e74,,
22274dcc-df6a-54a1-971f-619b9d0f84c2,5769,stage,third_party_audit,Rainforest Alliance,7/30/2022,Product carries Rainforest Alliance certification for sustainable farming practices.,,3158514b-0eff-5b06-8eec-0a2e7c6b3257,,
ce7d7c8f-f8d5-5d34-9695-d774a318c635,5770,stage,supplier_statement,UTZ Certified,1/30/2022,Product carries UTZ certification for sustainable commodity sourcing.,,8fefbdd2-b952-54f6-8561-0ca0f502bb29,,
5c1c4de5-4252-5220-93ba-78ddadd5a95e,5771,stage,supplier_statement,LEAF Marque,8/17/2023,Producer holds LEAF Marque accreditation for sustainable integrated farming.,,c005ad53-7645-5ad7-9c14-a0fbe55cc1e6,,
8707e510-48df-5b25-9546-cfd9b3b77905,5772,stage,third_party_audit,Soil Association,3/10/2024,Product is certified organic by the Soil Association under EU organic standards.,,fcd23f58-5d6c-5914-849c-5e4ba95023ea,,
c8bec973-fbd2-56a8-8d65-2637f68d4381,5773,stage,certification_directory,RSPO,4/12/2022,Palm oil ingredients sourced from RSPO-certified sustainable plantations.,,c8dfda5f-1380-5692-96dc-508f0c778bc3,,
957a04c1-6ea2-5248-a2b9-6ec4395eee6d,5774,stage,third_party_audit,Carbon Trust,1/5/2022,Product has achieved Carbon Trust carbon neutral certification.,,a3186fca-92c0-55d1-90bb-bcbd484382b4,,
cc9c0aab-ff4f-5af7-aa8f-1e4ffe06c5e7,5775,stage,third_party_audit,Red Tractor,5/21/2024,Product meets Red Tractor standards for food safety and animal welfare.,,2d74a4d4-32cd-54a8-a00e-19f92621d0f5,,
4b53b268-5e88-5086-aa05-d668d0abd4bd,5776,stage,audit_report,RSPO,3/27/2023,Palm oil ingredients sourced from RSPO-certified sustainable plantations.,,c64f4a6a-13ff-5efd-b835-5e30e70067de,,
f54e196e-5ac5-571b-8d38-caa2d99f1e20,5777,stage,supplier_statement,LEAF Marque,1/24/2023,Producer holds LEAF Marque accreditation for sustainable integrated farming.,,037da257-9d18-5b4c-a7b0-958422a0cf1c,,
e6bc85b3-1bf0-5684-8a31-c252b03d2929,5778,stage,certification_directory,The Vegan Society,6/17/2023,Product is registered with the Vegan Society as suitable for vegan consumption.,,0aa47786-1327-5473-bd97-719d365ca714,,
b6281c5e-229f-5aa3-b4d6-e16a34ba8063,5779,stage,supplier_statement,Carbon Trust,12/23/2023,Product has achieved Carbon Trust carbon neutral certification.,,b2cbe459-aa6a-50d0-abe7-29974e42e058,,
8137888a-df07-5598-b936-4c5a170e6bb0,5780,stage,certification_directory,Rainforest Alliance,3/26/2022,Third-party audit confirms sustainable farming practices at origin.,,8284a8a6-0f30-5d2d-a5a9-7fd9fa3e7b47,,
6e21054f-1c20-5724-be73-7a2cd475a539,5781,stage,batch_record,Rainforest Alliance,10/18/2022,Product carries Rainforest Alliance certification for sustainable farming practices.,,d2727fd5-aec5-5f82-8d27-ce08104da854,,
0a88375d-fa41-5727-a8f3-89f22a299ab4,5782,stage,supplier_statement,NON GMO Project,5/25/2024,Product verified non-GMO by the Non-GMO Project standard.,,60556d84-25c1-53ea-8204-3955914d3413,,
2de1a265-b65b-5052-a7bf-e939e1016314,5783,stage,batch_record,Fairtrade International,11/20/2023,"Product is certified Fairtrade, ensuring fair prices and working conditions for farmers.",,f09f347b-b235-5ae1-818f-10e3f6fac960,,
e34ab9f0-3c54-502c-bcbe-da0c20b9ae58,5784,stage,third_party_audit,The Vegan Society,11/6/2023,Product is registered with the Vegan Society as suitable for vegan consumption.,,d1bdf51e-50e2-5ac3-b726-da12b88f18e0,,
42c99ac6-25e2-5c32-b3a8-575d82b5c9a5,5785,stage,batch_record,NON GMO Project,12/13/2023,Product verified non-GMO by the Non-GMO Project standard.,,d74ed654-5007-5fcf-97c6-b8c76e72f0b6,,
49156427-a97b-581e-bf3b-0ac17dce877a,5786,stage,audit_report,Protected Designation of Origin,3/8/2022,Product holds Protected Designation of Origin status under EU/UK law.,,28775ff8-36bf-57b0-93ea-62eb1c8c1153,,
5db26311-a35e-5702-8fc2-1763fac7094c,5787,stage,supplier_statement,Red Tractor,7/25/2022,Product meets Red Tractor standards for food safety and animal welfare.,,d097e61e-d145-5f55-84e7-87b45f3f96fe,,
20d3b708-40b7-57de-ade1-fb6c7a859251,5788,stage,batch_record,LEAF Marque,1/13/2024,Producer holds LEAF Marque accreditation for sustainable integrated farming.,,00b25929-e69a-54da-813f-6d48c22c17c9,,
c37db927-2696-5ff2-bba9-a05834cf59f7,5789,stage,third_party_audit,UTZ Certified,2/19/2023,Product carries UTZ certification for sustainable commodity sourcing.,,67b4cd57-d6a3-5500-9675-b334edfeb42e,,
f7a45d5a-f611-555f-aaed-544bfd2c0089,5790,stage,certification_directory,The Vegan Society,5/6/2022,Product is registered with the Vegan Society as suitable for vegan consumption.,,c91965d3-ea6d-5e7d-8bc4-2f6c50ae2391,,
72273124-4b51-5855-9cc2-b5d80d9cf450,5791,stage,audit_report,The Vegan Society,10/6/2023,Product is registered with the Vegan Society as suitable for vegan consumption.,,9ed9fcbc-1cc6-50b7-b57e-3e3c0d7ea854,,
cc2b630d-eb05-53af-a5b2-3847a79cd348,5792,stage,certification_directory,Rainforest Alliance,4/30/2024,Third-party audit confirms sustainable farming practices at origin.,,538c6be6-b8b2-55a7-a63d-4bfd690cfd25,,
05a99c17-20e9-5d80-b20e-b68d92630ba4,5793,stage,certification_directory,UTZ Certified,7/3/2022,Product carries UTZ certification for sustainable commodity sourcing.,,8890558f-f64c-532c-a555-a688fc96dd27,,
35ef6771-95b5-54c0-af11-44e9bfec805d,5794,stage,supplier_statement,UTZ Certified,6/6/2022,Product carries UTZ certification for sustainable commodity sourcing.,,0f555410-e5a6-5f4c-9fe1-d8c24e8442b0,,
65a50289-c7a1-566d-87a0-1318743c1735,5795,stage,certification_directory,RSPO,2/18/2024,Palm oil ingredients sourced from RSPO-certified sustainable plantations.,,395cf2f8-e457-5e81-a3a6-c65f8696ae6e,,
bcb14021-ab90-59f3-82c0-c837249f99c5,5796,stage,third_party_audit,Carbon Trust,2/25/2024,Product has achieved Carbon Trust carbon neutral certification.,,58412731-a4cd-5b70-8031-7a856a5629bb,,
4bbddcc5-0654-588d-adea-a7477aaea2ae,5797,stage,batch_record,The Vegan Society,6/1/2023,Product is registered with the Vegan Society as suitable for vegan consumption.,,7fbfacf1-7f97-5409-8d58-35651f0d805c,,
833a861c-344b-552f-9513-55ff59e562df,5798,stage,third_party_audit,Aquaculture Stewardship Council,7/14/2023,"Product is ASC certified, meeting responsible aquaculture standards.",,81693e45-d93b-54f4-99eb-b30a49e13b8e,,
de6ec37c-a78e-5bf1-a82e-13762f484d5c,5799,stage,certification_directory,Carbon Trust,3/17/2023,Product has achieved Carbon Trust carbon neutral certification.,,719c239d-03c0-51eb-9551-cce85e48a4c9,,
f04d3f4e-5b6e-55ae-b480-c8471786b5c1,5800,stage,supplier_statement,The Vegan Society,5/23/2024,Product is registered with the Vegan Society as suitable for vegan consumption.,,62bce8fa-a31c-55af-acb3-1ea82c2ce260,,
d1473c33-7ede-54ad-a27f-4547361f3dfc,5801,stage,certification_directory,The Vegan Society,2/3/2022,Product is registered with the Vegan Society as suitable for vegan consumption.,,323c28a0-834d-5b16-96a8-ce59818e112c,,
23f8a29c-36cb-53df-8fe6-bf1525fc11e4,5802,stage,supplier_statement,UTZ Certified,12/25/2023,Product carries UTZ certification for sustainable commodity sourcing.,,2aa18e98-b02b-5281-98f7-ec6e53c7ab0f,,
a2ae2c1b-43fb-5474-9d2c-01d44c2714ac,5803,stage,audit_report,NON GMO Project,11/16/2022,Product verified non-GMO by the Non-GMO Project standard.,,5d444ebc-05c6-5d11-956b-51b383952c6a,,
914dece4-fc89-5ff1-ab9c-0d3319438838,5804,stage,batch_record,UTZ Certified,11/7/2023,Product carries UTZ certification for sustainable commodity sourcing.,,a76d8d21-fb55-57f7-9dc4-3a5dcf91836e,,
48a71dd8-dd76-53f1-ad76-98a4273d7141,5805,stage,batch_record,Fairtrade International,9/27/2022,"Product is certified Fairtrade, ensuring fair prices and working conditions for farmers.",,81c90b37-3fb6-575b-a82d-c9499f5ae6cd,,
36204af2-16e1-5c98-9f70-f199e7112bbb,5806,stage,supplier_statement,Marine Stewardship Council,3/4/2022,Product is MSC certified as sustainably sourced from well-managed fisheries.,,38884283-b4dc-551a-87b0-29572ebc8c7c,,
e805863f-22e2-5377-aea3-00c39191afc0,5807,stage,audit_report,Fairtrade International,5/7/2024,"Product is certified Fairtrade, ensuring fair prices and working conditions for farmers.",,0e9a2e3d-52db-5095-94b5-89f92025fb0e,,
e5fc5734-884d-5bbf-aa67-71dca4cbe841,5808,stage,third_party_audit,Carbon Trust,1/28/2022,Product has achieved Carbon Trust carbon neutral certification.,,c9311a0f-0570-53d8-93d6-2518f625240e,,
e4552f01-6365-5c94-9ab3-b1fa3f5447eb,5809,stage,supplier_statement,NON GMO Project,1/1/2023,Product verified non-GMO by the Non-GMO Project standard.,,68289d44-0297-5122-ad2a-d7c27d15c489,,
6d2113f9-7153-59b5-bdd0-ab4f3f3c3afa,5810,stage,audit_report,Red Tractor,8/29/2022,Product meets Red Tractor standards for food safety and animal welfare.,,74a83b62-d3fc-5f62-be71-0c8c42c232a2,,
166f07cd-8547-5a5e-a288-c04d74b01ac0,5811,stage,certification_directory,Marine Stewardship Council,12/12/2022,Product is MSC certified as sustainably sourced from well-managed fisheries.,,e8d282ff-521c-5c24-97d3-0f88bc9ad36f,,
64e42514-7941-5838-99e6-01eed14a1e8c,5812,stage,supplier_statement,OU Kosher,2/8/2022,Product is certified kosher by the Orthodox Union.,,f6110c7c-cc53-5502-83cb-532fb6da7d2b,,
78e088a2-3523-507d-9f6a-817aa655340c,5813,stage,batch_record,Rainforest Alliance,8/26/2023,Third-party audit confirms sustainable farming practices at origin.,,6d99d442-c5ae-59fc-b5f5-0107283223f6,,
67102d0a-9463-51eb-9ad1-970348416c7c,5814,stage,batch_record,Aquaculture Stewardship Council,8/8/2023,"Product is ASC certified, meeting responsible aquaculture standards.",,fe7d9ef2-6a47-5fe4-991e-024c1d89e1ca,,
e6f25dfa-1a7f-56e7-852a-84a1a8bddeb4,5815,stage,certification_directory,RSPO,4/7/2024,Palm oil ingredients sourced from RSPO-certified sustainable plantations.,,6010f95e-90bc-59d8-954d-f21416a38873,,
a86ae431-fa52-5d3a-96e3-788339c5f892,5816,stage,third_party_audit,The Vegan Society,4/10/2024,Product is registered with the Vegan Society as suitable for vegan consumption.,,bc84a4a4-14a1-5c4e-b13e-0944c713c04c,,
d4608d67-de93-585d-b890-eafb788f7639,5817,stage,supplier_statement,RSPO,1/8/2023,Palm oil ingredients sourced from RSPO-certified sustainable plantations.,,cb6c30d6-44e5-5c02-8713-88a6ca2cf5fe,,
891f7d34-e61a-5d6e-8807-ebfe1097441a,5818,stage,certification_directory,UTZ Certified,5/10/2024,Product carries UTZ certification for sustainable commodity sourcing.,,e2808b9f-529f-5790-a377-aed00653582c,,
7338c690-bfd6-5d56-8586-aa4441fbdfea,5819,stage,certification_directory,Marine Stewardship Council,11/1/2022,Product is MSC certified as sustainably sourced from well-managed fisheries.,,2d4cb04b-fa34-51b1-a8d8-081e71c679dd,,
8432ed48-0f2e-51f9-8e35-a12a95913be2,5820,stage,certification_directory,Rainforest Alliance,1/5/2024,Third-party audit confirms sustainable farming practices at origin.,,c901ebbc-32a2-5752-a7db-019dd3c7a47c,,
a506e628-bcc7-58b5-962c-aba2509828aa,5821,stage,supplier_statement,Aquaculture Stewardship Council,3/10/2022,"Product is ASC certified, meeting responsible aquaculture standards.",,591ecc5b-8e7a-5d7a-9900-d4434d6c4e8a,,
c6e4bd97-ac21-5e0e-9c40-ed190910476b,5822,stage,supplier_statement,Rainforest Alliance,6/1/2023,Product carries Rainforest Alliance certification for sustainable farming practices.,,a0f9e937-4c9c-5bca-9a61-8b3802a8860a,,
4d5a9bd7-c2db-53b9-9567-3a7d83c99f73,5823,stage,supplier_statement,NON GMO Project,10/2/2023,Product verified non-GMO by the Non-GMO Project standard.,,a563ff4e-a0cf-5e3f-ad39-0006abc6b9ed,,
c2683507-753e-5470-8181-04f3b6891a18,5824,stage,audit_report,The Vegan Society,11/8/2023,Product is registered with the Vegan Society as suitable for vegan consumption.,,41bb5e7f-5ac1-5a5a-bd20-5bd279c6a029,,
0f2c8a28-26d0-596b-b4a7-4b6c752bdb85,5825,stage,audit_report,Soil Association,6/4/2022,Product is certified organic by the Soil Association under EU organic standards.,,5f1ee2ea-b6b1-5b1f-9233-5a59af2bed63,,
c13f7925-b433-5616-9ae3-b1362c59ecff,5826,stage,audit_report,Marine Stewardship Council,9/20/2022,Product is MSC certified as sustainably sourced from well-managed fisheries.,,f96334d4-0d9b-5eb9-a2c5-abd0ed7e1200,,
da6dff39-cd05-5b30-81ad-6e6566d8fd70,5827,stage,certification_directory,Red Tractor,6/3/2022,Product meets Red Tractor standards for food safety and animal welfare.,,2330866d-9562-59f7-ad69-d622140d6261,,
4c842bbc-60e3-58da-8f85-698dd2942aff,5828,stage,supplier_statement,Red Tractor,4/21/2023,Product meets Red Tractor standards for food safety and animal welfare.,,221c2d0a-08a1-5a2a-82a7-d7d057c8d150,,
964382ab-114a-542d-8da0-f2eb7453c5bf,5829,stage,audit_report,Marine Stewardship Council,1/30/2022,Product is MSC certified as sustainably sourced from well-managed fisheries.,,e1f65b9c-946b-5189-be3c-cd8d9b32bedb,,
66331e29-5bc6-5388-889e-bb7e00695486,5830,stage,supplier_statement,Carbon Trust,11/6/2023,Product has achieved Carbon Trust carbon neutral certification.,,eb6e0da3-a270-5a1e-aaf6-3ab7fb0266e7,,
5860bc8c-5074-52c0-9615-01a9f12a8128,5831,stage,batch_record,Rainforest Alliance,3/12/2024,Third-party audit confirms sustainable farming practices at origin.,,59a35b89-42d2-5463-8a22-4c204fae6aad,,
03722a10-1e3e-5f2a-925b-8ba8e51cfe60,5832,stage,certification_directory,LEAF Marque,11/18/2022,Producer holds LEAF Marque accreditation for sustainable integrated farming.,,371d310f-5519-593b-9bc4-0a6256bc2052,,
f2cf8694-bbdd-5e9c-869b-c3d489f13503,5833,stage,certification_directory,UTZ Certified,2/11/2023,Product carries UTZ certification for sustainable commodity sourcing.,,52b0f8b1-a8cc-590f-82db-687e9df69c95,,
ea29d5be-1ebe-5051-bce9-0ce37599c3ab,5834,stage,third_party_audit,Rainforest Alliance,1/23/2024,Product carries Rainforest Alliance certification for sustainable farming practices.,,bbae1503-406e-5e3f-8526-e6c34cac2fa8,,
330037eb-6903-58ea-94f6-464916c18193,5835,stage,third_party_audit,UTZ Certified,3/4/2024,Product carries UTZ certification for sustainable commodity sourcing.,,b361d4cf-6ea0-524e-aa8a-f5eccf96f824,,
5c5adc5b-189a-59f7-bc8c-62c229aaa697,5836,stage,certification_directory,Protected Designation of Origin,9/1/2022,Product holds Protected Designation of Origin status under EU/UK law.,,a1995d1f-17bc-5a73-b2fd-d0c83d89a7b9,,
2a0c6d88-006a-5406-8e02-d9d4f053b2a4,5837,stage,third_party_audit,LEAF Marque,1/25/2024,Producer holds LEAF Marque accreditation for sustainable integrated farming.,,e3d402fa-4633-5e5a-aa3e-813437afee5c,,
ec420e84-0fac-5cfc-9707-9597f727f160,5838,stage,audit_report,Rainforest Alliance,3/10/2023,Third-party audit confirms sustainable farming practices at origin.,,0c03b458-3d69-556d-ab28-65e882a2321a,,
90790c78-73c9-5ec7-a9f8-e72b3da5e569,5839,stage,audit_report,Rainforest Alliance,8/8/2022,Product carries Rainforest Alliance certification for sustainable farming practices.,,c70037fd-09c9-5c9c-b02b-145814bc2b88,,
429d34ee-f26d-5202-8104-fc2d100ab1dc,5840,stage,certification_directory,RSPO,5/18/2023,Palm oil ingredients sourced from RSPO-certified sustainable plantations.,,2ceb2963-ea37-59f3-8705-4521cda74bd7,,
ce9ecd93-2ccb-5b8e-a67e-b19be1d543e8,5841,stage,batch_record,OU Kosher,5/2/2023,Product is certified kosher by the Orthodox Union.,,cf618abb-2cb5-5f52-be81-3b34315666fb,,
2467f6a5-ddde-5d59-a546-e902a8386de0,5842,stage,supplier_statement,Rainforest Alliance,4/21/2024,Third-party audit confirms sustainable farming practices at origin.,,3a8ab913-eed9-5294-8a27-3b08b4df2db0,,
70e573fc-b209-5e9f-a9d2-392db5e76b09,5843,stage,third_party_audit,UTZ Certified,2/5/2022,Product carries UTZ certification for sustainable commodity sourcing.,,49d46465-c329-500d-a45f-4128e5320556,,
3dd6aa3d-f719-58b8-8296-23d10dae64ff,5844,stage,batch_record,OU Kosher,11/13/2022,Product is certified kosher by the Orthodox Union.,,8e03e2b5-d73b-5e76-97b2-a34aaa24a517,,
4ef66577-138a-50b2-a196-7c836b75780c,5845,stage,batch_record,The Vegan Society,1/9/2022,Product is registered with the Vegan Society as suitable for vegan consumption.,,7aaec1ab-9422-53a3-876e-ff379e37b6c9,,
55262fef-23e4-5e8d-ba52-233ab580d235,5846,stage,supplier_statement,Protected Designation of Origin,11/5/2022,Product holds Protected Designation of Origin status under EU/UK law.,,0460f541-8766-5c86-a0ac-554a1d056cab,,
848afc06-e160-596b-b7ba-d322744824a6,5847,stage,audit_report,LEAF Marque,11/1/2022,Producer holds LEAF Marque accreditation for sustainable integrated farming.,,dd2a0885-59ef-578d-99bd-7f9666f91db4,,
bfa246d1-c0ed-52ba-a4e2-19f19cfaa64c,5848,stage,audit_report,Protected Designation of Origin,3/26/2023,Product holds Protected Designation of Origin status under EU/UK law.,,d213d218-c1a0-51fb-9c8b-010021d291c9,,
6530a6ab-9393-55c3-8b4a-4b8dae1684d7,5849,stage,certification_directory,LEAF Marque,4/22/2024,Producer holds LEAF Marque accreditation for sustainable integrated farming.,,21c38b99-edf4-51b4-b5e1-ce5af7463d8d,,
c325725a-0b1f-5fbd-be04-96abd6a20970,5850,stage,certification_directory,NON GMO Project,4/24/2024,Product verified non-GMO by the Non-GMO Project standard.,,0fb90613-949e-5a2b-89fe-83705c61f087,,
23a4d947-25c1-5e30-877c-6227c857d3aa,5851,stage,third_party_audit,Marine Stewardship Council,3/9/2022,Product is MSC certified as sustainably sourced from well-managed fisheries.,,465418c1-8f67-592d-a58f-9b5cd48199ea,,
fdd34780-3908-5cbc-bce2-8961ad66cf15,5852,stage,third_party_audit,RSPO,1/26/2024,Palm oil ingredients sourced from RSPO-certified sustainable plantations.,,a7fde36d-3912-5c76-924e-f4c896d434b2,,
dfc53d24-ab9e-5cfd-867d-f05a70cf7105,5853,stage,certification_directory,Rainforest Alliance,2/20/2024,Third-party audit confirms sustainable farming practices at origin.,,2829f40c-41f2-5b04-8f13-f326a94203fc,,
ae469623-4cb4-5849-911b-be222f662cdf,5854,stage,audit_report,UTZ Certified,10/8/2023,Product carries UTZ certification for sustainable commodity sourcing.,,43d47bdd-0a77-5c0e-ac97-8db3572f42d7,,
274a37ed-c616-5481-848e-a3149c0dca08,5855,stage,supplier_statement,Red Tractor,11/18/2022,Product meets Red Tractor standards for food safety and animal welfare.,,34dd5520-0b77-57a1-8964-b6c366e44009,,
c7671b6b-bd03-5fa5-9938-f69d48b5b004,5856,stage,third_party_audit,Red Tractor,1/1/2024,Product meets Red Tractor standards for food safety and animal welfare.,,794db05d-8804-5a58-b022-029def18997e,,
682752aa-39af-5f26-a6c3-dd6d067112af,5857,stage,audit_report,The Vegan Society,9/24/2022,Product is registered with the Vegan Society as suitable for vegan consumption.,,9675e393-d07e-5ae0-8af7-9d0ba9e5e8c7,,
95e54fb1-243e-5d01-91f2-8a9872e39ad7,5858,stage,supplier_statement,RSPO,3/29/2024,Palm oil ingredients sourced from RSPO-certified sustainable plantations.,,153be0d0-ac18-5d8e-9cdb-d3328a9b5487,,
080a0860-4645-5adf-b51f-e4eacac57a8c,5859,stage,batch_record,Rainforest Alliance,1/12/2023,Product carries Rainforest Alliance certification for sustainable farming practices.,,fd1e6679-a00f-5a86-b1f2-c0b321756d14,,
b4d04dad-04c6-5d64-8879-c4e58b25cea4,5860,stage,batch_record,Protected Designation of Origin,5/4/2024,Product holds Protected Designation of Origin status under EU/UK law.,,30000fb9-2d98-5050-b2dd-a28a82e8c4ad,,
452bac68-782d-552e-ac74-45f320c974b8,5861,stage,third_party_audit,Fairtrade International,10/25/2023,"Product is certified Fairtrade, ensuring fair prices and working conditions for farmers.",,41053539-35a4-5b95-a461-a61adfb92d04,,
1591128c-6c74-5148-ab4a-817929cdd94c,5862,stage,batch_record,Rainforest Alliance,7/23/2022,Product carries Rainforest Alliance certification for sustainable farming practices.,,f916b97c-51a2-5436-ae08-6fa213220527,,
b7ecf5b5-e941-5b70-a55b-c49ccf1cce7d,5863,stage,audit_report,LEAF Marque,2/20/2022,Producer holds LEAF Marque accreditation for sustainable integrated farming.,,85ca2cae-4b09-5e57-b4ff-d500bd17a92d,,
e1c4e659-5298-5725-b2a4-ae8d749dc188,5864,stage,supplier_statement,Rainforest Alliance,6/24/2022,Product carries Rainforest Alliance certification for sustainable farming practices.,,a06c77fc-eba8-5a1b-97e0-221ef5a98168,,
c40a64f6-aa70-556f-8e8e-e4e0becbd714,5865,stage,third_party_audit,Rainforest Alliance,3/22/2023,Third-party audit confirms sustainable farming practices at origin.,,843ec406-aa29-5ace-b487-812a67c8e2ec,,
2ba3b1e3-4dd4-52f2-89be-5351bc45662f,5866,stage,audit_report,Red Tractor,6/1/2024,Product meets Red Tractor standards for food safety and animal welfare.,,46a7913a-b2f0-519f-ad79-66dbbc9449af,,
d6afe968-5692-5b89-9ef8-70bdcedca1b7,5867,stage,batch_record,Rainforest Alliance,1/27/2023,Third-party audit confirms sustainable farming practices at origin.,,1e98dfef-6f1f-5070-8f18-5f045139b4cf,,
91333717-50a0-5de3-8f0e-ec9df7652110,5868,stage,audit_report,LEAF Marque,9/7/2023,Producer holds LEAF Marque accreditation for sustainable integrated farming.,,0a723ec8-8d8a-57cc-b423-37fb3937e004,,
e6e84c51-752f-50f3-a5fb-b15a2bf937fd,5869,stage,supplier_statement,LEAF Marque,1/15/2024,Producer holds LEAF Marque accreditation for sustainable integrated farming.,,61c671b3-b43c-5280-9cb1-2f75588271e7,,
b61022ee-cb78-589d-bf46-e462f6137864,5870,stage,supplier_statement,Marine Stewardship Council,8/30/2022,Product is MSC certified as sustainably sourced from well-managed fisheries.,,cd5fffd4-52bf-5005-ba47-0ec0ca6ea9de,,
d8d9ba1e-7ea3-5f40-968a-8733c799d005,5871,stage,batch_record,UTZ Certified,3/29/2022,Product carries UTZ certification for sustainable commodity sourcing.,,fa6b6c6a-4aaa-5c6b-b51e-0a45ecc12ac2,,
75217eb8-c679-5352-9826-f5bbe4908127,5872,stage,supplier_statement,Soil Association,12/11/2023,Product is certified organic by the Soil Association under EU organic standards.,,3d645fa3-4e16-5edc-87a3-2d66206ed828,,
8465c149-8a53-5867-afef-64aac3f3a30f,5873,stage,batch_record,Red Tractor,12/27/2023,Product meets Red Tractor standards for food safety and animal welfare.,,fe3cc95f-7bbc-5dd9-ab43-450962da789b,,
54c3debf-4aa6-5fde-bc50-cede4329612a,5874,stage,certification_directory,OU Kosher,2/23/2022,Product is certified kosher by the Orthodox Union.,,97d4853b-0f55-5fa3-88e9-e085a96f0413,,
73338839-084c-5a98-8e64-b0ca546a8285,5875,stage,batch_record,Red Tractor,12/29/2022,Product meets Red Tractor standards for food safety and animal welfare.,,23a8ce76-fd81-5c4d-8f4a-c60094fae6d5,,
14b892bf-a28e-5134-b8f8-4310a00edbeb,5876,stage,third_party_audit,Marine Stewardship Council,9/27/2023,Product is MSC certified as sustainably sourced from well-managed fisheries.,,c8069a51-1384-58a2-907d-83af07263e50,,
7a5ecec8-ca5e-51fc-bd2a-e61b35573940,5877,stage,supplier_statement,NON GMO Project,5/16/2022,Product verified non-GMO by the Non-GMO Project standard.,,98e2aded-dff3-5921-a605-22a93c184c70,,
a425fa5d-3d71-5f72-a0a9-21dd25d000ea,5878,stage,batch_record,OU Kosher,12/14/2022,Product is certified kosher by the Orthodox Union.,,514333bd-c8e8-5f20-a99d-9bf955522eb7,,
1d15cdf4-8905-589f-b294-86ac87631664,5879,stage,third_party_audit,Aquaculture Stewardship Council,3/20/2023,"Product is ASC certified, meeting responsible aquaculture standards.",,b5399749-8b02-524a-bfb7-851c38593d81,,
1d0dddb2-d31d-5319-9d1c-845b69f589bb,5880,stage,supplier_statement,Rainforest Alliance,2/15/2022,Product carries Rainforest Alliance certification for sustainable farming practices.,,ed21a806-2905-508a-a96e-a1abd26f8877,,
84d07553-d525-59ba-afd4-8a7ae4fcea9d,5881,stage,batch_record,Aquaculture Stewardship Council,10/17/2022,"Product is ASC certified, meeting responsible aquaculture standards.",,0cba6e8a-c087-5087-9f31-5af15cb5e94d,,
3c3a5244-9d52-5763-b474-c7f81af5382f,5882,stage,supplier_statement,LEAF Marque,6/14/2023,Producer holds LEAF Marque accreditation for sustainable integrated farming.,,64435329-d141-52bd-9766-df2f116daa93,,
5d1a5524-a998-5017-9d0d-a2f24cf5311f,5883,stage,audit_report,Protected Designation of Origin,11/20/2022,Product holds Protected Designation of Origin status under EU/UK law.,,93b6c138-f0e5-5dc6-8c93-afc88bafc491,,
c501efa1-4fc6-5ba7-9a6b-c95497a4bb3b,5884,stage,audit_report,Fairtrade International,7/7/2022,"Product is certified Fairtrade, ensuring fair prices and working conditions for farmers.",,052cf873-a335-5b33-b980-498c9b49876d,,
efa4da04-9cb0-5eb4-a879-e11c00499f36,5885,stage,audit_report,Marine Stewardship Council,12/24/2023,Product is MSC certified as sustainably sourced from well-managed fisheries.,,c9a41889-846d-5dd0-ace6-c3497c59fa79,,
26d8859f-2fb5-5af5-9014-7733e6a82b42,5886,stage,batch_record,Protected Designation of Origin,2/11/2022,Product holds Protected Designation of Origin status under EU/UK law.,,c428ab14-5701-5c49-9119-88f87d61ea04,,
b3476372-e22f-5fb0-babb-cb447a99aef2,5887,stage,audit_report,Rainforest Alliance,5/7/2022,Third-party audit confirms sustainable farming practices at origin.,,fdde3db5-0cdd-541e-b60b-57a24b527682,,
24ba542f-5ff2-58db-be2a-3ae803c32456,5888,stage,supplier_statement,Red Tractor,7/4/2022,Product meets Red Tractor standards for food safety and animal welfare.,,ea077e3d-eccd-5669-8344-37c9ff72d50f,,
6b72a8b6-d388-55f8-b7ec-62d45a70d248,5889,stage,third_party_audit,Fairtrade International,2/25/2024,"Product is certified Fairtrade, ensuring fair prices and working conditions for farmers.",,57c302f0-f724-5076-b215-9592bd3869a0,,
58484042-63dc-5a1b-946a-b1e791d94dd8,5890,stage,batch_record,Carbon Trust,11/25/2023,Product has achieved Carbon Trust carbon neutral certification.,,3e3a5761-8847-5795-a345-6c290446314c,,
5e6e85fe-1276-5f83-8b1d-b21351f69d88,5891,stage,certification_directory,Aquaculture Stewardship Council,10/19/2022,"Product is ASC certified, meeting responsible aquaculture standards.",,90787df2-2d77-5334-a318-1240dd3b9cf2,,
f75d5f00-16eb-5f8b-bbd8-ea35491f8029,5892,stage,certification_directory,RSPO,5/7/2024,Palm oil ingredients sourced from RSPO-certified sustainable plantations.,,5bb2206b-80da-5aa5-bb8c-89f302abf027,,
376deb3c-a5ea-5000-ade9-5967f27320aa,5893,stage,certification_directory,Fairtrade International,4/17/2023,"Product is certified Fairtrade, ensuring fair prices and working conditions for farmers.",,b727d774-3b6d-58ce-a6ab-f09fea3d704e,,
5bdc340d-fd00-51cb-8e82-9a41fffffd3d,5894,stage,third_party_audit,Fairtrade International,4/9/2023,"Product is certified Fairtrade, ensuring fair prices and working conditions for farmers.",,e604a139-1a0f-54b2-9f5b-eab85b1d51fb,,
5a141580-35b1-5ade-88a5-3aa8149bd9a2,5895,stage,third_party_audit,Rainforest Alliance,5/13/2022,Third-party audit confirms sustainable farming practices at origin.,,b73abd9e-f5b6-5950-8d80-77fe11857f09,,
fd625309-2151-508a-a9bd-7189acc84446,5896,stage,supplier_statement,Fairtrade International,11/27/2022,"Product is certified Fairtrade, ensuring fair prices and working conditions for farmers.",,26e8a78a-fed2-5025-b090-ffb2fe81c597,,
757106e8-8c53-5f54-8f83-70ff608e8dff,5897,stage,audit_report,Marine Stewardship Council,9/3/2022,Product is MSC certified as sustainably sourced from well-managed fisheries.,,d9ac3e6b-3797-5363-8799-d3528539df34,,
c4c8e4c3-2264-52fb-91a8-ff901566a849,5898,stage,audit_report,LEAF Marque,6/16/2022,Producer holds LEAF Marque accreditation for sustainable integrated farming.,,b368e33e-be35-5676-a07b-da4a29739ff8,,
3383a474-076c-5d95-a86f-683a0c5b38fd,5899,stage,supplier_statement,NON GMO Project,10/25/2023,Product verified non-GMO by the Non-GMO Project standard.,,2bdb1017-c2b3-5a01-949c-15db9a2614be,,
a37f53e3-e186-5fc8-8fbb-00637b34457b,5900,stage,batch_record,The Vegan Society,1/24/2024,Product is registered with the Vegan Society as suitable for vegan consumption.,,ed3b0243-8153-533f-b03c-bb6309118c28,,
