node_uuid,node_id,org_name,role,country,city
c46285da-d380-5738-889a-8b7af951336a,2001,spanish orchards,orchard,spain,
4a0f870e-d1c0-5015-9978-aa493ba258f6,2002,tesco,supermarket,united kingdom,
9ecdea6e-114a-57ef-b9a1-5b1844175c9b,2003,american orchards,orchard,united states,
79b5f634-1d51-5b9b-a41b-e6f3c6975a63,2004,gogo squeez food plant,food processing plant,united states,
f0bf824f-57f1-555f-81fd-fbf942a6137e,2005,general supermarkets,supermarket,unknown,
9a2f1151-3158-55c6-aba6-11e4c5d25e35,2006,south african orchards,orchard,south africa,
1d83ff36-42f9-5c41-8a25-89aee6054ffa,2007,apple orchards,orchard,unknown,
35cca600-64f3-5d6c-af88-752e3d56a640,2008,marks and spencer,supermarket,united kingdom,
3e4eff93-7228-5c92-938e-4cce7341842a,2009,sainsburys,supermarket,united kingdom,
2f9c6b42-4efb-5718-8651-9a4646c08907,2010,lidl,supermarket,united kingdom,
9b407b08-7b08-5bd9-b79f-7bff8425e600,2011,uk orchards,orchard,united kingdom,
b74691d1-565f-5d77-a2a0-8859558cdb61,2012,leahy orchards,orchard,canada,quebec city
4a664a12-05f7-573f-b803-bea9f2277c86,2013,applesnax food plant,food processing plant,canada,
14da47f4-c026-5744-98a8-e2bd037ae29c,2014,asda,supermarket,united kingdom,
6e636f97-ed0e-53a3-9c5f-2f02c89ecb37,2015,spanish olive groves,olive grove,spain,
9e7e8579-51cb-5b5b-921c-967374ce27a2,2016,spanish olive oil mills,olive oil mill,spain,
676f4974-b8f5-5f42-8a4b-22966a39876b,2017,uk oil processing plants,food processing plant,united kingdom,
3b042f37-2f8f-5908-8a1a-2ac2a9cb260e,2018,general supermarkets,supermarket,united kingdom,
b5a2ad42-81a2-52ba-9464-2689f5a5a6f8,2019,italian olive groves,olive grove,italy,
0f3b90f5-98a0-51d5-9067-5d6c7bb2c0b0,2020,italian olive oil mills,olive oil mill,italy,
9c655bcc-9c52-57af-8f40-8a468efab7b2,2021,british olive oil mills,olive oil mill,united kingdom,
2356a5e7-0b76-5a6e-aeae-53c0b65ea4f1,2022,tunisian olive groves,olive grove,tunisia,
9c0f6e76-dba4-57cc-9b5a-7c6f5b1c1c40,2023,tunisian olive oil mills,olive oil mill,tunisia,
2b4278e2-e71a-55f9-97c6-29a1cf9e2ee6,2024,greek olive groves,olive grove,greece,
e2bb7fb2-6b33-5c95-8f65-4f46b5d9f6cb,2025,greek olive oil mills,olive oil mill,greece,
1f1a1b50-5b6f-5d51-9d8f-67c3d8a8b2b7,2026,british rapeseed farms,farm,united kingdom,
409fc19e-4b6f-55e8-a442-1fa2c0d8d6d6,2027,british rapeseed oil mills,food plant,united kingdom,
9d8518b0-c0b9-582b-a9b1-1f066f77c5fc,2028,Tesco PLC,retailer,united kingdom,
0ebfb33d-b894-5771-918e-632c9379113d,2029,Sainsbury's,retailer,united kingdom,
3463d30c-175a-54f6-b3c4-902bd313c4be,2030,Waitrose and Partners,retailer,united kingdom,
a32dd69e-0a60-56f9-b807-9356c46df8b4,2031,ASDA Stores,retailer,united kingdom,
0bd700ff-a0c0-58bb-9b35-fc283d9cd3ff,2032,Aldi UK,retailer,united kingdom,
4173ab46-b88e-5c37-b38a-dd95e4580f2d,2033,Lidl UK,retailer,united kingdom,
39618516-09dc-5856-9d5c-fd79bd0fd05b,2034,Marks and Spencer,retailer,united kingdom,
790f93aa-9203-5d4e-a835-8e44ad6bad68,2035,Co-op Food,retailer,united kingdom,
096c265c-d191-5bd1-bef5-bb32ea1583bd,2036,Morrisons,retailer,united kingdom,
da074142-bbb3-59ba-88f1-cd35ccb7cfba,2037,Ocado Retail,retailer,united kingdom,
6adacd0c-daae-58e4-9049-cd3b893f8764,2038,Booker Wholesale,distributor,united kingdom,
4ff5d4b7-19c0-551f-905c-e925106ffbba,2039,Bidfood UK,distributor,united kingdom,
7325d674-5b55-50c0-af28-4f2299cace1a,2040,Brakes Brothers,distributor,united kingdom,
c44c2104-37a0-5a7e-b21b-4502f5382882,2041,DHL Food Logistics,distributor,united kingdom,
01b19b67-943f-5aaa-8e22-ac99770bd52e,2042,Kuehne+Nagel Food,distributor,united kingdom,
93cdd118-6620-5025-9210-7a01fc5a0a6a,2043,Golden Harvest Co,farm,vietnam,
3846ecf5-b4cc-577b-a5dd-cfe51bd5b12d,2044,Bucaramanga Farmers Union,cooperative,brazil,
99daba6b-a852-5de3-86f8-4e4837aace26,2045,Oromia Cooperative,cooperative,vietnam,
700afa92-35dd-5f54-8b89-225754f7720d,2046,Monmouth Coffee,roaster,colombia,
72093812-6992-5e2a-b399-b7b8fe8404a0,2047,Square Mile Roasters,roaster,colombia,
107ed033-bffd-525b-9859-112982397af5,2048,Sunrise Agricultural,farm,vietnam,
d0514e5c-d1f2-554f-b2cc-65acce57c157,2049,Yirgacheffe Cooperative,cooperative,vietnam,
50c069fa-57c5-5283-96b8-172478cba003,2050,Oromia Cooperative,cooperative,colombia,
f939b899-0898-5a02-a98a-97a325f219ec,2051,Has Bean Coffee,roaster,ethiopia,
027e9790-8866-5cf2-afcd-ffa39c869a5e,2052,Square Mile Roasters,roaster,ethiopia,
ca78a04e-5aea-5dcd-a535-43e86c420556,2053,Golden Harvest Co,farm,brazil,
5fbf5418-8344-594c-b00f-a6e42e8f6af7,2054,Bucaramanga Farmers Union,cooperative,kenya,
ebd48fcb-e753-5440-93ca-f253ce86b67b,2055,Huila Growers Union,cooperative,costa rica,
861e5607-7c8e-5071-ba2e-3a0450cb6365,2056,Monmouth Coffee,roaster,brazil,
0262eea2-ef2b-5897-8f62-090e84f9f82c,2057,Has Bean Coffee,roaster,kenya,
aecd38a0-23f1-5486-a0bb-8a403b7704c4,2058,Highland Fields,farm,colombia,
6f4a171c-41aa-5135-b9a3-8e14050b9b64,2059,Huila Growers Union,cooperative,vietnam,
af0edc82-e2bf-5b33-bd69-a636bfcdc539,2060,Huila Growers Union,cooperative,costa rica,
0291f084-f8ec-59e1-8ba6-06a6e569911d,2061,Tchibo Roasters,roaster,vietnam,
c75a1838-a321-567c-8107-ce6cfaaa6b55,2062,Union Hand-Roasted,roaster,costa rica,
ba3fa82e-91a5-5fc2-8b98-93d104ab1161,2063,Meadowbrook Farm,farm,kenya,
f5905f48-bf3f-5122-bd8e-1c87ebad0e3f,2064,Minas Gerais Coop,cooperative,kenya,
3acdf86f-2521-5c58-9d3b-2eb2a8ad0e3a,2065,Minas Gerais Coop,cooperative,colombia,
69240fbb-4d71-5ccf-af7c-3d0bb3e965eb,2066,Square Mile Roasters,roaster,ethiopia,
44db27bc-6bf4-5106-a251-5128f7c8ca3b,2067,Square Mile Roasters,roaster,vietnam,
4b5bdfb5-f887-5428-960a-ea0db3fb09cd,2068,Cedar Grove Estate,farm,ethiopia,
713688e7-b48b-5fbd-b441-15b4f48f4d5d,2069,Minas Gerais Coop,cooperative,brazil,
d0cd5894-ebe6-5260-a1f7-5c03e68cd205,2070,Cauca Cooperative,cooperative,ethiopia,
6ada1d7b-52be-554d-8b1d-13f5fc3834ab,2071,Square Mile Roasters,roaster,brazil,
d837cd66-9a1d-529a-a6ac-cb9fa7850893,2072,Monmouth Coffee,roaster,brazil,
fd500181-3ebd-58ad-b343-0307aaa83522,2073,Golden Harvest Co,farm,nigeria,
6c9a5070-de4a-55ad-97af-96c66d86d927,2074,Antioquia Producers,cooperative,nigeria,
bad3eebd-4a49-51f0-935b-30d3ba6208f5,2075,Antioquia Producers,cooperative,cameroon,
c2c0db91-6de4-5cc7-8588-ec9fd5d64e3d,2076,Ecuadorian Fine Cocoa,fermentation plant,ghana,
1287c7f5-ad18-5460-a907-154695df1ab6,2077,West Africa Cocoa Ltd,fermentation plant,ecuador,
88c3612e-ee27-5608-aa8e-a68bc5b5c3bc,2078,Iberian Food Industries,factory,nigeria,
b06ab02c-1dea-5d00-9aed-74f4a76828c3,2079,European Foods Manufacturing,factory,cameroon,
152b9d4d-3c98-5bde-9142-40494bbfcd15,2080,Sunrise Agricultural,farm,ecuador,
389bb77c-59c5-5b34-9e47-d99c30655262,2081,Huila Growers Union,cooperative,cameroon,
d2aaf108-ae74-55b6-9f3f-900ab1cfd9c8,2082,Yirgacheffe Cooperative,cooperative,cameroon,
a5845e3f-e66a-5be3-b042-a239a7f34231,2083,Ecuadorian Fine Cocoa,fermentation plant,ecuador,
e578b91b-557b-56f9-bc90-32f8151e409e,2084,Ghana Cacao Processing,fermentation plant,ghana,
0f585b72-5e71-521f-8080-61a86a9f0170,2085,Continental Confections,factory,cameroon,
51d141aa-9506-5509-8f4b-385cebd46eda,2086,British Food Processing,factory,ghana,
4f14cd93-d107-53d4-a612-7bb96a937fe6,2087,Sunrise Agricultural,farm,ecuador,
c7784b45-6ba9-59d2-80bd-a613b0a7aab5,2088,Cauca Cooperative,cooperative,ecuador,
68d91cf5-ff09-5c7a-9b6c-adb7fb80d8e4,2089,Oromia Cooperative,cooperative,ecuador,
9fa0921e-6367-57c3-bc8f-68fed0a897d7,2090,Ecuadorian Fine Cocoa,fermentation plant,ghana,
6602b575-96b0-5c3a-afb5-dd5ea53e9929,2091,Ivory Coast Fermenters,fermentation plant,ghana,
903a19f1-5393-55fa-ae9d-4adf19154e4a,2092,Iberian Food Industries,factory,ivory coast,
775dd4f2-8bec-5f1f-9145-211791bd7a85,2093,Iberian Food Industries,factory,cameroon,
05996e28-0fca-5b80-ad28-aa6bad38e420,2094,Evergreen Growers,farm,cameroon,
4040aabd-71d2-5776-aaad-59468ebef381,2095,Bucaramanga Farmers Union,cooperative,nigeria,
4702ceb9-6cd1-5980-a806-0ce5be5a8017,2096,Oromia Cooperative,cooperative,cameroon,
d17e1a2d-982a-53ef-8ee1-c6474034c64a,2097,Ivory Coast Fermenters,fermentation plant,ghana,
562eb118-bbd4-55cd-8b31-abd21e73cbc1,2098,West Africa Cocoa Ltd,fermentation plant,peru,
dc755f10-4d02-5140-a233-16d1be18f659,2099,Alpine Production Group,factory,nigeria,
91ffd45b-d752-566d-b0ba-54c9708ca77e,2100,Alpine Production Group,factory,ecuador,
26efee29-ea0a-544f-887b-7a0118e789b5,2101,Cedar Grove Estate,farm,ecuador,
3f7007d9-1c43-5191-8dbd-be95e98ada74,2102,Huila Growers Union,cooperative,ghana,
0586602a-77c0-59c7-a110-3c0ac6f26080,2103,Minas Gerais Coop,cooperative,ivory coast,
d344984d-109d-58f1-967a-c10b8e96dad7,2104,Ecuadorian Fine Cocoa,fermentation plant,peru,
5ea06734-4145-5639-b75e-87aa70440c55,2105,Ecuadorian Fine Cocoa,fermentation plant,ecuador,
60446dfd-8a66-59af-a9c8-71d6ee6c5da4,2106,Iberian Food Industries,factory,nigeria,
1da372c8-d952-5ca1-ac47-72dd9480bf08,2107,Continental Confections,factory,cameroon,
24ae9efe-971c-54ce-bc62-21043d039183,2108,Blue Ridge Farm,farm,peru,
7f35946d-8672-5c68-9cd2-ec078b48fd92,2109,Huila Growers Union,cooperative,ecuador,
0acb0d3a-9ce6-5757-890a-d3cc75499177,2110,Oromia Cooperative,cooperative,cameroon,
68c37bf6-5a85-574f-80f1-2c427a28ca52,2111,Ghana Cacao Processing,fermentation plant,nigeria,
a78a2f12-9d1f-54ec-85f7-8f4aec08463d,2112,Ecuadorian Fine Cocoa,fermentation plant,ghana,
ae0f6681-9635-54d5-b593-14f53cac9ac9,2113,Continental Confections,factory,ecuador,
155dc067-8576-5ab9-93f0-6f447a354178,2114,Nordic Consumer Goods,factory,ghana,
5bed2ac1-e6e0-54c6-9a35-d36a20cc7976,2115,Highland Fields,farm,ivory coast,
5d5f5556-66f6-5c76-a96e-fa018ba4aa13,2116,Sidama Coffee Union,cooperative,nigeria,
6a4571ea-0d90-54e3-a9fd-35fdd7f35acd,2117,Sidama Coffee Union,cooperative,nigeria,
0c62e1d1-1cb5-5633-b979-b73bdf98bf81,2118,Ghana Cacao Processing,fermentation plant,ivory coast,
cbca4d53-f3ed-53e2-92ff-7e32327b195d,2119,West Africa Cocoa Ltd,fermentation plant,ivory coast,
833cc820-1523-5fae-abc4-3dfdb5285f7e,2120,Continental Confections,factory,ecuador,
203d8246-d14e-5b01-bea2-eb6c4c7e4e6d,2121,Alpine Production Group,factory,ivory coast,
049ec500-7d05-5758-814b-fb75b44728b0,2122,Green Valley Farm,farm,ecuador,
b5aab403-6437-5739-ad5e-d7d6e39e5e94,2123,Antioquia Producers,cooperative,ivory coast,
bd082fe1-bd71-588d-9a78-08b5a116baf8,2124,Minas Gerais Coop,cooperative,ghana,
5c8bedf0-e4d9-5eba-b470-b3d7c9c8867f,2125,Ecuadorian Fine Cocoa,fermentation plant,cameroon,
04233726-2e5f-5b1b-a35a-45a400c91f8e,2126,West Africa Cocoa Ltd,fermentation plant,nigeria,
d70b53eb-433a-5ba7-8c7d-73898f69ab94,2127,European Foods Manufacturing,factory,cameroon,
a64449df-c0ea-5daf-a7b0-5a514054a669,2128,Nordic Consumer Goods,factory,peru,
5fe47fb5-8ee4-584b-9dc3-346d85caa377,2129,Kenyan Highland Estate,estate,malawi,
c2bef029-63be-5c38-a658-6bcc0d8a2c72,2130,Continental Herbs Ltd,processor,sri lanka,
955c8062-e6d9-5ad7-8f9d-1638de2577fe,2131,TeaPro Processing Ltd,processor,malawi,
92e29e8a-e40d-5b73-974e-11ea0012bac8,2132,Clipper Blending Co,blender,india,
d558d95b-373e-56d7-9356-0048e21c371e,2133,Clipper Blending Co,blender,china,
a634abc1-4344-5e5e-900e-5f7254c05b3d,2134,Kenyan Highland Estate,estate,sri lanka,
4749e7b4-22be-5f17-bbe6-c8a2ba9e8225,2135,Pacific Processors Inc,processor,malawi,
8ee13622-4fbb-50b3-a392-80d11bf6e214,2136,Nordic Seafood Processing,processor,indonesia,
bf3a71b1-f337-5110-8ade-e879b8afee7e,2137,Yorkshire Tea Blenders,blender,china,
4c844dda-ffbd-564a-aa83-9432fbf3762c,2138,Clipper Blending Co,blender,china,
67c3d001-fbb1-5a4d-8a14-9979be7bbad5,2139,Rift Valley Gardens,estate,sri lanka,
1b35a9a8-38b1-5717-af4f-bc100e58f572,2140,Continental Herbs Ltd,processor,china,
e4db72f3-51b5-59c3-bfde-6f775b2dae5b,2141,TeaPro Processing Ltd,processor,china,
b1287e70-3260-5aaf-81ca-d3495a756c81,2142,Clipper Blending Co,blender,sri lanka,
f8c4e3a9-cd0c-52c7-a623-3c73e59918ee,2143,Yorkshire Tea Blenders,blender,sri lanka,
e2bf0cec-0e1b-5f65-8600-047aabfed5b4,2144,Nuwara Eliya Estates,estate,malawi,
712fa136-0325-5da0-b8f0-f6aed51529c6,2145,Pacific Processors Inc,processor,kenya,
43e7961d-9874-5c2c-9a17-e40df01104c7,2146,Pacific Processors Inc,processor,india,
821edbff-238f-5761-af22-d81cbe63cb98,2147,Yorkshire Tea Blenders,blender,indonesia,
28ca466a-1cef-57aa-8014-fc9217044a59,2148,Twinings Blending House,blender,malawi,
68ead86f-239d-5f11-8891-cb707c4d49f2,2149,Assam Tea Estate,estate,sri lanka,
2420e528-9770-565d-bc5c-c0db12e48d3a,2150,Pacific Processors Inc,processor,indonesia,
a0988825-88bc-5752-971f-f34017b72182,2151,Spice Masters Ltd,processor,kenya,
a760b3d2-fbea-5804-be33-bdb304c536c0,2152,Clipper Blending Co,blender,malawi,
c9b7b350-d8ea-5b94-a01b-dfcfd343ff17,2153,Twinings Blending House,blender,kenya,
e1a1dd48-1402-5f0b-8b98-1c06d05f9448,2154,Rift Valley Gardens,estate,indonesia,
1d51ae38-41e4-5942-afbf-0000ea7ac791,2155,Pacific Processors Inc,processor,indonesia,
a27f853a-d719-5f3c-92c2-1a5d9df87c3a,2156,Pacific Processors Inc,processor,malawi,
fcf0e890-d1ec-5a3d-b114-22dc415ba9b9,2157,Yorkshire Tea Blenders,blender,india,
2f767623-0a9f-598a-9f2b-974ee4b10b56,2158,Tetley Blend Centre,blender,india,
082e71a2-68be-5214-8473-73aba6e7e76c,2159,Darjeeling Highlands,estate,india,
8f1587ba-0880-51ab-90d0-c5afcec4a3a3,2160,TeaPro Processing Ltd,processor,malawi,
6026ce9a-169d-5cab-ab8a-512c030e3f1e,2161,Pacific Processors Inc,processor,india,
80a1c730-614a-5efe-9c60-bee6233b887d,2162,Clipper Blending Co,blender,kenya,
019b8cda-19cc-5037-a174-4e2e879a659d,2163,Clipper Blending Co,blender,china,
a673cba2-104c-535a-9ac4-35720440a847,2164,Darjeeling Highlands,estate,india,
f19d0d35-1eae-5f37-b8ee-dc66e0b85c85,2165,Pacific Processors Inc,processor,kenya,
7b56af05-db3e-5a16-8e89-8e47f632a723,2166,TeaPro Processing Ltd,processor,india,
9ce8d425-c687-59b9-8735-9f74d40376da,2167,Clipper Blending Co,blender,sri lanka,
51090467-170b-58b9-b04f-75f8e519c3cd,2168,Clipper Blending Co,blender,malawi,
0db0895b-bfda-58b7-bba3-eaf856b181a4,2169,Nuwara Eliya Estates,estate,india,
5001dd61-67d3-55a7-90ec-460104fbca20,2170,Pacific Processors Inc,processor,malawi,
d7a3640e-9436-593a-90fd-9f793b1c7928,2171,Pacific Processors Inc,processor,china,
72eff4a4-5807-54bb-887e-58c6cddf6b35,2172,Yorkshire Tea Blenders,blender,malawi,
9ff095b5-290b-51d5-8297-e3911c959b43,2173,Tetley Blend Centre,blender,india,
57b5489e-b5ae-5f7f-94ba-8c0547353fb8,2174,Athenian Groves,orchard,spain,
dfa07519-36bb-55dc-a4dd-f408aa4fe8da,2175,Florida Fresh Juice,pressing plant,south africa,
b6309684-5dce-573a-897a-c07c5d34a17f,2176,Iberian Juice Co,pressing plant,brazil,
8035ecff-93b9-5ebb-aa00-4fcb3c4767f1,2177,Refresco UK,packaging facility,united states,
8f5a854e-4503-5c32-a33d-3571620f9d04,2178,Tropicana Packaging,packaging facility,spain,
d6df461f-b129-5144-8a2a-3c80190c5224,2179,Provencal Orchards,orchard,mexico,
4173a7cd-179e-5415-bfbc-c47cbf70349c,2180,South African Citrus,pressing plant,brazil,
b14c4ad2-e18c-53f6-9022-2ee9d72c9cd0,2181,Iberian Juice Co,pressing plant,mexico,
2be16618-2ade-52c8-8680-899624235e83,2182,Eckes-Granini Packaging,packaging facility,united states,
2c9307b9-8e19-5609-9f59-69fce5a2fe98,2183,Eckes-Granini Packaging,packaging facility,united states,
5ea334e6-8098-50fe-b4ed-7d5c47f7db5b,2184,Athenian Groves,orchard,united states,
0e204b68-ea11-5f97-8ba6-470b78ae5f66,2185,South African Citrus,pressing plant,brazil,
692d2aae-3b0b-5b2d-8f99-cd96c078df66,2186,Florida Fresh Juice,pressing plant,brazil,
b2de8203-2827-5a76-96ce-c5cd431ac494,2187,Refresco UK,packaging facility,spain,
ca408a5f-5568-507a-889e-57d1580781e5,2188,Innocent Drinks Bottling,packaging facility,mexico,
be4d97b3-b5e9-5286-b0b2-800980a4af0e,2189,Sicilian Grove,orchard,united states,
6af1c40d-30d5-5a87-b524-d207e99aae8f,2190,Florida Fresh Juice,pressing plant,united states,
b2f183d6-73c4-58b8-ada2-1c00185273df,2191,Florida Fresh Juice,pressing plant,mexico,
6f2686e7-b2d2-56e5-9a07-c35a5741dc7b,2192,Innocent Drinks Bottling,packaging facility,spain,
88138b5c-a8e9-5147-85bb-1a6da5169ce5,2193,Eckes-Granini Packaging,packaging facility,spain,
7cd2a16b-e9d6-59a3-8fb4-3fe4f4ed0d97,2194,Provencal Orchards,orchard,south africa,
1daa22ff-45b0-5f06-b8ad-66415bd0ba91,2195,Citrus Global Ltd,pressing plant,mexico,
2caa183c-f00f-5f10-bd8e-7cda64cdcce8,2196,Brazilian Citrus Press,pressing plant,spain,
46648343-a9ec-5b10-983e-c42c85f94a4c,2197,Tropicana Packaging,packaging facility,brazil,
ebf304b3-8c23-52ce-97d1-ad13a78071b3,2198,Tropicana Packaging,packaging facility,south africa,
34193075-5f86-574e-903f-e4d477d4f9e2,2199,Kalamata Growers,orchard,spain,
a6fc5e23-50de-5aeb-8e73-2d5da4b30dbb,2200,Valencia Juice Works,pressing plant,united states,
62d46e3a-9589-59ae-8d56-db6ab1f6e03b,2201,South African Citrus,pressing plant,argentina,
e7ff4ad3-ad8c-58e1-b247-3ea500991a59,2202,Innocent Drinks Bottling,packaging facility,mexico,
ce444b52-89f4-5865-af6b-d99b3b15c363,2203,Innocent Drinks Bottling,packaging facility,mexico,
51e440f2-b42e-5783-824b-d367cb35a5b3,2204,Spanish Orchards,orchard,south africa,
8d91d854-7233-5324-aa71-cf9d908e0e24,2205,Valencia Juice Works,pressing plant,south africa,
72d07508-0463-54e4-9b14-f7de29ecb218,2206,Florida Fresh Juice,pressing plant,brazil,
12d47cc1-303b-5fe9-abdb-5308da125fe3,2207,Refresco UK,packaging facility,united states,
23c1f6d8-83c3-5c70-93ff-1a763cf91236,2208,Eckes-Granini Packaging,packaging facility,brazil,
f3d30603-7522-5fbf-b503-fbf3b74aca01,2209,Alentejo Fields,orchard,brazil,
18ddfce6-4361-5a41-9150-6bcee9b6642a,2210,Valencia Juice Works,pressing plant,united states,
250b85e5-abb2-5771-97d0-4f052aecbe2f,2211,Citrus Global Ltd,pressing plant,argentina,
43b8f1f5-325e-57aa-9e4f-afaedf292fe5,2212,Refresco UK,packaging facility,brazil,
2861da61-00d8-56af-b029-4b36673da92e,2213,Tropicana Packaging,packaging facility,argentina,
f1d2716b-1152-5351-aa0b-9fa9c2f9e1af,2214,Sicilian Grove,orchard,united states,
c1f9efaf-edb5-5116-928f-1124440c42d8,2215,Citrus Global Ltd,pressing plant,south africa,
25bd82b0-0d51-5533-afca-823ab09c87f1,2216,Valencia Juice Works,pressing plant,brazil,
b32c5969-b648-5ae2-a303-a386b401b4b6,2217,Tropicana Packaging,packaging facility,mexico,
b554ffa6-e577-549a-98be-ba0a12dc827e,2218,Tropicana Packaging,packaging facility,brazil,
ca64c8f2-f3bc-5c0a-9b94-759480e98b93,2219,Riverina Apiaries,apiary,australia,
bc6e6503-6cd7-52f6-9753-f4e5f3db0fd0,2220,Continental Herbs Ltd,processor,australia,
b58be026-9fe5-5b92-b274-c2df2c2a2335,2221,Nordic Seafood Processing,processor,ukraine,
e42a9b76-1772-5e4f-b62a-3dbb522f88af,2222,Riverina Apiaries,apiary,australia,
ae6bf159-e18f-573c-a3c9-55b78952545a,2223,Pacific Processors Inc,processor,united kingdom,
aa404455-56a1-57cb-85cb-0da2162f673c,2224,Nordic Seafood Processing,processor,new zealand,
3f9e8de1-3c4b-5bfa-976d-f05521c6064e,2225,Patagonian Honey Coop,apiary,united kingdom,
3934c0d2-e426-59a6-8c75-87e8ff03ec71,2226,Pacific Processors Inc,processor,new zealand,
204b0c3d-4f6f-5456-8a89-1cf8bd963b1e,2227,TeaPro Processing Ltd,processor,united kingdom,
884f1309-be56-5704-ab3c-addd75123f5a,2228,Murray Valley Beekeepers,apiary,united kingdom,
e6ce057e-c223-5427-bca6-8f15978e0b4d,2229,Pacific Processors Inc,processor,united kingdom,
f32530ed-5015-508e-8484-eec542de0d66,2230,Continental Herbs Ltd,processor,argentina,
eab1b0df-2f26-5325-9b6b-15ba88946ad9,2231,New Zealand Honey Group,apiary,ukraine,
420221dc-e02b-5c4f-994c-7a45fa410e06,2232,Spice Masters Ltd,processor,new zealand,
3c337c44-0d25-5972-bcf2-6f90e1620f91,2233,TeaPro Processing Ltd,processor,new zealand,
1f2b2831-fe20-5bc1-9668-ea0ba022089b,2234,Murray Valley Beekeepers,apiary,argentina,
7a9c34f8-2aa2-5711-80b7-5ee6dce46f53,2235,Pacific Processors Inc,processor,australia,
f39babc4-cb29-5bf7-8809-cdadfa2e10d9,2236,Pacific Processors Inc,processor,new zealand,
083a0e18-ca69-52f7-a1b4-025af725838a,2237,Murray Valley Beekeepers,apiary,new zealand,
5d1c4d37-bd06-58da-a84c-23883977a938,2238,TeaPro Processing Ltd,processor,ukraine,
bf69c484-f3b7-52f0-95a7-775ea1057e95,2239,Nordic Seafood Processing,processor,ukraine,
32957aed-952e-557c-8f27-0263b0585c56,2240,New Zealand Honey Group,apiary,china,
325cee67-2260-5656-90d0-37e57b86ab5f,2241,Continental Herbs Ltd,processor,australia,
e7d777c7-2713-514c-a146-5cd9e775eeff,2242,Nordic Seafood Processing,processor,new zealand,
db50b1ee-4065-58a4-8100-9b77dbc2bf04,2243,New Zealand Honey Group,apiary,ukraine,
42457c49-2d4a-5c59-9305-eb661acd64b7,2244,Pacific Processors Inc,processor,new zealand,
6b73289f-17e1-5d3c-b0ad-d0226e0218f9,2245,Nordic Seafood Processing,processor,new zealand,
2272875e-b0b0-51f5-acf7-330354e2e7a5,2246,Riverina Apiaries,apiary,argentina,
32ae4c88-91d9-5843-a76f-a3d1e94a0362,2247,Spice Masters Ltd,processor,argentina,
b82c49c4-417b-5695-99e4-6476bec44182,2248,Continental Herbs Ltd,processor,australia,
9aab8be8-2b9e-52ba-8135-ebf33a8cc39b,2249,Yorkshire Bee Co,apiary,australia,
47c4eaf9-0cd8-5c24-92a2-5ad2a0e195a0,2250,TeaPro Processing Ltd,processor,ukraine,
ac50c6dc-7b25-5ea4-a18b-aa55e2860db2,2251,Pacific Processors Inc,processor,ukraine,
3df6250b-c24c-5313-bdbd-0c820d190970,2252,Murray Valley Beekeepers,apiary,argentina,
800ac61e-ec9f-564f-9bb6-6e849b5a8844,2253,Nordic Seafood Processing,processor,united kingdom,
1f52c24d-4684-55ca-ab4c-5c534070163b,2254,Spice Masters Ltd,processor,new zealand,
7efea223-4476-5411-9cac-6f4614f3681d,2255,Highland Fields,farm,italy,
2d065208-e33b-5334-b1b2-89b1fb47f6f9,2256,Durum Processing Co,mill,italy,
c1b0ca7c-d51f-599b-8016-7382e457f146,2257,Nordic Mills,mill,united states,
8cc9ec04-cbf7-5042-be4e-cc4cff04abf2,2258,Iberian Food Industries,factory,india,
d03512d1-b68e-5b34-ac0b-6b65aff464a1,2259,Alpine Production Group,factory,india,
942bca9d-bbb0-55db-938f-aa622074a4dc,2260,Cedar Grove Estate,farm,india,
5b439108-1f3c-5039-bfa5-680991a6ee82,2261,Mulino del Sole,mill,italy,
fdc25907-a3b7-5930-8c0e-017de7e19def,2262,Continental Flour Co,mill,thailand,
5a62fdee-619a-5f37-872c-a002ac9e779e,2263,European Foods Manufacturing,factory,india,
6d0b048f-96a0-50a0-a8db-57b742972e66,2264,Alpine Production Group,factory,france,
8f73e221-e68e-54e5-a539-6907f3d6379b,2265,Highland Fields,farm,united states,
706cab2c-d1f0-5166-b0c6-ccb78a35770d,2266,Durum Processing Co,mill,india,
f33bdca7-84e9-505a-a076-15693500fc51,2267,Continental Flour Co,mill,italy,
315a6286-eb3f-5bc4-8c9a-e842fff0eba4,2268,Alpine Production Group,factory,india,
0bb7b866-65ec-58d9-9022-25989916830c,2269,Alpine Production Group,factory,india,
5423f4b6-f151-5b24-832e-7c217fe0bfd8,2270,Highland Fields,farm,canada,
2027dd73-238a-5a1a-8ee9-5b0899688266,2271,Nordic Mills,mill,canada,
624265bf-3887-5741-9ce3-ab1715a96d9a,2272,British Milling Group,mill,france,
1a2cd1fe-214c-56a5-b47a-6040af60f508,2273,European Foods Manufacturing,factory,france,
5000c559-da37-54af-8e5d-7e32c14fafd5,2274,Iberian Food Industries,factory,india,
1fb2973d-d528-5697-bf4e-1b12eac06f0b,2275,Cedar Grove Estate,farm,france,
f4291fed-354d-533a-a7c7-e451cd8af3de,2276,Allied Grain Millers,mill,france,
a0c9fa1a-5374-5ba4-9100-3d3ae7edb27a,2277,Nordic Mills,mill,france,
ca019494-092d-5c23-8c19-9331d1ee2493,2278,European Foods Manufacturing,factory,united states,
038e1089-4831-593c-8764-3dde2b37b132,2279,Nordic Consumer Goods,factory,france,
e0c94677-d70b-564b-b061-0794654dec40,2280,Riverside Cultivators,farm,germany,
130ed201-8a43-5ef6-8220-3182bcc803a2,2281,Continental Flour Co,mill,canada,
8ece5e69-aae4-5d52-8eb4-3d6c38c17f16,2282,Durum Processing Co,mill,canada,
b55c305b-05e3-59e8-a26e-9f72ce90f4cd,2283,Iberian Food Industries,factory,united kingdom,
f383678c-73df-5fe6-a80f-d7c27d3b07d9,2284,British Food Processing,factory,united states,
993f6923-99bc-5333-b9e6-74a34be70ddb,2285,Highland Fields,farm,germany,
fc354811-6cdf-5d8d-821a-f730aec292fe,2286,Allied Grain Millers,mill,germany,
c7087489-674e-5b5f-bc04-df3b022379c0,2287,British Milling Group,mill,canada,
7bc2ea0e-dea6-5d4e-b40d-20f28bb34c2a,2288,Nordic Consumer Goods,factory,canada,
9b52a542-7de5-5f0e-aa26-fc77b7c53121,2289,Continental Confections,factory,germany,
178e874b-4ce8-52ba-b5b4-4b1b22394204,2290,Highland Fields,farm,germany,
45a81e48-f494-5a6f-8468-5951835d3e22,2291,Allied Grain Millers,mill,australia,
1d6ee05d-a219-5577-b3fe-f7af4b5ff008,2292,Allied Grain Millers,mill,united kingdom,
f4bb895f-0c8a-578d-8ba1-2cfb4d10a266,2293,Continental Confections,factory,france,
829eb738-c2af-5c6a-8c4a-b02721bc4797,2294,British Food Processing,factory,france,
cd43bd8e-b95b-5c54-b912-313dfab0e5a4,2295,Peak District Farms,farm,canada,
59ba82a5-d3c9-596e-8413-75e1bd0d8a63,2296,Allied Grain Millers,mill,australia,
d9219d5e-ca93-5f60-beb1-507dcd8458a8,2297,British Milling Group,mill,united states,
d4abf228-4534-5087-9b29-ddb062c90041,2298,British Food Processing,factory,canada,
9dc3fb4a-2069-57a7-8f9a-ed38e82af2f2,2299,European Foods Manufacturing,factory,canada,
94615d15-b37d-58c0-9c8d-ec54602e5f15,2300,Highland Fields,farm,united kingdom,
ceae90ed-13dc-5289-b275-276c3f165acf,2301,British Milling Group,mill,australia,
b42e4793-363a-59f7-b022-be1a37ecac14,2302,Durum Processing Co,mill,canada,
8f50249e-2a6d-5ec8-8b36-7fc5431875b6,2303,Iberian Food Industries,factory,france,
56e3b8aa-0cd4-53c0-a288-a733d16d3d5f,2304,Continental Confections,factory,australia,
e649bcb5-90da-52e4-a679-dc06eabf1c2a,2305,Sunrise Agricultural,farm,united kingdom,
d6f1be01-fb59-5e51-9068-a11950cb0199,2306,Nordic Mills,mill,united kingdom,
a0a3eeea-6afe-5dc1-8835-8e5743227ddf,2307,Durum Processing Co,mill,australia,
e1cc9dc9-36ff-5ca4-a1e6-75c39b770f07,2308,Nordic Consumer Goods,factory,germany,
176a01e0-09cd-5d06-ba80-e7c06552be29,2309,European Foods Manufacturing,factory,france,
b41dab07-6333-5b2e-8a02-ab946077120d,2310,Highland Fields,farm,canada,
64378424-1845-5b83-8992-a28f17a80518,2311,Nordic Mills,mill,france,
5f4cbda9-2a11-5361-beb8-ef8f40e64a3f,2312,Durum Processing Co,mill,france,
00039228-5d6e-5561-b98c-53bbbf7329ef,2313,British Food Processing,factory,canada,
9d33dc68-8d63-5e8b-b68a-815cf2f9e42b,2314,British Food Processing,factory,australia,
2013052e-4378-55a3-b7d5-1c536c30ddbe,2315,Meadowbrook Farm,farm,france,
2a081621-7991-5754-8a6c-6a7e266b776d,2316,Mulino del Sole,mill,france,
1bf11620-8841-5430-b421-c11e656a02db,2317,Durum Processing Co,mill,germany,
1d90c8d1-bc78-576b-a921-1cb1d73f82b4,2318,Nordic Consumer Goods,factory,australia,
5b62b705-18a6-50d3-8884-787457180dd2,2319,Alpine Production Group,factory,united states,
ecb0090a-504a-5807-96a0-3153fa3853cf,2320,Highland Fields,farm,france,
a53df0ae-f7d5-557d-a38a-530a3954c5e5,2321,Glanbia Processing,dairy processor,germany,
b321611a-5f86-5cd7-bde8-08f678e86a13,2322,Muller Dairy,dairy processor,denmark,
c0ca3701-7177-5a93-800a-66c951358768,2323,Sunrise Agricultural,farm,ireland,
71b85d57-1335-5535-9057-e5dbaa811ffa,2324,Graham's Family Dairy,dairy processor,denmark,
2365910a-4339-5c9d-84bc-a75999bfb5b0,2325,Graham's Family Dairy,dairy processor,denmark,
8cdf06d3-7d4d-5c4c-8a26-ea90bc70697c,2326,Cedar Grove Estate,farm,france,
4566d342-01e1-5095-b7f2-9247e2e3d1a7,2327,Lactalis UK,dairy processor,united kingdom,
20386717-cbc8-534c-a010-6b40890439c7,2328,Dale Farm Ltd,dairy processor,netherlands,
b5242538-6a9f-5bed-82ba-6d71e99c462c,2329,Cedar Grove Estate,farm,germany,
9fb56a0d-ba0c-595e-836c-8c446cfc5c39,2330,Muller Dairy,dairy processor,netherlands,
53bc08c3-4bb2-5da9-b670-404319218312,2331,Dale Farm Ltd,dairy processor,germany,
d25c0503-38c6-5a7c-ac0f-fd4ed1b82081,2332,Sunrise Agricultural,farm,ireland,
54105669-2e08-50e1-8b76-7c2947f3eda2,2333,Graham's Family Dairy,dairy processor,netherlands,
3b81dcb4-4289-53fd-bae0-3505a37db1fb,2334,Glanbia Processing,dairy processor,netherlands,
b000829b-3504-50ca-ae7a-51d906c501b5,2335,Evergreen Growers,farm,france,
119162f8-072f-5821-a8da-c0ad46ed2a0c,2336,Glanbia Processing,dairy processor,france,
07ca221b-7a96-5d18-8f6c-83772a61e912,2337,Graham's Family Dairy,dairy processor,ireland,
66834a45-88cb-5a63-b2b5-2e347f7cd54e,2338,Riverside Cultivators,farm,denmark,
be23b564-c578-5a68-a58f-203d3d45a4a7,2339,Glanbia Processing,dairy processor,ireland,
1fe0313d-853f-59ad-86de-3ccad2523b9b,2340,Lactalis UK,dairy processor,denmark,
e945fccd-865e-57a1-a240-95e3aaa11c0d,2341,Sunrise Agricultural,farm,france,
f102c954-39d7-536e-98a1-8cd235b3814a,2342,Dale Farm Ltd,dairy processor,denmark,
b70a09f6-382c-5940-92b8-266a8a3c5084,2343,Dale Farm Ltd,dairy processor,denmark,
c1474eaf-a542-598c-a873-7535da575175,2344,Peak District Farms,farm,denmark,
cfdbacbc-d5b9-5f45-aa7f-e42aac1fa948,2345,Graham's Family Dairy,dairy processor,ireland,
2461cffe-f97c-5d55-bc60-130c4c2400a8,2346,Dale Farm Ltd,dairy processor,france,
4d6a4bc7-566f-56ef-ad06-fb68dbcd172a,2347,Cedar Grove Estate,farm,ireland,
fabd08c3-ae3f-5a77-8a1a-7cb5d80be8c8,2348,Graham's Family Dairy,dairy processor,france,
0d32bc31-5a59-5514-9bbe-945f9f41605e,2349,Lactalis UK,dairy processor,germany,
d09c8560-c809-5a98-9652-8cd31929456a,2350,Peak District Farms,farm,brazil,
861c8ddd-660b-5193-bae5-7ef4ef3abe87,2351,Dunbia Processing,abattoir,ireland,
bf2e477d-25dc-5d52-9933-2df236c69975,2352,Dunbia Processing,abattoir,france,
e20ea1e8-abac-5d07-b302-d07c20717a38,2353,Nordic Seafood Processing,processor,france,
6eb6e0b4-8554-50f9-8a9c-5e91f433c0ad,2354,Spice Masters Ltd,processor,denmark,
6597b7bc-41c7-5b77-b0fe-38b415265516,2355,Evergreen Growers,farm,united kingdom,
d8cae2f6-3ab8-5592-9cfa-34986fc41d79,2356,ABP Food Group,abattoir,denmark,
29bb450c-9269-5cec-8f12-46e428061192,2357,Dawn Meats UK,abattoir,ireland,
a7fb10cb-d24e-5cb9-ad2f-27a6658f05ca,2358,Nordic Seafood Processing,processor,united kingdom,
98af1751-d056-5e34-b9f5-ccffb735f1cf,2359,Pacific Processors Inc,processor,denmark,
32545d5e-b2a9-53a4-bfe6-67827a1459ff,2360,Peak District Farms,farm,brazil,
c27631bd-1176-55ff-8fcd-614785fe3c33,2361,Dunbia Processing,abattoir,france,
351354da-2602-5578-8683-420ecfc4086b,2362,ABP Food Group,abattoir,ireland,
e2e3ba21-b1c1-5e93-a0b8-d51bfd54db8c,2363,Pacific Processors Inc,processor,denmark,
bb597663-1f34-504f-917d-b1706a74d055,2364,Continental Herbs Ltd,processor,denmark,
6ac42b6a-5156-5c28-a1bc-88b4d6c5fcac,2365,Blue Ridge Farm,farm,denmark,
3512d6cb-612b-5fcb-b5bb-93ebd8975574,2366,Dunbia Processing,abattoir,ireland,
1dbb845b-5d00-511e-84ba-90471aac912c,2367,Dawn Meats UK,abattoir,united kingdom,
35a9f4ef-ee8f-5b65-a07b-48b991019355,2368,Continental Herbs Ltd,processor,brazil,
9d6d2320-1bd5-545d-9b4f-b0da8702380d,2369,Continental Herbs Ltd,processor,germany,
ff7239f6-2f84-5588-8e4a-dfbee9e56474,2370,Golden Harvest Co,farm,brazil,
4384791d-610f-54e6-9873-7cc926fb274c,2371,Dunbia Processing,abattoir,denmark,
5c0068c7-a0a8-500f-a49b-3608f15eb7a6,2372,Foyle Food Group,abattoir,united kingdom,
715074f5-b70e-5de7-85c0-5e2d17647a20,2373,Pacific Processors Inc,processor,united kingdom,
068e5c17-83bf-5147-b3b9-f33a54d2167c,2374,Spice Masters Ltd,processor,germany,
36ce4a9a-dc43-52bc-be02-01e91d339988,2375,Evergreen Growers,farm,germany,
dc53b964-0475-5064-9a33-509ac2529613,2376,Dawn Meats UK,abattoir,germany,
497b9578-55cb-5c16-9410-ee057ae5dd4d,2377,Dawn Meats UK,abattoir,ireland,
395bfade-da41-508a-87ca-2aba750721cd,2378,Nordic Seafood Processing,processor,denmark,
ad6802c0-2994-5396-8044-86257a7a90ea,2379,Pacific Processors Inc,processor,brazil,
fa68e4d3-2a00-549b-bda8-b18e502405f3,2380,Green Valley Farm,farm,germany,
ab2da5f4-ee48-579e-80b2-3f6effd861a7,2381,Dawn Meats UK,abattoir,united kingdom,
21200843-77aa-5626-8ae2-5d0cda52759b,2382,Dunbia Processing,abattoir,ireland,
5c0cfac1-db9b-588c-b832-9a4555de2663,2383,Pacific Processors Inc,processor,denmark,
b6d9cd91-13e2-5b61-a878-ff7473271b27,2384,Spice Masters Ltd,processor,denmark,
ee7c552d-f0f3-5d01-8982-2e7855ffd2e0,2385,Sunrise Agricultural,farm,brazil,
6c0beed4-d155-52d4-84d4-096b65baf67e,2386,Dunbia Processing,abattoir,denmark,
a764c7bf-934a-5cce-a0f8-fbbacd9be48c,2387,Dunbia Processing,abattoir,germany,
522bea2f-e037-5dac-8ccb-63610ac593c0,2388,Pacific Processors Inc,processor,germany,
0796e3c5-0563-5fa1-8c7b-c3722bb0496a,2389,Continental Herbs Ltd,processor,germany,
140b834d-d624-586c-9cad-ed4141b457cd,2390,Highland Fields,farm,france,
624b2b1e-f5e6-5ee2-a72a-5ad87602836e,2391,Dunbia Processing,abattoir,denmark,
0957e26f-d6a8-5f91-9c19-e3b37eca0117,2392,Dawn Meats UK,abattoir,france,
c694012f-544e-5303-9f27-3bbc1da55342,2393,Continental Herbs Ltd,processor,germany,
bced5522-d7d8-5779-b344-2eacc4899a65,2394,Pacific Processors Inc,processor,brazil,
3c479665-96e5-54b0-a9a4-dfaa3a57d653,2395,Peak District Farms,farm,germany,
2c48d7fa-daec-5521-aae7-6bc49c55e1e6,2396,ABP Food Group,abattoir,denmark,
f1c14e80-71c9-531b-8901-1ded3f44a03f,2397,ABP Food Group,abattoir,france,
8f3c0fa2-4b8f-58f3-9e10-db3597590dac,2398,Pacific Processors Inc,processor,united kingdom,
2af207f1-e579-5799-91ed-8bed4d4b1183,2399,TeaPro Processing Ltd,processor,france,
d087271b-26fd-58f0-8d08-f5eaf48e50d9,2400,Marine Harvest Norway,fishery,peru,
e24ea715-de3c-577d-9f29-5c1836661fdc,2401,Pacific Processors Inc,processor,thailand,
4e65e234-cc13-528c-a735-66dd2c5302ba,2402,Continental Herbs Ltd,processor,vietnam,
8fa8c1e2-30bc-5898-b487-31be2b41a221,2403,Kloosterboer Cold Logistics,cold store,peru,
2c4b8488-6a17-54de-a9d2-2c4396c8a43f,2404,Frigo-Logistics UK,cold store,peru,
a44cfde3-8b84-5413-9615-a3133cee9a24,2405,Princes Seafoods,fishery,vietnam,
754767cb-aa5f-5135-9090-4d53e534ebfd,2406,Spice Masters Ltd,processor,scotland,
62c02aab-8c90-5ee0-bda5-2d580246c372,2407,Pacific Processors Inc,processor,thailand,
f7e51e01-660e-5d71-9978-e12bc7efe3f3,2408,Nordic Cold Chain,cold store,scotland,
9defc0ca-cc9b-524f-9508-6d4ea97f3094,2409,Nordic Cold Chain,cold store,peru,
262c7223-aaae-5ab9-8900-700d7d60eb8d,2410,Marine Harvest Norway,fishery,scotland,
d8a91b46-96c3-5778-a50c-a6e126a719c6,2411,Nordic Seafood Processing,processor,scotland,
b28b879e-123d-54fe-8608-fc02d24283ee,2412,Spice Masters Ltd,processor,peru,
9832d0ce-8f5e-5847-9854-4708ddd6e7a6,2413,Lineage UK Ltd,cold store,peru,
81ee684e-5631-5f7d-94d8-b72a207b10f7,2414,Lineage UK Ltd,cold store,scotland,
252aecf5-1366-53b1-b672-bb7f9aadaa5b,2415,Scottish Sea Farms,fishery,scotland,
b4671b67-2ace-5bf7-ab7a-912184a7d9f4,2416,Pacific Processors Inc,processor,vietnam,
f15cc733-2952-5a82-af74-a3c3d336b032,2417,Continental Herbs Ltd,processor,thailand,
eb040303-0095-5b12-9d1a-bc05db2ba76a,2418,Frigo-Logistics UK,cold store,scotland,
4f8754e6-885f-580e-9cae-15ac5a871e61,2419,Kloosterboer Cold Logistics,cold store,scotland,
251a5d12-3aa0-5019-a6a4-10bdb0a53f6e,2420,John West Fisheries,fishery,peru,
39f1a918-fb38-5736-a01f-4eac679303e7,2421,Continental Herbs Ltd,processor,peru,
77a0b060-c9e7-584b-973f-56769f7ff684,2422,Spice Masters Ltd,processor,iceland,
d284692c-6c76-5776-a335-cb56c5ac6366,2423,Nordic Cold Chain,cold store,vietnam,
8aec5877-7182-5c02-8617-57c76d217821,2424,Nordic Cold Chain,cold store,vietnam,
47174198-1ed2-5307-8829-fe40efda780e,2425,Aquachile SA,fishery,norway,
ed10f75c-3a39-57a4-a262-cb6d5d8c141d,2426,Spice Masters Ltd,processor,iceland,
3dde1a1e-47c3-559f-9e03-b464ae4b53c1,2427,TeaPro Processing Ltd,processor,norway,
a2a80718-6f1c-5f67-b3c5-4508548f5f5c,2428,Nordic Cold Chain,cold store,thailand,
9daf153a-3c68-5dc8-bb44-efc23ef78334,2429,Lineage UK Ltd,cold store,peru,
b174949c-4431-56e1-99d0-228cf938716f,2430,Princes Seafoods,fishery,iceland,
509a3e32-878b-5128-923d-4f3eac8baf22,2431,Continental Herbs Ltd,processor,peru,
98de49aa-fa4e-5147-a2ab-6b91a38d099a,2432,Spice Masters Ltd,processor,thailand,
ca06042f-2724-518f-a602-58f082123e0e,2433,Nordic Cold Chain,cold store,scotland,
b7955136-b5d3-5cd1-b0c4-1592e1870333,2434,Kloosterboer Cold Logistics,cold store,scotland,
52ff6d2a-7d43-589e-ba46-b23f23f7e5b3,2435,Sunrise Agricultural,farm,italy,
8640bf42-f708-5c7d-a3ac-29f61d1074ab,2436,John West Foods,cannery,france,
82555327-aab5-504c-8d14-f90609c1ebeb,2437,Napolina Cannery,cannery,italy,
001bfba3-9bee-5e2d-a354-e76ecb8e7d7f,2438,XPO Logistics UK,warehouse,france,
da189027-fea7-583e-9897-72ec92329475,2439,Wincanton Storage,warehouse,greece,
f7a7afe4-8a07-5f8a-8bb7-a34a6e7eac2b,2440,Evergreen Growers,farm,united states,
e956549c-b8f2-5aec-88ce-abc5681f718e,2441,Heinz Processing,cannery,france,
87d16b6c-dd28-5ea7-9f45-912cf5bc0d23,2442,Napolina Cannery,cannery,turkey,
ef6813e8-f861-5039-805e-3aa1b78b1d98,2443,Kuehne+Nagel UK,warehouse,spain,
787f382a-eec0-5e94-8e20-ac030c9c9953,2444,XPO Logistics UK,warehouse,united states,
77225c53-39d5-5e51-84b8-8322dbd7f422,2445,Sunrise Agricultural,farm,greece,
145dd08d-dd4e-510d-b4f7-4a7911ff7f89,2446,Bonduelle UK,cannery,italy,
576180f1-e78a-544e-ac79-2d4e5540e4b6,2447,Heinz Processing,cannery,united states,
fb287b34-97ad-5852-a27e-45807f833748,2448,XPO Logistics UK,warehouse,greece,
e4f985f5-db89-5253-a548-a0c2afff6e14,2449,Kuehne+Nagel UK,warehouse,spain,
3ebba000-2d78-580e-a659-30ec884a7dff,2450,Sunrise Agricultural,farm,spain,
da2ed973-90d4-5796-b18b-a7cd47f4dcae,2451,Bonduelle UK,cannery,france,
44a70bb1-ec25-5c4b-ad23-1ef9ac2d79dd,2452,Princes Foods Ltd,cannery,spain,
b230eaaa-85eb-590a-b1da-0c6c356ce599,2453,Kuehne+Nagel UK,warehouse,united states,
fe2c7fc4-79a1-56fa-97c6-5dd150077a26,2454,Kuehne+Nagel UK,warehouse,spain,
4bdbe168-af3d-53d6-bb31-9c2b85c9f80c,2455,Evergreen Growers,farm,italy,
3edfa979-80a9-5f3d-89cf-0ee667f519df,2456,Bonduelle UK,cannery,greece,
f0d27fc9-6108-5f05-a150-ef368a21a532,2457,John West Foods,cannery,greece,
9ba065df-68c6-5f2c-94fd-3aa8dfe52bae,2458,DHL Supply Chain UK,warehouse,italy,
4ce7d00f-f999-5e65-b8d0-8e7c7345b299,2459,Wincanton Storage,warehouse,france,
b37dc6e0-139e-55f8-8f92-a3936d65918b,2460,Evergreen Growers,farm,greece,
c5216bce-f2e9-5b84-a41f-900f8f601961,2461,Princes Foods Ltd,cannery,greece,
bf6b5d0b-9c57-58ae-be2e-a5a0c431befa,2462,Bonduelle UK,cannery,greece,
381ce6c1-d404-5b6b-a995-adf5152ff399,2463,XPO Logistics UK,warehouse,united states,
4516b89d-db55-5e7d-956b-526dda939991,2464,XPO Logistics UK,warehouse,spain,
1d8bb8e5-da76-5648-b8f1-9c8ce7ddcb49,2465,Riverside Cultivators,farm,france,
e9036d21-925d-51b9-8555-c8699d58a9e7,2466,Heinz Processing,cannery,france,
a43928e0-4b16-5c79-a4e0-2efa874df7f4,2467,John West Foods,cannery,greece,
80c587a5-698d-571d-93fe-3fe72c3c86bd,2468,DHL Supply Chain UK,warehouse,spain,
ec0ebeb7-cc17-5b09-a639-aa8a90d59867,2469,Kuehne+Nagel UK,warehouse,turkey,
706017af-eadc-52e7-bdb0-72cde3b088ce,2470,Riverside Cultivators,farm,italy,
32d3ace1-bcb6-5b01-8894-b1d8a4b8ce74,2471,John West Foods,cannery,turkey,
7733e24d-c0b6-5b37-91ad-ae19cbc78f02,2472,Heinz Processing,cannery,turkey,
13260b58-892f-57a4-9a20-3fab6431e988,2473,XPO Logistics UK,warehouse,spain,
3a352a38-f00f-5161-9e13-692ce83cb83d,2474,Kuehne+Nagel UK,warehouse,united states,
a823c03a-1623-59c3-b495-5b662f1ddb58,2475,Cedar Grove Estate,farm,australia,
a218c79e-bf04-527d-a356-f3dfdcc6cf1b,2476,Alesto Processing,shelling plant,united states,
934945f2-73cf-55c4-a112-575620c7415f,2477,Alesto Processing,shelling plant,turkey,
11f447b8-008b-5154-803e-e46be15522cb,2478,Meadowbrook Farm,farm,united states,
da2a0e6e-3bbb-59be-af48-68e213d9ec28,2479,Olam Nuts Processing,shelling plant,india,
1ab366fe-727f-54cb-a276-a7131248dc81,2480,Wonderful Pistachios,shelling plant,spain,
8fb3cd86-4b41-5d41-bddd-23e300af3e17,2481,Highland Fields,farm,united states,
777e4258-58e7-5d94-a162-b5bbc0cb5442,2482,Olam Nuts Processing,shelling plant,iran,
b2bd4f76-ce14-5d76-acbc-33f29f7c4c0e,2483,Alesto Processing,shelling plant,india,
936df7b6-ed1e-55ec-96e1-16d5e6c86421,2484,Meadowbrook Farm,farm,iran,
1055eab8-e1d2-5c0e-a0fd-77c2b7106a56,2485,Wonderful Pistachios,shelling plant,united states,
e1f0ea16-b233-5288-8ae0-4a5dd6813863,2486,Blue Diamond Growers,shelling plant,spain,
eecc8669-f868-5f42-98b2-a12ef7796760,2487,Green Valley Farm,farm,united states,
fab911e3-2168-51a1-8f6a-2e4d22f38c19,2488,Alesto Processing,shelling plant,india,
cec2feb6-a9f5-5015-8982-c31d0960fc85,2489,Alesto Processing,shelling plant,spain,
40ed6061-b230-51a6-a295-35725ca084fe,2490,Highland Fields,farm,spain,
8c2f2e0d-a7eb-5143-b60c-20a4b8dc5807,2491,Alesto Processing,shelling plant,united states,
b8fc98b0-47a1-517b-b796-3df72d5c8e5d,2492,Olam Nuts Processing,shelling plant,australia,
9f9c5721-d076-5401-8610-78a339c26ecf,2493,Green Valley Farm,farm,thailand,
189dadb1-9b64-5d50-b912-b3d180865dcf,2494,Iberian Food Industries,factory,united kingdom,
e4b7a8de-aa1b-5c10-8f47-d813d70054c8,2495,Nordic Consumer Goods,factory,italy,
a0243189-b708-58d9-9cd2-db4749812bb7,2496,Evergreen Growers,farm,united states,
8660bcec-3248-5d42-be4e-724731286e6e,2497,Iberian Food Industries,factory,united kingdom,
2b8db94b-64af-5811-89af-aad16b39f2af,2498,British Food Processing,factory,united states,
dd8ff60f-b05b-57b5-8249-8f50fa0bfb9a,2499,Blue Ridge Farm,farm,united states,
df3e6268-6e33-5a01-8f01-896c0ccbe0a4,2500,British Food Processing,factory,germany,
fc0d6ca4-7826-55d8-a019-cc94614ca112,2501,European Foods Manufacturing,factory,france,
1d1236ee-50e5-593f-ade3-8af2a6867902,2502,Meadowbrook Farm,farm,france,
4923404d-d1ac-5d29-baf5-e79ed9543934,2503,British Food Processing,factory,united states,
15748792-77ce-5ae0-84d7-276b004b46a9,2504,Nordic Consumer Goods,factory,thailand,
3c326f0d-4ae6-5f44-963a-7f8e9fbb212a,2505,Evergreen Growers,farm,united kingdom,
7c8a5c3d-1545-57fc-b7f8-91b28d0467dc,2506,Continental Confections,factory,thailand,
8e76623c-ce25-5686-91ba-d9806ddcf128,2507,European Foods Manufacturing,factory,germany,
e7186b47-adc9-5652-b177-c2a60c3bd230,2508,Golden Harvest Co,farm,united kingdom,
4ffb2836-34e1-58cb-98a5-1a786e68338c,2509,European Foods Manufacturing,factory,thailand,
517fc496-533e-51ec-8df0-9748b4b8a7ce,2510,British Food Processing,factory,germany,
110979f9-a83b-5fdd-a973-ca609f6e68c6,2511,Highland Fields,farm,italy,
ef6d0c51-99ce-5fc7-9cb4-71d75965ed57,2512,Alpine Production Group,factory,united kingdom,
842932fe-6bf2-500b-9f43-4067fa15f993,2513,Iberian Food Industries,factory,thailand,
1a65dfbe-ca11-5e4a-8a21-fdacaab8d4bd,2514,Blue Ridge Farm,farm,italy,
ab6a5ee9-e813-50e9-9e2b-9b2696d7a2bd,2515,Iberian Food Industries,factory,united kingdom,
6b7a53e1-89d8-5e63-b05d-939b81370179,2516,Iberian Food Industries,factory,italy,
bf473419-b12c-50fa-85bb-abe24ef25128,2517,Evergreen Growers,farm,france,
609d4842-7394-5f4b-89d8-e95998fa72b1,2518,Nordic Consumer Goods,factory,germany,
9f19f540-c494-5ff7-a7ad-7359b8f22669,2519,Iberian Food Industries,factory,united states,
2c90323a-e16d-58c0-9f53-d2d03d2cfd25,2520,Cedar Grove Estate,farm,thailand,
cb99e4df-e950-5d83-92c3-ff8bd3c4b202,2521,Continental Confections,factory,france,
d33a4759-8ddc-5bcb-ae1e-c6326e81e059,2522,British Food Processing,factory,france,
c9901284-fcb0-58b0-a646-0c4494b2fba5,2523,Peak District Farms,farm,germany,
8213557d-5f7f-5030-a23f-a27b462f2b86,2524,Continental Herbs Ltd,processor,germany,
7f6ecc73-da81-59dd-9127-0ce08be79e26,2525,Spice Masters Ltd,processor,spain,
e743bf31-7b72-56fa-ad9c-bd24bfd78f40,2526,British Food Processing,factory,united kingdom,
3ee7aa6b-1819-5320-9ad5-e449c4f60e22,2527,Nordic Consumer Goods,factory,united kingdom,
c198bfbc-c92b-5904-b947-afbefd407692,2528,Golden Harvest Co,farm,netherlands,
cd898949-a93a-541e-9730-7fdf1f5107c5,2529,Continental Herbs Ltd,processor,spain,
91e9db66-b6af-54d9-8432-4411e7dc8a6f,2530,Continental Herbs Ltd,processor,netherlands,
d68cf2cb-d56a-5911-aaaa-dd8e743c089a,2531,Continental Confections,factory,poland,
be98df90-8c84-5c57-9ffa-f855880c7fbc,2532,British Food Processing,factory,netherlands,
a7ac1bf9-555d-5df8-9b37-8450c654532c,2533,Green Valley Farm,farm,germany,
2622c0fb-715a-5257-97ee-6d3f71b8232d,2534,TeaPro Processing Ltd,processor,germany,
639df19b-001e-54fa-a462-470adebe4467,2535,TeaPro Processing Ltd,processor,france,
6908afe9-9f52-5a7d-9b9b-3f6a2a1936d0,2536,Nordic Consumer Goods,factory,france,
9dec1bb5-3629-5549-a112-cd936f3f8e2c,2537,Iberian Food Industries,factory,united kingdom,
ab5a8ddb-87e5-554b-95e7-ac6166682f0c,2538,Golden Harvest Co,farm,poland,
cc6e4b09-080e-50b6-b127-ae51dae4fa68,2539,Pacific Processors Inc,processor,france,
0ac3af02-9a3b-5fcd-8837-ce84e5b9bcd9,2540,Pacific Processors Inc,processor,netherlands,
df58dd8a-3e3a-5267-b1e1-16ab3b547231,2541,Iberian Food Industries,factory,poland,
62a0b5b0-9f59-5919-8952-f773c4694633,2542,European Foods Manufacturing,factory,poland,
69f42d70-9913-52e6-b151-c6c1ed6bd6dc,2543,Evergreen Growers,farm,netherlands,
3383fc9e-f928-5bf5-b5f5-2e6b4ad1c2ac,2544,Nordic Seafood Processing,processor,germany,
1aa4152e-4419-55f8-9716-3f7e0c144554,2545,Pacific Processors Inc,processor,france,
7d3d7f2a-d69f-55f5-b6e1-e757f7cbc0e4,2546,Iberian Food Industries,factory,netherlands,
b3fb9fd7-805a-5517-9a5a-35f0ff077f7d,2547,Continental Confections,factory,poland,
08c76cc2-7523-598b-a34a-92aa2654fc92,2548,Riverside Cultivators,farm,germany,
e464a796-6735-5b6a-8fa6-bef1c37c0b22,2549,Nordic Seafood Processing,processor,spain,
f51cd753-5c79-50b5-8dbb-72b5e22d15a1,2550,Continental Herbs Ltd,processor,spain,
21f59f5b-3c98-59bb-a595-2e20ba2af52f,2551,British Food Processing,factory,france,
cb5d3697-5f4e-587a-8bef-c50796db8a67,2552,Nordic Consumer Goods,factory,poland,
50167a27-23d3-55a0-90fc-f6033cbb2987,2553,Green Valley Farm,farm,france,
05a970cf-9987-5eb6-9001-b0572ef8d4af,2554,Continental Herbs Ltd,processor,france,
2bfc584e-6b74-59c1-8f1b-26e6b6d43a0e,2555,Continental Herbs Ltd,processor,poland,
01127401-661c-5678-9eb3-6fff49b53878,2556,Nordic Consumer Goods,factory,germany,
903b0976-245d-5256-a53c-80aac28dd0f5,2557,Iberian Food Industries,factory,france,
70f71f93-01c6-5e50-9aad-e3dadff7a5fc,2558,Golden Harvest Co,farm,netherlands,
a84f513c-3f90-5b60-8743-f013bf35e3ae,2559,TeaPro Processing Ltd,processor,germany,
648c9e2a-baa4-557c-84d4-a427412f8ad3,2560,TeaPro Processing Ltd,processor,germany,
1d95c413-b938-525c-bcf9-a3cd0b896710,2561,Continental Confections,factory,united kingdom,
e619d886-de76-5be8-b936-bc0f8b3717de,2562,Alpine Production Group,factory,netherlands,
64d9a5e6-7b44-5689-be39-e8f49c608089,2563,Riverside Cultivators,farm,spain,
902d0bd8-ed6f-5ea7-aa4c-b281a9626a08,2564,TeaPro Processing Ltd,processor,germany,
6e5f096b-2bbc-5e18-988a-b5202e97bf33,2565,Nordic Seafood Processing,processor,united kingdom,
3f1765de-90b2-50b2-8d92-19ad058fa864,2566,Continental Confections,factory,france,
da442636-3f8a-595c-b5a7-9ff9de9bb73b,2567,Continental Confections,factory,germany,
88cccb65-4585-563e-a37d-4aefb4cf40c4,2568,Meadowbrook Farm,farm,germany,
99f867b3-4a85-5ca1-8163-07083818dafc,2569,Pacific Processors Inc,processor,netherlands,
6ed44c97-2d99-5ccc-a0f0-dfe4826a1edc,2570,Continental Herbs Ltd,processor,spain,
23a95d73-3c45-5f9f-91cb-448781671d1c,2571,Continental Confections,factory,netherlands,
58ae23d2-fd3e-55c3-ab5b-7d774c6c7680,2572,Iberian Food Industries,factory,netherlands,
090496a3-227b-5326-84e8-6b600d64ebb0,2573,Blue Ridge Farm,farm,poland,
eacc50c6-bce1-561a-a752-5273a6c58869,2574,Nordic Seafood Processing,processor,france,
021adfb8-e52b-569b-8d7c-84c8f5b9bf9d,2575,Pacific Processors Inc,processor,germany,
8a10bf4e-0dd4-56ca-bdc0-9f416da85686,2576,Nordic Consumer Goods,factory,germany,
c3399f24-6249-578a-9df0-3cdba0dd3f90,2577,European Foods Manufacturing,factory,spain,
d6909f12-7c2b-52f5-9af8-0c04b17425b9,2578,Meadowbrook Farm,farm,germany,
bb427175-3fcf-5096-9fc4-eb4f5b695263,2579,Spice Masters Ltd,processor,poland,
380a142e-b2c5-5c5e-b1f7-0f20ac5b09f2,2580,Pacific Processors Inc,processor,netherlands,
72d78661-b873-55c8-a61b-9d2b99b0f94a,2581,Nordic Consumer Goods,factory,netherlands,
221fb22b-51ae-5500-87ee-015d1ce973bb,2582,Alpine Production Group,factory,france,
d17c3d3d-9e59-58fb-a401-fd4a8574dcbe,2583,Meadowbrook Farm,farm,spain,
fec1ef7b-ab31-5366-9bd5-205d431d9ee9,2584,Bakkavor Group,processing plant,kenya,
dafdf9f8-3479-5821-9f7f-dae83397ede6,2585,2 Sisters Food Group,processing plant,kenya,
770d4842-81e1-5396-b90e-3d9b3f7d3845,2586,Nordic Cold Chain,cold store,france,
232e90e3-b292-524d-9be5-752963fd9c5f,2587,Kloosterboer Cold Logistics,cold store,united kingdom,
cf4b414e-b3f6-5324-834e-4c42d3bffe08,2588,Sunrise Agricultural,farm,united kingdom,
d1fc9be7-87f5-5ff9-8bcb-ca90a88a7a90,2589,Bakkavor Group,processing plant,united kingdom,
07a45f68-dfc3-5d15-9ffd-d5798858bda5,2590,2 Sisters Food Group,processing plant,belgium,
0cc744b9-c9ea-5fde-9cbe-d0aa8747214e,2591,Lineage UK Ltd,cold store,poland,
9b05992e-8618-5885-964b-54345c5d2ad4,2592,Kloosterboer Cold Logistics,cold store,united kingdom,
bfd1cd58-62a0-5405-9c37-4ae36c4d7edf,2593,Meadowbrook Farm,farm,france,
0b78782c-30a6-5d56-8fbd-bb28c629f4df,2594,Kerry Foods,processing plant,united kingdom,
99349b96-0cbf-5146-bbc5-5c9b0f43ae8b,2595,2 Sisters Food Group,processing plant,belgium,
eb753183-4c73-5d7b-b8a7-816dfce45e6e,2596,Frigo-Logistics UK,cold store,united kingdom,
9b1cc3d8-3b5b-50d2-95af-7a333e4b072c,2597,Frigo-Logistics UK,cold store,poland,
bad49e01-748f-52d7-b453-8ca09cd369e8,2598,Highland Fields,farm,spain,
2ac692b8-eb0e-5a17-9f3a-e5e23c1e4edb,2599,2 Sisters Food Group,processing plant,spain,
b42853d2-f254-5ce6-9983-72dbcde21688,2600,2 Sisters Food Group,processing plant,france,
2106e228-b01e-594e-800f-946e60c7f80a,2601,Lineage UK Ltd,cold store,france,
8a630f73-90f0-512b-a569-eeeeae75b955,2602,Nordic Cold Chain,cold store,united kingdom,
ada47db3-8fc3-5407-9fe9-f126554a444a,2603,Blue Ridge Farm,farm,poland,
85f59bdd-d63c-5eed-90e8-c0a8d75478e7,2604,Greencore UK,processing plant,belgium,
6c5292e8-93a0-5628-8345-56a60eb613f1,2605,Kerry Foods,processing plant,spain,
19f40e2d-d038-5838-b3a0-3c57e2973e64,2606,Lineage UK Ltd,cold store,united kingdom,
77da6179-c2ec-5267-97ac-47f0d6596138,2607,Lineage UK Ltd,cold store,france,
96af6b7b-a14b-5d2e-ba41-10873e1e6b15,2608,Peak District Farms,farm,kenya,
d1a95ff4-4dfc-528c-9a8c-7d2e6b7dabf3,2609,Kerry Foods,processing plant,spain,
deaa0c4e-6fa4-5721-b7e5-558b520f63cb,2610,Cranswick PLC,processing plant,france,
1414ee1b-ea02-5ad5-88e4-0046404bdae0,2611,Frigo-Logistics UK,cold store,kenya,
ca3e93b0-2382-5e42-b9f7-3e1c83dbe2f4,2612,Nordic Cold Chain,cold store,belgium,
deb9c0b2-c235-5524-ab96-546c85222d81,2613,Cedar Grove Estate,farm,kenya,
5451b640-05d0-5a07-bb0a-90cb2e988c10,2614,Bakkavor Group,processing plant,poland,
2259cf5a-6350-5400-84fe-eaacda2bc54a,2615,2 Sisters Food Group,processing plant,france,
ce8a34e6-761c-5876-a007-99158dca44d0,2616,Lineage UK Ltd,cold store,france,
9926e0bd-350a-53e8-bdde-ca2f817a1b65,2617,Kloosterboer Cold Logistics,cold store,france,
343dadfc-615f-5915-b541-60d387e9ee2c,2618,Green Valley Farm,farm,poland,
e7fa9f05-320d-5ec3-9cab-cd0f50562415,2619,2 Sisters Food Group,processing plant,kenya,
e5ce68da-0bfe-571e-89f3-f15f277c106e,2620,Bakkavor Group,processing plant,kenya,
e518c236-66d4-5243-86c9-d98a50a174c4,2621,Nordic Cold Chain,cold store,belgium,
b2640254-fba6-584b-a7c8-7c520922e7a0,2622,Kloosterboer Cold Logistics,cold store,kenya,
454eb0b3-c1c9-5218-8ffb-b924a08cc561,2623,Sunrise Agricultural,farm,france,
85cdd76c-d626-5c37-ac64-58d6c9601285,2624,2 Sisters Food Group,processing plant,kenya,
34b89d33-c58f-5841-a119-503bbfec6d79,2625,Greencore UK,processing plant,belgium,
f3ceb2d3-73e9-50cf-8f55-d0369dc30c92,2626,Lineage UK Ltd,cold store,belgium,
e418de4e-d1ac-5e4d-b5d9-5b1e51afc994,2627,Lineage UK Ltd,cold store,poland,
9d971266-63b7-5458-b80a-473a4f94bbd1,2628,Green Valley Farm,farm,poland,
5e51206f-7455-504b-af15-287982faa35b,2629,Cranswick PLC,processing plant,france,
4b5ea04f-fb00-5693-bd65-6cef5a0fdb43,2630,Greencore UK,processing plant,poland,
29ca7f59-a160-5d4c-b147-d6e23846b390,2631,Frigo-Logistics UK,cold store,united kingdom,
9bbd57f4-7f42-5635-9b22-822f43d145e9,2632,Nordic Cold Chain,cold store,kenya,
2d575d04-1bfb-57ea-b4f1-019c86f3bbc3,2633,Meadowbrook Farm,farm,kenya,
83f7f7d1-1cd9-515b-a204-7e1229cd211b,2634,2 Sisters Food Group,processing plant,france,
b4568036-3f15-59ff-ae7f-ae06975c52b4,2635,Greencore UK,processing plant,united kingdom,
40a21af4-0f67-51dc-9eb9-66fd81f23f40,2636,Nordic Cold Chain,cold store,united kingdom,
ed8346b6-61dc-5fd2-b461-a80df670e98c,2637,Frigo-Logistics UK,cold store,spain,
d576da77-8fe9-5234-a591-8f3343803570,2638,Kerry Ingredients,supplier,united states,
c9ee534a-10bb-5080-95f4-3986d4bc0b22,2639,Coca-Cola CCEP UK,bottling plant,germany,
9e13869c-a259-5500-a5f3-abf0a20f9b26,2640,Coca-Cola CCEP UK,bottling plant,belgium,
510dbea9-5a61-5442-a3b5-22a5463a365c,2641,Tate and Lyle Supplies,supplier,germany,
97ea88a6-fbe5-518c-abd2-08360b809c5f,2642,Britvic Bottling,bottling plant,belgium,
c6571204-721a-5274-ac4b-4c48db6c0b4a,2643,Fever-Tree Production,bottling plant,france,
f02678e1-fd7a-549d-b205-793a2e5ce151,2644,Univar Solutions UK,supplier,germany,
be775405-4570-5c8b-ab2c-6d3bd02ed405,2645,Coca-Cola CCEP UK,bottling plant,united states,
48699594-e461-5070-b59c-503bdc83bb31,2646,AG Barr Bottling,bottling plant,united kingdom,
24a18669-9bc1-5b8d-9992-deeec7a5a84f,2647,Cargill UK Ltd,supplier,belgium,
f25add93-f03f-592c-8600-f3bb8144e927,2648,Fever-Tree Production,bottling plant,ireland,
307bbf91-edb2-5a8c-8633-5fae3fecdc20,2649,Britvic Bottling,bottling plant,united states,
3dd0b126-ebf3-5b8e-90f3-12eeebc67677,2650,Cargill UK Ltd,supplier,france,
c2078125-d784-568e-8c56-e3c96a6c361d,2651,Coca-Cola CCEP UK,bottling plant,belgium,
5cafaf57-d68b-5a9f-ba3e-1b652bf092f5,2652,Britvic Bottling,bottling plant,united states,
72259a62-de22-5828-84e0-d97bf3fbf09d,2653,Tate and Lyle Supplies,supplier,germany,
a8ec99d5-4a73-5e06-b23c-bc45105e58b4,2654,Fever-Tree Production,bottling plant,ireland,
b7520c14-8317-5a97-99be-85df0c645280,2655,AG Barr Bottling,bottling plant,united kingdom,
10ab4fc7-1e0c-55c0-a1f2-0397c15384e2,2656,Tate and Lyle Supplies,supplier,germany,
6456bb76-1453-59ca-9b00-3f7aedb9dff5,2657,Britvic Bottling,bottling plant,belgium,
5cbc28ee-8047-5a57-be21-e1809aae2530,2658,AG Barr Bottling,bottling plant,united states,
9e1a99ec-a533-58cf-b873-90dbf898473e,2659,Kerry Ingredients,supplier,united kingdom,
4d0dd2d0-f683-5f90-9424-a44ba1639249,2660,Britvic Bottling,bottling plant,germany,
9b499422-12cf-56bd-a3a4-69d839cc2ade,2661,Fever-Tree Production,bottling plant,france,
28072cd9-8005-5d22-959d-e8c9daf25182,2662,Mendoza Vinedos,vineyard,chile,
72cb5c2e-8f95-5f55-b046-cf02a4b7d419,2663,Treasury Wine Estates,winery,argentina,
4c0eb407-e0ed-56a9-9c50-199a8657a2e8,2664,Treasury Wine Estates,winery,chile,
6f1eb782-36be-511d-9b02-be2e01ff1dd0,2665,Fields Morris and Verdin,importer,australia,
64b43263-6881-5d50-ae81-b51069ea11b7,2666,Enotria and Coe,importer,italy,
d47c4fa1-567e-5214-9106-18d26cb9e15d,2667,Barossa Valley Wines,vineyard,france,
3261ac3d-0eac-5305-a4f9-29c001956442,2668,Treasury Wine Estates,winery,italy,
bd97a40c-c9aa-50e2-a0b4-5738760f3bab,2669,Gallo Wines UK,winery,australia,
04f919ff-30f6-5834-9944-f0b029c23936,2670,Justerini and Brooks,importer,chile,
5a851573-6b8e-51c0-9393-74aee4496563,2671,Justerini and Brooks,importer,australia,
d1edd5b2-60eb-56aa-a0b0-e86206821ce5,2672,Chateau Margaux SARL,vineyard,chile,
73e72453-5e68-544f-a6bb-40366ce97041,2673,Concha y Toro UK,winery,italy,
65321303-fc32-5528-b4a6-da4d0f03e784,2674,Concha y Toro UK,winery,france,
18a92178-0bf9-5548-a9b0-ef5eb28e5961,2675,Fields Morris and Verdin,importer,italy,
b03c2442-121b-5c35-8862-369e0a372455,2676,Justerini and Brooks,importer,italy,
c605bb39-0a47-54e2-a04c-bd476314a25f,2677,Concha y Toro Estate,vineyard,france,
9451d4f9-d751-5a88-9a15-af7f5f43ee28,2678,Concha y Toro UK,winery,france,
9d7ea586-0de3-5e4f-b343-66ad177cb135,2679,Concha y Toro UK,winery,chile,
0f6afa39-06bd-539b-be34-377c34d22c0e,2680,Berry Bros and Rudd,importer,chile,
d597e6fc-9a1d-5a02-8e20-743cc93e3a9b,2681,Justerini and Brooks,importer,argentina,
817bb2d2-a65d-5f16-bd97-412a03f53669,2682,Loire Valley Estates,vineyard,argentina,
4899dbd6-82fa-5241-bbb9-a25b03bcb315,2683,Concha y Toro UK,winery,italy,
c207d2c9-283a-572f-b2d8-e971d2a0dc21,2684,Freixenet Mionetto,winery,france,
d4295fd5-8d97-5455-923c-5841b1acabfc,2685,Fields Morris and Verdin,importer,spain,
89590aa4-b8c8-5b99-a80a-2f98932d1e17,2686,Justerini and Brooks,importer,france,
a1b17f96-ef58-5b6d-abee-57a3eb52b90d,2687,Mendoza Vinedos,vineyard,chile,
9d47867e-ba76-57d8-b863-6858c7740258,2688,Gallo Wines UK,winery,spain,
d8746bef-c0de-5e4d-aaee-6db1e98e78e1,2689,Freixenet Mionetto,winery,argentina,
3431fc7b-41e6-566d-b8c8-1b19a25cb9ac,2690,Enotria and Coe,importer,italy,
4cc08a18-8c4d-58af-973d-8f341ac0b918,2691,Enotria and Coe,importer,italy,
dc80dd77-25d1-5c04-9cde-69e05fbda93e,2692,Tenuta Toscana,vineyard,italy,
0ca3d1d5-dade-512e-ba99-48358141be02,2693,Concha y Toro UK,winery,argentina,
95a14de8-2549-56e7-9ebd-ae5b4548645c,2694,Gallo Wines UK,winery,spain,
eb2537ee-7a30-54e6-80fb-8576ecc0b781,2695,Berry Bros and Rudd,importer,spain,
6ea08138-0933-522a-890f-3a4985e6d27a,2696,Justerini and Brooks,importer,italy,
cd14badd-f9d2-522f-b633-0f6a8d70d4d2,2697,Bodegas Rioja Sur,vineyard,italy,
6d6d3c30-3003-5b6c-861a-95dac95676ca,2698,Concha y Toro UK,winery,italy,
4b6fad6e-fb11-5084-8988-40969ac8b63e,2699,Freixenet Mionetto,winery,italy,
8e1c4b64-1ece-5ae3-88be-debac10263c9,2700,Enotria and Coe,importer,australia,
5e4db457-a637-57a3-95a1-a032420944a1,2701,Fields Morris and Verdin,importer,chile,
fcfc0428-f9b4-5bd3-999d-ddec2772f7bb,2702,Barossa Valley Wines,vineyard,france,
9b07861f-4ced-5039-b580-87b8a07e010b,2703,Concha y Toro UK,winery,chile,
3e40a40b-92be-535f-9c5d-ca071fb03799,2704,Concha y Toro UK,winery,argentina,
39bbd1ad-8413-5d4e-a5c8-f36ec437dcfd,2705,Justerini and Brooks,importer,australia,
799dce49-db65-59bc-8dbe-8b95823042e4,2706,Berry Bros and Rudd,importer,spain,
30103597-9d9a-5b25-a6b9-8cc0c353a0f8,2707,Riverside Cultivators,farm,united kingdom,
7b0873dc-77ec-5a7f-8d01-33507c910e30,2708,Muntons Malt,malting house,ireland,
d69521c3-aae5-54a5-b09a-4ed76b7e7de0,2709,Muntons Malt,malting house,ireland,
8358fde0-82a2-55e2-94de-2f633b5e9b39,2710,Carlsberg Marstons,brewery,ireland,
8fac6ad0-6e7f-5234-9eae-578b8a1b07ba,2711,Carlsberg Marstons,brewery,belgium,
8b13ebfb-ad45-5fc9-9818-0c5bc9fd22bf,2712,Green Valley Farm,farm,united kingdom,
25889179-068d-5e64-8df9-8e9de6a833e5,2713,Thomas Fawcett and Sons,malting house,united kingdom,
33fc8371-37cc-5cca-9ad9-9906b9bd86ef,2714,Crisp Maltings,malting house,united kingdom,
a8a9a73b-a6d9-569a-835a-d55c461d0768,2715,BrewDog PLC,brewery,germany,
64112e1c-b002-5889-ba36-335593c8c58c,2716,Heineken UK,brewery,ireland,
601689e4-483f-54cc-bc00-1200da0c208f,2717,Golden Harvest Co,farm,united kingdom,
26a55e1a-31f9-58ff-b440-a6cf75955d1c,2718,Crisp Maltings,malting house,belgium,
cc02b028-b93a-5a84-bb81-8d99748ac927,2719,Muntons Malt,malting house,belgium,
656ce44d-f764-595f-a3fc-3c34065c5946,2720,BrewDog PLC,brewery,united kingdom,
979f8177-d4d1-5567-8a0e-76d6606728f0,2721,Carlsberg Marstons,brewery,netherlands,
c5a79fb3-7259-5f8e-90e9-d19c7a3faad7,2722,Riverside Cultivators,farm,germany,
c46f6afe-9554-5714-aaa2-3a41fb8ca0a8,2723,Thomas Fawcett and Sons,malting house,netherlands,
f5a8b2b8-b3d2-5991-8dcc-3589feacc176,2724,Crisp Maltings,malting house,united kingdom,
3037c86a-cb97-53b5-826e-944bd9338a85,2725,Carlsberg Marstons,brewery,netherlands,
6a192584-0ef5-570c-a9de-c47b8fbe9dae,2726,BrewDog PLC,brewery,united kingdom,
b2d9f255-24c0-50ac-9bec-7d5662de56d9,2727,Evergreen Growers,farm,belgium,
65386554-98bc-5bae-8a67-f933dd2727ad,2728,Thomas Fawcett and Sons,malting house,germany,
11445a04-d9dd-5867-9483-043b3ff1fc49,2729,Muntons Malt,malting house,germany,
cf638f2e-c2fc-59fd-96c3-a3b365e0c5ea,2730,Fullers Brewery,brewery,united kingdom,
632c6ff4-3aea-5537-aa94-a36d12db3368,2731,Heineken UK,brewery,czech republic,
b09dd787-a5f7-5199-91e5-f7b2eead86a3,2732,Cedar Grove Estate,farm,czech republic,
7024fdf6-ac92-5135-af49-d5a166396eb0,2733,Crisp Maltings,malting house,germany,
f94e762a-469a-54df-91a6-3123b7f88d06,2734,Muntons Malt,malting house,united kingdom,
3949d799-27eb-5da1-b66b-a604a7bf53cf,2735,Fullers Brewery,brewery,united kingdom,
1c2b12f7-9944-5084-a1ee-3f6be5073b51,2736,BrewDog PLC,brewery,netherlands,
77e054a1-7d9c-5b9e-8c78-b41e1270de4c,2737,Peak District Farms,farm,czech republic,
64f05543-57ea-526d-a301-e6e58870d741,2738,Bairds Malt,malting house,netherlands,
820383c8-4bea-5409-af38-e1b9e1012ab3,2739,Crisp Maltings,malting house,netherlands,
65c89cc8-a66c-52c3-a4ff-45be84830203,2740,Carlsberg Marstons,brewery,netherlands,
7570d596-9ec8-510b-9251-a27f7c8c4969,2741,Fullers Brewery,brewery,germany,
d7f0b266-0231-565c-a2d7-59584c723dc2,2742,Cedar Grove Estate,farm,germany,
06d0dbe6-ebe5-56d9-8ebf-9714045dbc80,2743,Crisp Maltings,malting house,ireland,
5b32a16b-baa7-5248-80af-279a44bfdf52,2744,Thomas Fawcett and Sons,malting house,germany,
a1b74ac9-4005-5b6a-a9a0-91ec82335175,2745,Fullers Brewery,brewery,netherlands,
a6114629-a417-57bb-86f9-8b6ba352d2e2,2746,Fullers Brewery,brewery,united kingdom,
fe86d4c1-7a57-53fa-a175-9de60cfc84e1,2747,Sunrise Agricultural,farm,netherlands,
40981ff9-53c8-555d-b17d-57d0b0bed69a,2748,Crisp Maltings,malting house,ireland,
7a608bc4-d343-5d2a-b58c-6bc1c59d64ac,2749,Crisp Maltings,malting house,united kingdom,
8dc4fa43-18b2-5302-8e5b-561e4ea5dd90,2750,Carlsberg Marstons,brewery,united kingdom,
c2762242-8023-558e-9602-2137b3294cac,2751,Heineken UK,brewery,germany,
13d3149c-682a-5b3e-880a-44e6379dbbd3,2752,Highland Fields,farm,ireland,
b82d11e1-7db1-5d74-b086-8197b50c134e,2753,Muntons Malt,malting house,netherlands,
91c19145-5f87-5789-ab60-97187c7d9b41,2754,Crisp Maltings,malting house,belgium,
d0b35e96-0bb6-5fd7-b0e8-b26bf4ddc145,2755,Heineken UK,brewery,belgium,
b6648ea7-5e76-5ba2-b628-3518dd6dc91c,2756,AB InBev UK,brewery,czech republic,
285888bb-e2c8-572c-872a-322cb7f09ea1,2757,Evergreen Growers,farm,united kingdom,
d8963339-4d47-5591-b824-9c0d1737a76d,2758,Thomas Fawcett and Sons,malting house,netherlands,
8c29b244-8587-5d98-88ea-26eb8e962770,2759,Muntons Malt,malting house,netherlands,
10cb6f10-5a5e-5fdb-8775-aff744552092,2760,AB InBev UK,brewery,united kingdom,
fd3c612c-5883-5198-a51d-017765e117de,2761,BrewDog PLC,brewery,united kingdom,
7a1106d3-30c5-5adc-8c86-d56747535488,2762,Sunrise Agricultural,farm,spain,
de6b37a6-8d2d-56db-a4dc-4564763eee3c,2763,TeaPro Processing Ltd,processor,india,
9f1135bc-506f-501e-bfbb-c9d3455014ef,2764,Spice Masters Ltd,processor,spain,
41b8b2bd-904d-5cf0-a602-2fb1c1f8c24b,2765,Twinings Blending House,blender,spain,
248c96e8-826c-5635-82fa-88c2a806e678,2766,Clipper Blending Co,blender,vietnam,
aec0faf6-af08-59f6-bc82-f79b64a54afd,2767,Golden Harvest Co,farm,vietnam,
64229859-84a0-5721-aa7c-723353ad21d1,2768,Nordic Seafood Processing,processor,vietnam,
3e5f8647-0df1-573a-b31a-db223c427334,2769,TeaPro Processing Ltd,processor,spain,
cf05acd7-ecc2-5652-9bc0-0783b4c893d0,2770,Yorkshire Tea Blenders,blender,india,
7b7f56b2-4f35-5c1e-a315-f7ca09db4b38,2771,Yorkshire Tea Blenders,blender,sri lanka,
b5278d47-8d6c-514f-84ae-144d0ba17cef,2772,Cedar Grove Estate,farm,india,
e0a0f217-7ac3-5b45-a9a1-3385fa48c998,2773,Pacific Processors Inc,processor,sri lanka,
b74314d4-1bec-5431-ba88-d53885ff6d3b,2774,TeaPro Processing Ltd,processor,indonesia,
dc7210d7-9375-50ce-9555-eed4e915486a,2775,Tetley Blend Centre,blender,sri lanka,
41fed29e-3819-560e-bae1-1397224daed1,2776,Tetley Blend Centre,blender,indonesia,
73b6c76b-768a-567b-b142-c52bd29cc402,2777,Blue Ridge Farm,farm,india,
a46aac2b-e84e-5cf8-bd22-66ccb27bafc2,2778,Pacific Processors Inc,processor,spain,
882faa52-f2a1-5ffd-b50e-586e7d35b154,2779,TeaPro Processing Ltd,processor,india,
1dac5ac9-8997-5408-bbc1-4c8925dc1dd2,2780,Tetley Blend Centre,blender,india,
59d65127-6223-5009-8fab-30a11ff60a05,2781,Clipper Blending Co,blender,india,
1d54ae0c-9448-594b-8646-2ad54b1d84cb,2782,Riverside Cultivators,farm,india,
9f917d6a-a5bf-5815-b401-70795fe326b4,2783,Continental Herbs Ltd,processor,spain,
522aa515-0526-56b9-960a-49919516dd97,2784,Nordic Seafood Processing,processor,vietnam,
d5d41962-34d0-5ecb-9d7f-f5e5e05d4338,2785,Clipper Blending Co,blender,vietnam,
35e30be7-c825-5516-a89a-19cb8e0b1435,2786,Yorkshire Tea Blenders,blender,spain,
1908ad14-0a3f-5c16-897c-e741fb2549fa,2787,Green Valley Farm,farm,spain,
e40cb698-2cdd-5b2f-89d3-f78943adf6c1,2788,Spice Masters Ltd,processor,vietnam,
dbb6b56b-e38b-597e-a2a7-372b986c6df0,2789,TeaPro Processing Ltd,processor,mexico,
5b2a84aa-a6c6-58ce-8662-4a2da71386c7,2790,Twinings Blending House,blender,sri lanka,
3605d2ea-f33b-5219-8769-44a3c5f23a9e,2791,Yorkshire Tea Blenders,blender,sri lanka,
22ce8a12-b122-5c28-b162-8d4a748ed167,2792,Evergreen Growers,farm,vietnam,
23564c67-58ca-594d-b1b9-79bca3cbc7fa,2793,Nordic Seafood Processing,processor,mexico,
75f0072a-20ab-52a9-a259-373ad341cade,2794,Pacific Processors Inc,processor,spain,
95cbfdf2-dfeb-5b9c-8490-4b5be3842edb,2795,Clipper Blending Co,blender,vietnam,
4d347d07-e2ef-5459-93da-fdd9f58334ea,2796,Clipper Blending Co,blender,indonesia,
991e5d8f-dc96-5a5e-ab51-aa0feaa990cd,2797,Green Valley Farm,farm,vietnam,
771d3952-0cc0-5da4-b7a2-b268a12a3ff4,2798,TeaPro Processing Ltd,processor,sri lanka,
50015e6f-1cfd-5be8-b648-d96c8c7db716,2799,Pacific Processors Inc,processor,vietnam,
25b35d58-34c7-5055-8fd9-f358cb806e69,2800,Twinings Blending House,blender,indonesia,
0dfefc25-cac3-5e2c-8722-cc474993535f,2801,Twinings Blending House,blender,indonesia,
b6163f71-6055-5959-b312-e9d4fb930cc0,2802,Blue Ridge Farm,farm,mexico,
115ac255-7f15-57d5-bec0-fb438fc9cdc6,2803,Continental Herbs Ltd,processor,sri lanka,
19050fc1-25b3-58cf-8a47-1c6c806bb9e8,2804,Spice Masters Ltd,processor,india,
acc7e256-2760-5618-884a-89444699e9ed,2805,Yorkshire Tea Blenders,blender,spain,
a69de6ef-713a-5bab-ba3f-4f5222c7cdbf,2806,Twinings Blending House,blender,india,
b7ab9c56-a6e3-5239-9d6b-f8f20ad4364f,2807,Cedar Grove Estate,farm,indonesia,
cff45007-fde4-5b69-a485-d07e24b17cef,2808,TeaPro Processing Ltd,processor,spain,
a5fc913c-402b-5aef-b5b4-9d8c679c7f52,2809,TeaPro Processing Ltd,processor,mexico,
a864b8ce-0655-542f-88f3-aa461a989da4,2810,Tetley Blend Centre,blender,mexico,
452e94b3-2853-5dda-ad9b-f0c3fd348836,2811,Clipper Blending Co,blender,spain,
4769ff6a-8dc0-5232-938e-8f4cb8ae6660,2812,Blue Ridge Farm,farm,vietnam,
f29bf45d-644c-5547-afea-27ab425ce6ba,2813,Nordic Seafood Processing,processor,indonesia,
71dccb40-30e7-5aa3-b2df-3dc7fd44e63a,2814,Continental Herbs Ltd,processor,indonesia,
3eb9dfb7-2207-5af2-bf8c-0527ed8197b5,2815,Yorkshire Tea Blenders,blender,spain,
c855f4b5-d0e0-51a7-99fc-b3908a2f5b5a,2816,Clipper Blending Co,blender,indonesia,
d96d8601-f650-5627-bb39-d91461cc0be8,2817,Sunrise Agricultural,farm,ethiopia,
615c50a2-0bb3-558d-96ef-c379951e8541,2818,Minas Gerais Coop,cooperative,ethiopia,
c46a50d9-425e-5a95-9041-376edabed5ce,2819,Cauca Cooperative,cooperative,vietnam,
844d295b-86b0-54ca-8c72-ea75f36340d6,2820,Has Bean Coffee,roaster,brazil,
a46dac50-f0a7-5eae-83fd-f09cecbfecdf,2821,Square Mile Roasters,roaster,ethiopia,
22707e56-e86a-5d4c-8915-97f5ab0db019,2822,Evergreen Growers,farm,costa rica,
0077823a-8812-5634-8c9d-9a6f5904ebc5,2823,Yirgacheffe Cooperative,cooperative,costa rica,
ce53dc75-730e-593e-8b29-0d86328e3bab,2824,Oromia Cooperative,cooperative,colombia,
45e33953-075f-5dd3-bbe1-614809053d62,2825,Lavazza Roasting,roaster,colombia,
d710f7a6-e4a4-5a64-a8d8-7e0a18f6d684,2826,Tchibo Roasters,roaster,costa rica,
763b5a01-1ebc-5c06-9892-c3e273cea97c,2827,Cedar Grove Estate,farm,vietnam,
5f1a721e-56fe-5570-8ef0-f4d1749ee52c,2828,Sidama Coffee Union,cooperative,kenya,
5ed0ddd3-7c23-5693-9e45-060ffaeb1f38,2829,Cauca Cooperative,cooperative,ethiopia,
df2f74ab-b5c0-5e45-a0c7-eb7863c2e0eb,2830,Tchibo Roasters,roaster,ethiopia,
b3a3a6ae-7e28-5e12-b8e6-51fb972f565d,2831,Lavazza Roasting,roaster,ethiopia,
3e17514c-bbe6-52b7-8172-1c7a082de911,2832,Peak District Farms,farm,ethiopia,
2e57a1aa-340d-58c2-8f31-b62058c3f418,2833,Antioquia Producers,cooperative,kenya,
d9feea26-074d-5382-aaa6-3f2ce240bcac,2834,Yirgacheffe Cooperative,cooperative,ethiopia,
d8f5fdf0-3733-5578-9ce5-0724a6ca46ef,2835,Tchibo Roasters,roaster,ethiopia,
77a12dad-03ee-5487-b60f-3253cfe27804,2836,Has Bean Coffee,roaster,costa rica,
603a2329-9f63-50f8-9ab1-4b22bf129ccf,2837,Meadowbrook Farm,farm,vietnam,
4e8be1fd-d8a6-50e2-ad84-251cc09ea544,2838,Yirgacheffe Cooperative,cooperative,vietnam,
b756f7ea-a2a3-5af8-8509-ab876961191e,2839,Bucaramanga Farmers Union,cooperative,vietnam,
5beb64c3-6570-57c1-bdd8-17a9aa209d55,2840,Union Hand-Roasted,roaster,colombia,
cd6c36d5-2934-53c0-8d80-d3b5cc42efe1,2841,Tchibo Roasters,roaster,colombia,
73193c13-69c8-54c3-881c-bb9c88134283,2842,Riverside Cultivators,farm,peru,
6c33f647-6aaa-5942-b756-0325597c7333,2843,Yirgacheffe Cooperative,cooperative,peru,
6e356711-2fa1-548e-8cd1-5a460ffab954,2844,Antioquia Producers,cooperative,ghana,
bef42032-98d8-57e7-8127-922518252d79,2845,Ivory Coast Fermenters,fermentation plant,peru,
b9cb91c8-521c-5ab5-b14c-f84912b96d18,2846,Ivory Coast Fermenters,fermentation plant,peru,
d804e84f-371f-5f11-bb54-a19c26ecef57,2847,Alpine Production Group,factory,cameroon,
dcffba70-1b54-5bb9-990d-37fc190a17c2,2848,Iberian Food Industries,factory,ivory coast,
b98fa632-6158-5327-a34d-623ff7760e28,2849,Golden Harvest Co,farm,nigeria,
723e05ed-0228-5b3c-bf4d-d4773e16e96e,2850,Antioquia Producers,cooperative,peru,
3aabd9f0-fa9e-5e04-bf3d-f96037abcc0e,2851,Yirgacheffe Cooperative,cooperative,ivory coast,
d5fc892f-afa4-5e2e-ad4f-5ffcc6d0fc97,2852,Ivory Coast Fermenters,fermentation plant,ecuador,
fcf6b0af-725b-5134-8a95-11740375d5b6,2853,Ghana Cacao Processing,fermentation plant,ghana,
3d13d216-5ce1-579f-bb64-61294c71bc91,2854,Nordic Consumer Goods,factory,ghana,
c1ab3548-c2b4-5711-b992-dd0ba1c10965,2855,British Food Processing,factory,nigeria,
f7e363eb-a372-5a17-8f72-803bc5a6a690,2856,Blue Ridge Farm,farm,ghana,
d45d7075-c02d-5e3f-adbe-ba0c3d6079a7,2857,Bucaramanga Farmers Union,cooperative,nigeria,
e51bfb27-258a-57bb-adf7-b56a717aa8a4,2858,Minas Gerais Coop,cooperative,ecuador,
0bec7aba-c4df-5f9f-915f-f08a890158d5,2859,Ivory Coast Fermenters,fermentation plant,ivory coast,
a21f247e-73f0-580b-a131-0d82a8fc1dc8,2860,Ghana Cacao Processing,fermentation plant,nigeria,
1eea054e-4013-5602-99b6-52f1aa828f9d,2861,Iberian Food Industries,factory,cameroon,
b9fdee36-1c0a-5ce0-9028-cd58043a9cfc,2862,Alpine Production Group,factory,ecuador,
e25a836e-b016-5f0b-9a87-bb6ed51356ea,2863,Riverside Cultivators,farm,peru,
4dcfe76e-c341-56aa-8e29-b6fb79e0b334,2864,Minas Gerais Coop,cooperative,ecuador,
29c33537-ad67-5ece-a510-81ab4db2e230,2865,Yirgacheffe Cooperative,cooperative,peru,
8deccab0-f773-57fd-8384-cd3edb0cac6c,2866,West Africa Cocoa Ltd,fermentation plant,ghana,
07a4a0aa-3d73-5818-8a84-54671cf7cc33,2867,Ivory Coast Fermenters,fermentation plant,ivory coast,
43d3e569-687c-5392-9c78-7c00b1e0a004,2868,Alpine Production Group,factory,ghana,
53268c85-163a-570b-a1f8-5a12c911fd82,2869,European Foods Manufacturing,factory,peru,
03e9b2b4-7443-5499-8ea9-b01aa189103d,2870,Green Valley Farm,farm,ghana,
136750b9-9569-5f4a-af23-e0463703adbb,2871,Minas Gerais Coop,cooperative,ivory coast,
b32f1196-6bb2-5c93-a7cb-a94b2e2119c1,2872,Oromia Cooperative,cooperative,ghana,
959cd6b4-f520-5d3c-ad8c-c8374cdff57f,2873,Ghana Cacao Processing,fermentation plant,ghana,
a1d6388c-a973-5cfc-b5cc-2aeda299dbae,2874,Ecuadorian Fine Cocoa,fermentation plant,cameroon,
85387f51-58fa-5b8b-8e15-8268cbac0907,2875,European Foods Manufacturing,factory,nigeria,
9c34736d-286a-5ff6-b49c-881107902722,2876,British Food Processing,factory,ecuador,
bd5bb262-0936-52d5-b219-912fa4694de2,2877,Riverside Cultivators,farm,cameroon,
4cdc9d9c-c0fe-5c55-b4c0-7d7abcb506b3,2878,Oromia Cooperative,cooperative,cameroon,
c70bf5a0-8887-517e-8963-b02d73244d57,2879,Minas Gerais Coop,cooperative,ivory coast,
f3115708-72a8-5ade-8fa2-d2b4778496e2,2880,Ghana Cacao Processing,fermentation plant,peru,
302a5026-ee43-5b37-950e-35b21e269a7a,2881,Ghana Cacao Processing,fermentation plant,cameroon,
7cc60de5-87f6-5c67-bdbf-3069728c01e8,2882,Continental Confections,factory,ivory coast,
e216d5e8-90e1-5919-8ad4-6dc7c1256f61,2883,European Foods Manufacturing,factory,cameroon,
182a35b8-5029-55c3-b47c-ec1720a8dc3c,2884,Dimbula Valley Teas,estate,kenya,
cef9a6b2-4b4e-58d1-a196-aaeca4094a8a,2885,TeaPro Processing Ltd,processor,indonesia,
965863e5-7ffb-5ebd-9283-ffd96b82776b,2886,Spice Masters Ltd,processor,china,
484eddfb-3676-5455-b6c2-975212f312fc,2887,Twinings Blending House,blender,sri lanka,
a863b097-2bda-55ed-87bf-062a3b764a88,2888,Yorkshire Tea Blenders,blender,kenya,
a17e8278-cbb2-5b2d-b640-8d4499bab8a6,2889,Nuwara Eliya Estates,estate,india,
80905090-7159-583e-8995-a2e113db8226,2890,Spice Masters Ltd,processor,kenya,
2ee50bc1-8e30-5005-b41f-8845c959d8c2,2891,TeaPro Processing Ltd,processor,malawi,
64a80af5-1cf4-5c50-b1be-830a9cb01f52,2892,Yorkshire Tea Blenders,blender,sri lanka,
e07da681-ad0c-5397-b1c2-8582099bbe78,2893,Twinings Blending House,blender,india,
c363b4ce-8c2a-5cc8-8d91-476676b1cd8d,2894,Nuwara Eliya Estates,estate,china,
9a9a63ac-cb31-598c-932b-eb03694c3a80,2895,Continental Herbs Ltd,processor,indonesia,
67a10c7a-10de-5150-9f55-65bf8848a6d6,2896,Continental Herbs Ltd,processor,india,
b697a9cc-147c-54b7-92c2-63178119c28a,2897,Tetley Blend Centre,blender,indonesia,
c7f94c54-43ef-5c16-8124-e8dbefe77d67,2898,Clipper Blending Co,blender,kenya,
09731fc3-8f3d-50ea-a687-8542ca219ca4,2899,Andalusian Orchard Co,orchard,south africa,
adcc0824-8980-5185-a84d-8976fe38b843,2900,Brazilian Citrus Press,pressing plant,united states,
908301b1-52a5-5163-96bf-29cb4477d08c,2901,Iberian Juice Co,pressing plant,mexico,
82364a19-4b83-5c1c-9404-a7fb29a9ff0a,2902,Eckes-Granini Packaging,packaging facility,argentina,
fae68d09-6180-520f-859a-93cabc443cbe,2903,Refresco UK,packaging facility,south africa,
8a689896-1ea1-59ed-abee-3a8711d588f2,2904,Andalusian Orchard Co,orchard,united states,
f839476f-2a4b-5c38-be57-49f3bf57ddb5,2905,Iberian Juice Co,pressing plant,brazil,
49b43676-2e0a-57d2-a7ce-b1a525217309,2906,Brazilian Citrus Press,pressing plant,south africa,
b011821c-74a3-537b-84f6-c72b05d9b5ac,2907,Refresco UK,packaging facility,spain,
df3d94a7-708b-5123-9289-30a5c5094209,2908,Innocent Drinks Bottling,packaging facility,mexico,
52b7ca9d-7b66-5a1e-a516-7aca35112f58,2909,Kalamata Growers,orchard,argentina,
b89be147-3224-5bce-a7be-d9d286398072,2910,Iberian Juice Co,pressing plant,spain,
896f1aff-c600-5767-8d1f-3e39159468c7,2911,Iberian Juice Co,pressing plant,south africa,
c12d25e9-d7cc-5834-831c-7ed47e0e2756,2912,Eckes-Granini Packaging,packaging facility,united states,
cafc5c9b-4a7c-53c4-b12a-cd5227f44163,2913,Refresco UK,packaging facility,south africa,
91931b30-1d0e-557f-b2af-f9c797b3a7c8,2914,Kalamata Growers,orchard,brazil,
45fec845-05f5-530f-92cd-8ddf9fd7348e,2915,Florida Fresh Juice,pressing plant,brazil,
6ba50d6f-df6a-549b-a92e-a640f8dc061d,2916,South African Citrus,pressing plant,united states,
ca4f1f26-3996-5c76-ab4a-66a777e28537,2917,Innocent Drinks Bottling,packaging facility,united states,
8a0430d4-2715-524a-af33-0dac4f4ae022,2918,Refresco UK,packaging facility,brazil,
32416a91-1be2-5bd0-b9d4-ff3e2ac7695e,2919,Cedar Grove Estate,farm,thailand,
66889415-cf7b-55c9-a0a5-e63f5d016ed9,2920,Nordic Mills,mill,canada,
6802b3ac-85c7-59cb-b380-7264eb2539c4,2921,Continental Flour Co,mill,canada,
b0017272-259a-5d48-9070-16b459a1f8cd,2922,Continental Confections,factory,italy,
6f7f6de1-4d8f-5033-89fe-f17ab69189e4,2923,Iberian Food Industries,factory,france,
ed66d3fa-ae31-50d2-be99-f5a73857bfca,2924,Meadowbrook Farm,farm,italy,
348c390d-af5c-59a3-9004-41d9a190aacf,2925,Allied Grain Millers,mill,india,
cd9d991c-a3f2-5bce-880b-be21399494fc,2926,British Milling Group,mill,india,
7a63ae0b-cea8-5dcf-a72f-41f2af622a8b,2927,Alpine Production Group,factory,thailand,
af2ee1d9-0ece-5171-9cac-554267c6c196,2928,Nordic Consumer Goods,factory,united states,
9e607f14-9b5a-5ed6-8542-d707979b10dd,2929,Peak District Farms,farm,india,
7b676f06-fe9b-5266-83f7-ca603a330953,2930,Mulino del Sole,mill,united states,
4d755d4e-5ff2-5a61-a558-1729bf42d3d2,2931,Nordic Mills,mill,thailand,
7d6d6ba8-547f-5435-9bd4-fd628f89910c,2932,Continental Confections,factory,united states,
aaab84d4-580d-59d6-a6ae-3c641578fc09,2933,Continental Confections,factory,united states,
e65ba663-5407-5896-898d-c02613fb7a45,2934,Evergreen Growers,farm,india,
bc17f989-3272-52c5-aa7e-9c4740829f40,2935,British Milling Group,mill,canada,
b84c3b52-3083-5aea-80cb-63b7705b0640,2936,Mulino del Sole,mill,italy,
d0174e6c-a06a-5d1c-86ce-0e4d47015bcb,2937,Alpine Production Group,factory,thailand,
08a85d39-5bd2-57f1-824e-032ccd5e628e,2938,Alpine Production Group,factory,thailand,
60dc30b0-a826-5485-9dba-c3618c882a67,2939,Meadowbrook Farm,farm,india,
314e11db-35c8-5f3d-9a35-17b55b7af18c,2940,Allied Grain Millers,mill,italy,
e723b74f-6491-5e6e-9b39-63257895177f,2941,Nordic Mills,mill,united states,
ea7c46c9-c454-5306-b14e-0683e34ce31a,2942,Alpine Production Group,factory,india,
a9a442d3-257d-528c-b17b-3e4f97bf6412,2943,European Foods Manufacturing,factory,india,
18ff55d2-8ce3-5de2-9f3e-c292c732c910,2944,Meadowbrook Farm,farm,canada,
3c6b6d86-41e6-5fc1-a690-0d2ee24117ac,2945,Allied Grain Millers,mill,france,
6471d68c-757b-50d9-9501-44ed473fb5dc,2946,Continental Flour Co,mill,india,
44b18435-8559-5d25-ab9d-5e0caee928ed,2947,European Foods Manufacturing,factory,thailand,
9b8ad62f-be70-5d2c-b9c9-381c9900eec5,2948,British Food Processing,factory,united states,
ee0e6860-0d05-557d-b19a-e95324551612,2949,Blue Ridge Farm,farm,canada,
5b47fdd8-4d56-5f36-956f-bb54377e4cb4,2950,British Milling Group,mill,italy,
14bbcb29-05c9-5e01-a4e2-4ecf45ad5629,2951,Durum Processing Co,mill,thailand,
9d9db2ae-0dea-515a-9b21-f8f5e0ea213b,2952,European Foods Manufacturing,factory,canada,
f93bd299-fb69-50e4-b8fc-1df8eae3720f,2953,British Food Processing,factory,canada,
5ca11fc3-7980-5f38-941a-7abf4a2111a5,2954,Cedar Grove Estate,farm,canada,
37e585fc-1dab-54d5-a8dd-e46bb34fc88f,2955,Durum Processing Co,mill,canada,
581b2baa-e2e0-58d4-8d68-4711f3a57a57,2956,Allied Grain Millers,mill,france,
28cf63d0-a7fd-5b69-bf05-2570149cca4e,2957,Iberian Food Industries,factory,india,
4d6761e5-9fa3-5e60-b41c-93b9199de9c5,2958,Continental Confections,factory,italy,
05b83027-1574-5822-bec0-cd4758259cb0,2959,Sunrise Agricultural,farm,india,
11c5e50b-a483-5712-b902-316facbbbe4b,2960,Durum Processing Co,mill,italy,
f359f876-1465-55ba-8f04-ca285d57b395,2961,Continental Flour Co,mill,france,
5d8fbba0-f292-57de-b728-d581b4c89640,2962,Continental Confections,factory,thailand,
ffd65ba9-e15f-51d9-a04c-b30b3741df0e,2963,Alpine Production Group,factory,india,
e468a0e1-1f98-5e67-8386-7365d7558172,2964,Golden Harvest Co,farm,italy,
0775c76a-da4e-51a0-af42-06443228e795,2965,Nordic Mills,mill,france,
de9960e6-9379-5e6f-a8bd-1413e82506ee,2966,Durum Processing Co,mill,canada,
c9360006-8728-59bb-86a9-71a94bc5530d,2967,Alpine Production Group,factory,thailand,
8d6c5d90-77a2-5216-91bc-f8110fbc4dbc,2968,Iberian Food Industries,factory,thailand,
48a1ce45-e7f1-5630-923b-16ff1d926dae,2969,Peak District Farms,farm,canada,
4dac5bf8-2270-5a12-bea0-2da705501a59,2970,Durum Processing Co,mill,france,
4df2801f-2185-5c26-9ac3-9387b3f053ab,2971,Nordic Mills,mill,germany,
c53bb565-3ba9-5bbc-a4f1-ded4f384062e,2972,Iberian Food Industries,factory,germany,
2751bac5-3f59-5b3b-a53a-0b748ed371f4,2973,European Foods Manufacturing,factory,australia,
e2bdb81c-a461-599c-aa8f-881fcfe378e9,2974,Blue Ridge Farm,farm,united states,
1cd7e5e6-fcd5-573a-9a5d-2013c7293aaa,2975,Nordic Mills,mill,australia,
15d30a32-dcc5-5dd6-a390-21e1305f2471,2976,Nordic Mills,mill,australia,
d0f1de55-2ffe-55af-b9ab-a7a61de82448,2977,Iberian Food Industries,factory,germany,
19259c0a-c61f-56f2-8f93-b7736a3ab70d,2978,Alpine Production Group,factory,canada,
8320b77c-8afb-50b7-8068-65a0bf2280d3,2979,Sunrise Agricultural,farm,canada,
1d1bee77-e7fd-5de0-be54-9ea257f3da84,2980,Nordic Mills,mill,australia,
93bad037-7952-525d-9bf8-9b64b825c7f5,2981,Mulino del Sole,mill,france,
caba8f2f-96bf-534c-b87e-4e1175f08306,2982,British Food Processing,factory,united states,
509d3cc4-d454-59f4-a36e-c2403b27dcb3,2983,British Food Processing,factory,france,
e7babf07-477a-5cc5-9e6c-7411a54a148f,2984,Blue Ridge Farm,farm,germany,
51335bfb-816e-544d-9d81-c11acf272646,2985,Durum Processing Co,mill,canada,
53d169b5-81df-5366-87cf-3da2628bda53,2986,Continental Flour Co,mill,australia,
fba28d22-9b56-535c-bd23-7303e861d8e6,2987,Nordic Consumer Goods,factory,france,
fa4f8290-7829-53e1-95a2-fbcaafbed48a,2988,European Foods Manufacturing,factory,france,
3c89cd39-507d-5922-acf9-89006fe96cc3,2989,Riverside Cultivators,farm,germany,
a2f1a0ef-1389-5ddd-9894-daf47149a415,2990,Continental Flour Co,mill,australia,
9e421885-6ab1-5f60-896a-06787ded4134,2991,Durum Processing Co,mill,france,
c19cfb6c-30a0-527d-a9bc-de6889ed8d9a,2992,Iberian Food Industries,factory,germany,
91f72423-1a7d-5aca-be79-79b3593f586b,2993,Nordic Consumer Goods,factory,united kingdom,
7d7f733d-c8f1-5e3b-aa79-239b84058135,2994,Evergreen Growers,farm,ireland,
25ee0f35-b452-521b-9244-cdfb6123d469,2995,Graham's Family Dairy,dairy processor,denmark,
025335ed-a898-566d-b25c-74c6b3743643,2996,Lactalis UK,dairy processor,denmark,
5ae585dc-f2ce-5092-879e-9a2a1d16e045,2997,Meadowbrook Farm,farm,netherlands,
45eda46e-fb8b-5a6e-bd96-68b0d7c9406a,2998,Lactalis UK,dairy processor,denmark,
a57a0f24-f271-5633-982b-3f25d5f2332b,2999,Glanbia Processing,dairy processor,denmark,
b59a96aa-8af9-59a2-88a6-d70e022b5675,3000,Peak District Farms,farm,united kingdom,
6c5408e6-d027-5a17-8087-c9344d07c51c,3001,Dale Farm Ltd,dairy processor,denmark,
e66467c3-94dc-5d54-b7b2-32922aa969d8,3002,Lactalis UK,dairy processor,france,
d2d91044-443f-56a8-9226-15f9234c00a7,3003,Riverside Cultivators,farm,france,
0631dad0-4a98-52bc-aee4-db84f308ecdb,3004,Lactalis UK,dairy processor,france,
fd822f0e-9fc7-54ee-a843-1067376e4091,3005,Muller Dairy,dairy processor,united kingdom,
bf20a42b-756c-5de6-a9b5-cf40bd1f6b4e,3006,Scottish Sea Farms,fishery,scotland,
c3fe7fa6-b743-52bb-a9ef-a3ff797e2fc5,3007,Nordic Seafood Processing,processor,iceland,
07a4ada8-4df4-56e9-8ddd-3c6ac4c04e1d,3008,Nordic Seafood Processing,processor,iceland,
13ee0b85-ee52-5ec9-ad82-8940c14795d9,3009,Nordic Cold Chain,cold store,thailand,
56022c71-4094-521e-bde0-e48ad7b38c6e,3010,Nordic Cold Chain,cold store,scotland,
f79e8913-9013-599a-ad46-41722260f4d8,3011,Aquachile SA,fishery,peru,
c44c35d6-835c-5f1f-bdf3-c28b93b17a8c,3012,Pacific Processors Inc,processor,vietnam,
34da8e03-3142-50e5-a69d-72df93da497d,3013,Continental Herbs Ltd,processor,norway,
16e03a53-c62e-52bd-8c5a-30adab5539bb,3014,Kloosterboer Cold Logistics,cold store,iceland,
a63afe06-c396-50c8-b254-25eadef2b9a7,3015,Lineage UK Ltd,cold store,peru,
d6615662-1f81-5313-bb5c-99e9f91574d1,3016,Marine Harvest Norway,fishery,iceland,
f1d2e652-359e-5b5f-bbab-0a3283b469ff,3017,Continental Herbs Ltd,processor,scotland,
d70e3e38-a1dc-55f4-9889-ad02665f2f60,3018,Continental Herbs Ltd,processor,vietnam,
965b22e0-02dc-5b3f-988c-7d26adbba621,3019,Nordic Cold Chain,cold store,iceland,
cd846dcc-27f3-5649-bacf-a7ee029b7089,3020,Frigo-Logistics UK,cold store,peru,
3cda1336-952c-558a-94f5-fb2cf7f62c9b,3021,Scottish Sea Farms,fishery,peru,
6aab20c9-0458-56b1-baf5-60e365fbf169,3022,Continental Herbs Ltd,processor,norway,
c5306c01-51bf-541d-86d6-2399ebde49ab,3023,Spice Masters Ltd,processor,scotland,
28d8a22f-ebae-5392-9b8e-ee346b4aa9ec,3024,Frigo-Logistics UK,cold store,iceland,
61265fdf-c2fe-5108-95d5-851619265bc9,3025,Kloosterboer Cold Logistics,cold store,thailand,
41dbe1e4-74ed-564f-ba3c-acdeec264692,3026,Princes Seafoods,fishery,thailand,
9cd62a0c-0b70-5ca3-bb3f-96235637a583,3027,TeaPro Processing Ltd,processor,norway,
6ad85a1a-6389-5bc5-8eea-c61b6d2b314c,3028,Spice Masters Ltd,processor,vietnam,
f3dd65de-db4e-568d-b009-2fd0591ee33d,3029,Nordic Cold Chain,cold store,peru,
afcb75b6-df29-5384-bcdd-b140ac6a9aee,3030,Nordic Cold Chain,cold store,norway,
8de6dd8c-b835-5ae6-b0a7-7ac1d54803c9,3031,Marine Harvest Norway,fishery,iceland,
e232622e-0513-548a-b225-82ad6a4ba60c,3032,Nordic Seafood Processing,processor,peru,
5c5dd977-6633-538a-b6fa-cb9e824469cd,3033,Spice Masters Ltd,processor,scotland,
1e87383f-04cc-5c6b-9e97-f900cde84d3f,3034,Lineage UK Ltd,cold store,norway,
d86e4911-93aa-5797-ad66-307e7fc1f1c8,3035,Nordic Cold Chain,cold store,vietnam,
98d41678-be33-58c1-9ccc-b683380e671d,3036,Aquachile SA,fishery,thailand,
7578b411-1a4e-5234-be7a-39299745580c,3037,Pacific Processors Inc,processor,vietnam,
7a251179-0b2a-565b-b6d5-7d94c62a77ad,3038,Continental Herbs Ltd,processor,scotland,
9d06e287-4ef2-5c95-a674-7b8dbe9d6102,3039,Frigo-Logistics UK,cold store,peru,
464a3e09-ed49-578c-924b-eb21905104fb,3040,Lineage UK Ltd,cold store,scotland,
089bbb2a-82b3-5532-b1ee-35e9b8c39169,3041,Scottish Sea Farms,fishery,thailand,
b60f0ff4-f28d-590b-8fde-4dff72889025,3042,Spice Masters Ltd,processor,iceland,
d326f9bd-ea9a-519e-b0c7-45fae410b7d5,3043,Spice Masters Ltd,processor,peru,
01b84789-f39b-5c30-9fbf-28c590dcbf2e,3044,Kloosterboer Cold Logistics,cold store,iceland,
49566bcf-f288-5b22-8aa5-76682558c89f,3045,Frigo-Logistics UK,cold store,vietnam,
c222b14d-c5cb-52db-baee-21de7dfbd74c,3046,John West Fisheries,fishery,peru,
d1da2752-8708-56c8-a01a-36f2c2cce7db,3047,Pacific Processors Inc,processor,vietnam,
9d0d9a7b-3e48-5768-a91c-eedaba3f2c8d,3048,Pacific Processors Inc,processor,norway,
51145932-13bb-55af-a3fd-9a0566abbf1d,3049,Kloosterboer Cold Logistics,cold store,norway,
56c83600-f9b8-5312-8fa1-4d52cd0cb5c5,3050,Kloosterboer Cold Logistics,cold store,peru,
140fede5-33bf-53dc-bb6c-a11d1ca2d536,3051,John West Fisheries,fishery,vietnam,
2b1853fd-99bf-59d1-9483-5f0c1fd9b3b6,3052,Spice Masters Ltd,processor,thailand,
73e81009-dc15-5e49-94c0-3483de5cf08b,3053,TeaPro Processing Ltd,processor,iceland,
63c39c2e-96c3-5f27-8fb3-acd54e317c1c,3054,Lineage UK Ltd,cold store,scotland,
b257059d-1b62-5939-beae-9bc6464c73d4,3055,Kloosterboer Cold Logistics,cold store,peru,
c115a577-9fee-58ef-911e-af3ccf380d72,3056,Aquachile SA,fishery,norway,
e7cd42e0-d07e-577b-ac57-8cd051b321b4,3057,Pacific Processors Inc,processor,peru,
1dcfaebf-22c8-5d35-87b0-c6050e4bc0f9,3058,Nordic Seafood Processing,processor,norway,
9e77e055-ad9d-579b-a7b7-224880ffab4f,3059,Kloosterboer Cold Logistics,cold store,norway,
898ac598-ef75-50cb-8e04-ba749b4b0fd4,3060,Frigo-Logistics UK,cold store,thailand,
603568f4-dae4-5ca8-be8c-487ad2f81155,3061,Golden Harvest Co,farm,spain,
81639cb2-add8-58df-9bea-c0a62c620d71,3062,Napolina Cannery,cannery,greece,
f038e156-5fec-5bf2-9650-f52fcd43baf7,3063,John West Foods,cannery,united states,
50c8e792-28d9-5e66-a7c8-690548933d06,3064,Kuehne+Nagel UK,warehouse,italy,
cc7c290a-5045-586f-ac81-f877445eb2df,3065,Kuehne+Nagel UK,warehouse,spain,
58dc6992-27d9-5d37-94ff-9feff04d70e8,3066,Peak District Farms,farm,italy,
444d2af4-3147-5e33-892d-243e237a8e5d,3067,Napolina Cannery,cannery,greece,
5243d215-7660-51bb-9d53-975678982ee2,3068,Princes Foods Ltd,cannery,spain,
b0fb86d9-80cd-569c-9134-3ea75395074f,3069,DHL Supply Chain UK,warehouse,turkey,
a2cf68df-b4bf-5842-82c9-905d33b3ac60,3070,DHL Supply Chain UK,warehouse,greece,
c2057228-390d-5589-ae69-f6fb30a10fd7,3071,Cedar Grove Estate,farm,united states,
6cc9aef2-2e5c-5069-be05-f49bf406d877,3072,Princes Foods Ltd,cannery,italy,
445541e5-b609-59f0-99bb-d4c20d336c82,3073,Princes Foods Ltd,cannery,spain,
79d82200-a8a7-571e-a605-7f2a1a9d7776,3074,Wincanton Storage,warehouse,united states,
f3110113-ed08-582c-b44d-b391bf1d3e29,3075,Wincanton Storage,warehouse,greece,
a67e6f5b-41b6-5427-a7ef-7d4dedd5534a,3076,Green Valley Farm,farm,italy,
4a9763ab-8f55-5902-b78e-34b12ddd30b0,3077,John West Foods,cannery,spain,
dbef31a9-a027-5c04-ba42-71cc8dc476a8,3078,Bonduelle UK,cannery,united states,
9362b3aa-c07a-5f86-96ef-689749faab88,3079,Wincanton Storage,warehouse,france,
9b3f02c3-b116-5f19-bdb3-f1bffd96ca4b,3080,DHL Supply Chain UK,warehouse,greece,
22a3b5df-7a45-5f3d-b9bc-1077847c1c9c,3081,Evergreen Growers,farm,france,
37dfa1d3-6570-502f-aa3b-443a11f5a63e,3082,Napolina Cannery,cannery,france,
defdee77-5c27-57ec-a8c8-8fba4d05f2a5,3083,John West Foods,cannery,france,
a187b10c-53d4-5e9e-a8aa-3d1c1d2d034a,3084,XPO Logistics UK,warehouse,italy,
7162d20a-ba86-5d50-9792-a2b8479a7992,3085,DHL Supply Chain UK,warehouse,greece,
641787ee-d2f9-5fd1-ae02-3184c5dccf36,3086,Cedar Grove Estate,farm,turkey,
9a1cf419-6f06-5cfc-b315-18171afbbaa5,3087,Heinz Processing,cannery,spain,
7895b899-23c7-5ae9-89bc-898e7cb32c6f,3088,Bonduelle UK,cannery,france,
c337486e-35fb-556f-90d7-df6155658f16,3089,DHL Supply Chain UK,warehouse,turkey,
f2f825fa-77e3-5134-8474-4157fb5fb3b5,3090,XPO Logistics UK,warehouse,greece,
9ba84f50-231d-505b-a075-c8abf58a9064,3091,Highland Fields,farm,united states,
400a7cbe-ec75-515b-aaf2-2d73b032a5df,3092,Blue Diamond Growers,shelling plant,india,
165d9cef-85ee-5ed1-b9fa-1df9519e63b8,3093,Wonderful Pistachios,shelling plant,united states,
abd9cce4-2ca2-5152-9d97-80548de744ec,3094,Blue Ridge Farm,farm,spain,
3091a561-99a2-525e-ada9-aadc1b49188f,3095,Blue Diamond Growers,shelling plant,iran,
7530e80c-1838-5192-a282-ef0cdc16d5d9,3096,Alesto Processing,shelling plant,spain,
50d372a2-1565-5d8a-b76f-3b30130229d1,3097,Cedar Grove Estate,farm,iran,
f6aa61b2-e5fa-5750-871b-492bcb93fb29,3098,Olam Nuts Processing,shelling plant,turkey,
4b19397b-95fb-55ac-8a3f-afe4bacf18a3,3099,Blue Diamond Growers,shelling plant,iran,
a44de3ba-45dd-5fe4-87ed-f7677472aa63,3100,Blue Ridge Farm,farm,iran,
85f3a8b5-00b5-56ac-90ed-fb13cfb9c114,3101,Alesto Processing,shelling plant,united states,
c77aa5b9-0ace-5fce-869a-acf229aece1f,3102,Alesto Processing,shelling plant,iran,
cb9a3fa3-503d-52c3-966a-8daeeee62694,3103,Highland Fields,farm,united states,
81c2c629-569b-5d15-8bd7-c5eecdfa2241,3104,Alesto Processing,shelling plant,iran,
5783df5e-d0f8-55cf-9afd-f42b9bd89031,3105,Olam Nuts Processing,shelling plant,united states,
4e0f2f8b-2cbd-571b-a0fb-f92922128905,3106,Cedar Grove Estate,farm,spain,
21de167b-bd41-5c57-ba5a-06e8f3f29a76,3107,Blue Diamond Growers,shelling plant,india,
d42683d5-ea3d-501b-b6e2-5060ea85bdfa,3108,Wonderful Pistachios,shelling plant,united states,
1b01c5ce-ede3-5535-b1fa-6fb48dac6edf,3109,Cedar Grove Estate,farm,india,
6a2203f5-083c-5071-a4f2-ec6b767b1f2f,3110,Olam Nuts Processing,shelling plant,united states,
4bb5bbd4-c1f1-5944-b08b-b4d238ebf825,3111,Wonderful Pistachios,shelling plant,spain,
2a3e5c23-24a5-5326-9530-81b65058cef5,3112,Golden Harvest Co,farm,united states,
4ff02061-ca97-5ac3-91ed-a8ac8b812be5,3113,European Foods Manufacturing,factory,thailand,
3e109a99-227d-5504-a609-902b964a20fa,3114,Continental Confections,factory,italy,
d007130c-b300-52dd-89d6-ab7e5ab55ba4,3115,Blue Ridge Farm,farm,germany,
13e77b89-8924-5068-8d88-8b921331f1b1,3116,Continental Confections,factory,germany,
4052405f-de73-5797-bd19-5c1cc45dcb34,3117,British Food Processing,factory,thailand,
96677f0e-4e4e-595a-932e-1b04c6ed9044,3118,Cedar Grove Estate,farm,germany,
6e39fa41-37b6-5e5a-8cfc-1de8b385a635,3119,Alpine Production Group,factory,thailand,
c74b80dd-1696-5045-8676-ffea92505637,3120,Continental Confections,factory,united states,
1b4013ad-71ad-51a1-88e4-3205ee047ee1,3121,Cedar Grove Estate,farm,united states,
bb4b46cf-7f57-5833-8058-a15791f95bd6,3122,Continental Confections,factory,united states,
22ecb8f5-45eb-5a4a-9a63-34daf0f7a516,3123,Alpine Production Group,factory,thailand,
9c3d5aea-432e-5a7d-84e4-e95aa4e14498,3124,Meadowbrook Farm,farm,united states,
590dda1f-a4d3-58ce-b80a-bc3f5dac1e01,3125,Alpine Production Group,factory,germany,
ebaae7e7-a246-504b-9c77-9c0447b78f56,3126,Continental Confections,factory,thailand,
fe3681d0-0463-5c8e-b26b-65c8a949c794,3127,Peak District Farms,farm,germany,
7dc4b627-2f2f-5ea4-9d8a-dce6bc27dbd0,3128,Iberian Food Industries,factory,thailand,
02e4532f-2e28-547e-bd59-bfcca1c36c14,3129,British Food Processing,factory,united states,
d4fb8d6e-ec37-55d5-a2ad-db309ed3adde,3130,Golden Harvest Co,farm,spain,
e2e4f614-7267-54c9-8a37-8c446ea3c8bc,3131,Spice Masters Ltd,processor,netherlands,
624e807b-6f3b-512d-b805-a61fd9a2e2a2,3132,Spice Masters Ltd,processor,netherlands,
811ebdf8-cb20-5b6b-b9cf-5bac8d42dfae,3133,Alpine Production Group,factory,germany,
d938cc3a-cdf3-5a33-bd86-49b7995f29de,3134,Iberian Food Industries,factory,netherlands,
87c42d6b-c608-5bb4-b3ee-5d1dae296289,3135,Peak District Farms,farm,germany,
3575b9b8-0e3d-5e54-b1e8-0b4ccc515ec5,3136,Continental Herbs Ltd,processor,netherlands,
5be267e3-0618-5e3b-9757-8072b684e6e2,3137,Pacific Processors Inc,processor,netherlands,
1c6b1c9c-eab9-5164-982c-976231083471,3138,Nordic Consumer Goods,factory,spain,
cf5b1778-9ed4-5823-b9a5-67b37a0c2191,3139,Alpine Production Group,factory,france,
b9216929-afea-57c8-9f23-aa5d491a1eb0,3140,Evergreen Growers,farm,united kingdom,
d9bbce84-d9d9-5df9-8ed9-85dfa04853dd,3141,Nordic Seafood Processing,processor,united kingdom,
4c383dfe-485e-59ae-ae3c-c8c209b22837,3142,Nordic Seafood Processing,processor,netherlands,
ecd70467-8dbe-5e7e-91e6-889f87f5b814,3143,European Foods Manufacturing,factory,united kingdom,
1eb91c05-4260-5748-9584-e68b0cb9999a,3144,British Food Processing,factory,netherlands,
5d23b240-5583-5fb7-aae3-25a321149dc8,3145,Peak District Farms,farm,france,
1ac2b08f-a731-5007-9a46-b8cd4f111bf7,3146,Pacific Processors Inc,processor,netherlands,
5ff19412-b621-5cd5-b54b-5f060890e3ba,3147,Pacific Processors Inc,processor,united kingdom,
40160776-e3b1-57ca-99fd-8c4182503029,3148,Continental Confections,factory,poland,
42c074d8-ba7f-560b-b0ab-88e47156360f,3149,Iberian Food Industries,factory,germany,
8ac85038-9b5d-5560-80cd-6f342d3a5a84,3150,Golden Harvest Co,farm,belgium,
f30b60f2-43ea-5afb-a7f4-c71d0a156e10,3151,Greencore UK,processing plant,poland,
c258eca5-1538-5e85-949b-8ae41b0d46a6,3152,Kerry Foods,processing plant,united kingdom,
f79f8e21-541b-59e1-a966-df5a37acda81,3153,Lineage UK Ltd,cold store,spain,
d22de19a-cc7c-5da0-8f8c-eabf18c53813,3154,Nordic Cold Chain,cold store,spain,
52065fea-a922-52d8-bdf2-5284a6361f2b,3155,Evergreen Growers,farm,spain,
eac3aa90-983c-5a56-9001-fb1cdef8563d,3156,Bakkavor Group,processing plant,belgium,
3752cec9-4f25-5152-8d38-e6436c699ed7,3157,Greencore UK,processing plant,kenya,
a7362e4e-e05a-5dd5-a0cc-43a20897d7dd,3158,Frigo-Logistics UK,cold store,spain,
5d319a5e-db2f-58c0-be9b-d28136385a3e,3159,Kloosterboer Cold Logistics,cold store,kenya,
54a583c0-f2f0-5445-ac4a-b4fb91a43c66,3160,Tate and Lyle Supplies,supplier,ireland,
5a48ae39-3360-587d-a069-31efa617e102,3161,AG Barr Bottling,bottling plant,united kingdom,
137d93b9-dd29-59ca-805c-b5f1179e376b,3162,Britvic Bottling,bottling plant,belgium,
747165e0-bfc7-5cb8-9ca2-6e9e3d53089e,3163,Tate and Lyle Supplies,supplier,united states,
16ff6df1-0a14-586e-b003-2ee9c04046a9,3164,AG Barr Bottling,bottling plant,belgium,
622b225d-2a45-5e60-a4e7-6362b672497d,3165,AG Barr Bottling,bottling plant,united kingdom,
23e44cea-6889-5f09-9f58-39caaf5b47f7,3166,Cargill UK Ltd,supplier,france,
91ab6662-2144-5625-8a8e-35efb9e9c58a,3167,AG Barr Bottling,bottling plant,united kingdom,
495c652d-a54d-5730-8455-7f30385ce4dd,3168,Britvic Bottling,bottling plant,ireland,
cc4ff6fa-77f4-58b1-bbe3-4066c7136b73,3169,Univar Solutions UK,supplier,belgium,
8f36090b-2100-5d58-bb5c-8bf10998d2c0,3170,AG Barr Bottling,bottling plant,united kingdom,
4c391641-e269-5f88-b8eb-e4ef7f35e457,3171,Britvic Bottling,bottling plant,belgium,
c5c815bf-13c1-50c6-97f5-6f20b1ed8ffd,3172,Cargill UK Ltd,supplier,united kingdom,
5db45675-a205-513a-bc52-ddc809026fbe,3173,AG Barr Bottling,bottling plant,germany,
68b1cfb9-12ea-5826-9bf8-943cf19f311b,3174,AG Barr Bottling,bottling plant,united kingdom,
4c54ede0-6f9c-54a1-8d33-c013973e0c2b,3175,Univar Solutions UK,supplier,germany,
0a721671-608d-54c2-b990-7b2223101f98,3176,Britvic Bottling,bottling plant,united kingdom,
c9babfde-837d-5cc6-b3e4-9a79b5d867a9,3177,Coca-Cola CCEP UK,bottling plant,france,
b681c638-a772-56ce-8db9-e3fc9be9f793,3178,Cargill UK Ltd,supplier,france,
82eb7604-164d-5293-95aa-ccd7322a3305,3179,Coca-Cola CCEP UK,bottling plant,united states,
ded1c8c1-6a1b-5610-971b-b34b6de93a8f,3180,Britvic Bottling,bottling plant,united states,
fb06dbcf-7f85-5d1b-ae44-fc75df382f10,3181,Concha y Toro Estate,vineyard,spain,
b7ace554-7805-5c79-b71e-b43c6566febc,3182,Gallo Wines UK,winery,france,
40b81303-ee40-57f7-bf3f-c87109608747,3183,Concha y Toro UK,winery,italy,
2a50414a-64aa-535e-a981-4d5bd416b3c9,3184,Justerini and Brooks,importer,australia,
6f072f66-8b7f-50b9-b4b1-428162250ccb,3185,Justerini and Brooks,importer,australia,
1bd98799-76aa-5bca-b728-bd611f081442,3186,Mendoza Vinedos,vineyard,france,
06965700-0ce6-58d1-ad8e-45b82f23c21e,3187,Gallo Wines UK,winery,argentina,
3f0e3c59-905c-5afa-9701-30a67fc9fb39,3188,Gallo Wines UK,winery,france,
96dcdeb5-f7d4-5e05-ba1f-0c998226c04a,3189,Berry Bros and Rudd,importer,france,
f5cfe775-3bbe-5868-b29e-0b11626e8d4f,3190,Berry Bros and Rudd,importer,spain,
7f85b5d0-e9b3-52d0-aafc-be4809370cdc,3191,Barossa Valley Wines,vineyard,australia,
d7c1a7f3-0383-5716-9e8e-f99bd9376d88,3192,Pernod Ricard UK Import,winery,australia,
d0db90c9-42e6-571b-b39a-cc12639b0703,3193,Treasury Wine Estates,winery,australia,
21e2e4d5-e9ea-51b4-9ffd-a3b5e7a91dcc,3194,Enotria and Coe,importer,chile,
52b75655-a2da-50ad-93ac-d61beeee996d,3195,Justerini and Brooks,importer,italy,
2bd7c7ee-daee-5d06-b49c-d19acc4e71f5,3196,Mendoza Vinedos,vineyard,argentina,
2f4fce05-96cb-56b0-a0cc-6a90b60b8d6c,3197,Pernod Ricard UK Import,winery,spain,
9ae06b7a-38a7-5632-88b8-39966a95b0ce,3198,Gallo Wines UK,winery,chile,
131f0ee0-ca75-515c-bd71-71b87fafc399,3199,Berry Bros and Rudd,importer,italy,
23358ae8-941e-57dc-aba6-c9e2154afbb3,3200,Berry Bros and Rudd,importer,france,
f06ea431-91c1-53a4-93df-a7f033a0c914,3201,Bodegas Rioja Sur,vineyard,spain,
12b2e5e8-c611-51f1-ab8f-709caca7e480,3202,Concha y Toro UK,winery,argentina,
7159e988-42b8-5c0d-9a67-3416743f5af9,3203,Freixenet Mionetto,winery,italy,
9d02f309-6d4d-5f2d-8016-3c296814932e,3204,Enotria and Coe,importer,argentina,
751ee2a2-39c8-52d7-bba4-4086cb5ce296,3205,Enotria and Coe,importer,italy,
c62b89dc-57e8-577f-aec6-aa4a5421741e,3206,Green Valley Farm,farm,czech republic,
042fd774-d66e-5e2a-8d51-e1b982bd5c3e,3207,Thomas Fawcett and Sons,malting house,czech republic,
3dbac2e1-6f36-53a3-be1b-ccc0e569ed56,3208,Crisp Maltings,malting house,netherlands,
ae26ffb9-0265-5f82-8f55-a207b5a7b745,3209,Timothy Taylors,brewery,belgium,
622d9326-5281-5bac-bfa8-05cbecc89746,3210,Carlsberg Marstons,brewery,united kingdom,
80da2cc0-9c6a-5e4e-badb-a76a46e58347,3211,Evergreen Growers,farm,united kingdom,
28fa9755-82f7-5798-94a6-bad3fb041a58,3212,Crisp Maltings,malting house,czech republic,
89401801-d714-5f7c-80b0-d89693cd0632,3213,Bairds Malt,malting house,germany,
fffc92d3-c99c-5bb9-89bc-978f7f1efd2b,3214,BrewDog PLC,brewery,ireland,
8fabef80-62a1-58cb-9e8a-a1cd4b3b9784,3215,Fullers Brewery,brewery,belgium,
46bb7f0f-78a0-5b77-a1b2-e8f2e6d036a1,3216,Golden Harvest Co,farm,united kingdom,
4d1403e8-7aff-525c-9544-5e6451925967,3217,Muntons Malt,malting house,germany,
3b9ae378-1ccc-5d01-b042-b8d0c280a78d,3218,Thomas Fawcett and Sons,malting house,netherlands,
24c8c742-af8d-5561-96cc-e4eaa7e98dd6,3219,Carlsberg Marstons,brewery,belgium,
5f534e97-11f9-5c0c-a7f8-fd7dc0aeec74,3220,Timothy Taylors,brewery,germany,
b36f6615-5cc1-57af-973d-d6d21801630c,3221,Peak District Farms,farm,netherlands,
992d8dee-17d2-5e9a-9153-f9b4266ffa8b,3222,Bairds Malt,malting house,united kingdom,
27ca729d-f791-5d0f-b79f-1cf3b26f9415,3223,Muntons Malt,malting house,germany,
40824b50-3114-5af7-83b7-dbc3afc0b2ac,3224,Timothy Taylors,brewery,belgium,
2966d424-4ede-5a81-b3d8-00d5125e688a,3225,Heineken UK,brewery,netherlands,
a3e9c36e-652d-5ff4-8585-27b1c984edd0,3226,Green Valley Farm,farm,germany,
f5925adb-dbff-55bc-ae57-acc83eafd054,3227,Bairds Malt,malting house,czech republic,
6727b4bb-7239-5e05-adde-cb84b8020b9d,3228,Thomas Fawcett and Sons,malting house,czech republic,
28d36f17-8079-56ed-8b5f-19377009b1b6,3229,AB InBev UK,brewery,netherlands,
dada0135-59a3-506c-9815-4e1a6ee9dbc6,3230,BrewDog PLC,brewery,belgium,
73fd912f-7054-59a9-a400-3d9c3990f6ad,3231,Blue Ridge Farm,farm,united kingdom,
43e9df84-bee2-59e4-a27a-63537e4fb95d,3232,Muntons Malt,malting house,czech republic,
42136381-c0d1-514b-9597-36933b92c0bb,3233,Muntons Malt,malting house,czech republic,
9fea85c0-109c-5042-9fd1-c418603e3909,3234,AB InBev UK,brewery,ireland,
acb07b20-20ac-5733-b208-75e70cd60bbd,3235,Fullers Brewery,brewery,germany,
316009fa-0c69-59d4-b094-af24152c2c9f,3236,Highland Fields,farm,vietnam,
d24757d2-13d1-5102-935f-2000bff7cef7,3237,Nordic Seafood Processing,processor,indonesia,
177567c0-1c19-5c88-b10b-89976ca87b12,3238,TeaPro Processing Ltd,processor,vietnam,
afea9e41-7e51-560c-9a47-f22ee8f3e21e,3239,Tetley Blend Centre,blender,spain,
c7470385-4fba-538f-9fba-c49aa0de349e,3240,Yorkshire Tea Blenders,blender,mexico,
c0668ce2-0ceb-5e95-a641-4e78ba160f3a,3241,Athenian Groves,orchard,spain,
d5f9dabd-078b-53c4-a821-5f2cec8ea27e,3242,Athenian Groves,orchard,spain,
dc717d48-a87e-5576-a13c-9911aab17f51,3243,TeaPro Processing Ltd,processor,united kingdom,
d4417cd7-442d-5bb6-b0a8-6011772927ac,3244,Andalusian Orchard Co,orchard,spain,
1c97f890-faa6-5f22-b891-37072eea2928,3245,Andalusian Orchard Co,orchard,spain,
47311212-1c8a-53e4-af9e-dcca322465da,3246,Andalusian Orchard Co,orchard,spain,
91519e69-8712-52c3-8e59-8bdbb8ddf91b,3247,Andalusian Orchard Co,orchard,spain,
01a4867e-2a4b-5b10-a4e7-4564391585a1,3248,TeaPro Processing Ltd,processor,united kingdom,
dba35c80-7cbc-5b21-8d4b-fce14cf2673b,3249,Sicilian Grove,orchard,spain,
8553f58b-d01b-52cc-a0c1-b1810f2d0f32,3250,Allied Grain Millers,mill,spain,
cd8e000d-ea7b-567d-8f85-209c307ca350,3251,Continental Herbs Ltd,processor,united kingdom,
b5c63658-82a0-572d-93e5-d814444a1716,3252,Spanish Orchards,orchard,spain,
084caf04-db81-5b2a-b21d-5e6991137750,3253,Allied Grain Millers,mill,spain,
b8aafcb7-01ef-5fe4-8175-07bfdaadbe20,3254,Nordic Mills,mill,spain,
c6af5099-9006-529d-a387-1fac6de50cda,3255,Andalusian Orchard Co,orchard,spain,
8c4cf6e7-260e-545d-ad84-84267da0b980,3256,Nordic Mills,mill,spain,
29e1aef6-b60d-5dae-9429-be8eea4ac7a0,3257,Andalusian Orchard Co,orchard,spain,
b9587587-04bd-5ae3-9eca-8c383cd79acd,3258,Nordic Mills,mill,spain,
b445a6af-cab9-5be1-a725-76181d364ee3,3259,Highland Fields,farm,united kingdom,
2be84401-7717-5cc0-aa44-0dbaa5bc81cc,3260,British Food Processing,factory,united kingdom,
6082428b-e916-559a-9ef8-309ded64b26a,3261,Andalusian Orchard Co,orchard,spain,
7a7dd784-fd3b-5a9a-8674-a0b8429849cf,3262,Continental Herbs Ltd,processor,united kingdom,
8f81a29d-d12c-59d3-9a4b-f53935f5986f,3263,Andalusian Orchard Co,orchard,spain,
e6d4c891-9999-55cd-9a87-e1957e5a9c12,3264,Sicilian Grove,orchard,spain,
78916400-bb9d-5b7a-8bc4-feb947487329,3265,Spanish Orchards,orchard,spain,
689a3162-d717-5a03-afe2-679aef03e07b,3266,Spanish Orchards,orchard,spain,
81a64a8e-daf7-5a7a-b946-248943a69755,3267,Continental Herbs Ltd,processor,united kingdom,
