prod_ing_uuid,product_uuid,ingredient_uuid,proportion,origin_country
b1d71a76-88c6-570d-9604-cf611ceaa3fb,1f89eb52-0405-5468-83f6-bd7582a34797,f2854c8b-1c44-53a0-a8f4-7dab1fd7361d,1.0,spain
8dd68f02-05cf-58cb-8abc-41f3c33b6b2c,d6623382-73e6-5712-90c2-6cb3e6bd5d5f,8ac04a21-4fab-5179-a532-1acfdc5e209d,0.7,united states
84e57513-8465-599c-b08e-ac9cc97ec4ac,d6623382-73e6-5712-90c2-6cb3e6bd5d5f,07c9314c-b5e9-57e0-bab4-08fe3609ac80,0.25,united states
d9c69408-0da6-51db-b131-ed847eac8e64,d6623382-73e6-5712-90c2-6cb3e6bd5d5f,e33d05a9-6ae3-5d28-a368-bf440fe840a9,0.05,unknown
11f9a003-35f9-5cea-8284-70c09ee64c95,3b6523f2-cd26-55a7-80b5-8aee6f15197e,f2854c8b-1c44-53a0-a8f4-7dab1fd7361d,1.0,south africa
4f826fa1-fdf6-5d6d-b33f-ab00d6d1e8a9,636141a5-bbc2-5a05-9b79-0bd2f8028c78,f2854c8b-1c44-53a0-a8f4-7dab1fd7361d,1.0,unknown
103b95c5-6c35-5f47-bc0a-02ebe9fafa3a,ee3227f0-e29b-5e4e-931d-9e8ac1f5c245,f2854c8b-1c44-53a0-a8f4-7dab1fd7361d,1.0,unknown
1db7e3d0-18cb-523b-82e5-fe1bbc8ec077,540eefd0-a860-56ff-bc37-a12b34e12f8e,f2854c8b-1c44-53a0-a8f4-7dab1fd7361d,1.0,unknown
a8b818a2-a6d5-5857-85dc-97d70f4dd78e,2281aa3b-302b-5b42-95c9-ec1bfe50ae44,f2854c8b-1c44-53a0-a8f4-7dab1fd7361d,1.0,unknown
948047bf-418c-5b90-8885-3e3e7068dfbe,1a818840-e58d-5863-a570-867e6940b4f9,f2854c8b-1c44-53a0-a8f4-7dab1fd7361d,1.0,united kingdom
b8c626be-7a3d-538d-bf9c-239258d80ce2,e623e25e-22bc-5cdf-ba82-310cb8d9c060,bc40f1ee-2cbe-5214-b493-db1c612cfbe2,0.9,canada
c08a4395-0a1c-5b0d-8161-3450b99dbd04,e623e25e-22bc-5cdf-ba82-310cb8d9c060,07c9314c-b5e9-57e0-bab4-08fe3609ac80,0.09,canada
8d2ec15a-d2c8-543d-8e26-b3a43f7f9823,e623e25e-22bc-5cdf-ba82-310cb8d9c060,e33d05a9-6ae3-5d28-a368-bf440fe840a9,0.01,canada
369c7b54-44db-51ce-974b-0270f9217511,d1aaf5c8-8cb6-5320-a000-aecf428b7a1c,f2854c8b-1c44-53a0-a8f4-7dab1fd7361d,1.0,south africa
ccf51613-df77-5483-b1fe-f16a03ecedc8,8bdb0aa5-c595-5ae2-a847-a05e932417fc,8ac04a21-4fab-5179-a532-1acfdc5e209d,0.8,unknown
c35cf0a7-0f69-522b-90df-abbe11a330c2,8bdb0aa5-c595-5ae2-a847-a05e932417fc,07c9314c-b5e9-57e0-bab4-08fe3609ac80,0.19,unknown
98492291-68b4-519f-bfcc-684d3f717543,8bdb0aa5-c595-5ae2-a847-a05e932417fc,e33d05a9-6ae3-5d28-a368-bf440fe840a9,0.01,unknown
8a59fce7-e59c-58ea-8acf-970f38eec7bf,e4d6eb7e-1984-594e-afea-fd7a5f396ffc,f2854c8b-1c44-53a0-a8f4-7dab1fd7361d,1.0,south africa
5bfa3d1d-4efe-5cc1-9a07-cfa00f529301,0a15de31-291b-5958-9ae3-df33a8ddc1aa,48e1ad80-d6f5-506c-b9f5-4a85ec8fe5df,1.0,italy
5c0c0d7b-f2d6-52b6-b106-bbcdccb23097,b23b6fc9-9c23-5e6d-bcd7-7db42db4fa00,48e1ad80-d6f5-506c-b9f5-4a85ec8fe5df,1.0,italy
0a741695-d39d-59bd-989f-f99dd3bca9f0,5405ddf3-f069-5d01-8c2d-85fc9656e000,48e1ad80-d6f5-506c-b9f5-4a85ec8fe5df,1.0,italy
2ff7e33e-4410-5135-b770-4fd2d0ad6c25,a813183b-0597-513e-b963-3f339221a4f1,48e1ad80-d6f5-506c-b9f5-4a85ec8fe5df,1.0,spain
c5d555b0-7d08-58f3-babb-cc493a9ebf48,d422e9a5-6975-5596-aff5-001b831baae3,48e1ad80-d6f5-506c-b9f5-4a85ec8fe5df,1.0,tunisia
b2a41d55-1a59-5bf3-99d9-ff052732a5c1,654bce11-3fb7-5f7e-b356-880ca1f8da1f,48e1ad80-d6f5-506c-b9f5-4a85ec8fe5df,1.0,spain
7c3b110e-1d95-5d63-a559-492fedc3a08b,eabfe782-d96b-5092-b568-988710c2a215,48e1ad80-d6f5-506c-b9f5-4a85ec8fe5df,1.0,italy
bf2b84d8-7dbd-526e-b2a8-94f0ce0b7d87,3002c67f-58b6-5264-8f3c-a18c781119c3,48e1ad80-d6f5-506c-b9f5-4a85ec8fe5df,1.0,spain
3719c43a-72ec-5f24-b8a9-e85b8e01911b,106f6d0c-6738-5d2e-b830-2995d5247f0b,48e1ad80-d6f5-506c-b9f5-4a85ec8fe5df,1.0,greece
2b136e31-f963-5df9-a73d-4adf17b31d72,0125daac-d72b-5f25-b5d7-22da72fff972,48e1ad80-d6f5-506c-b9f5-4a85ec8fe5df,1.0,spain
ca98cbe9-48e9-5f26-bd40-e9daee4e043c,fcc5b1a8-ba84-560e-b6b4-dcafd2e6bb27,48e1ad80-d6f5-506c-b9f5-4a85ec8fe5df,1.0,spain
e792a783-c7c4-5b85-a01b-8dd51a98bb6e,2f5aaf4d-f290-52b2-ae38-e6cb07f8ba63,52615504-f74f-57a2-890a-9dbd811604e5,0.56,united kingdom
8cbfdfbd-2775-57c0-9018-b513e99c4420,2f5aaf4d-f290-52b2-ae38-e6cb07f8ba63,48e1ad80-d6f5-506c-b9f5-4a85ec8fe5df,0.4,spain
6186c52f-eae7-512e-a4d2-2455ed810faf,2f5aaf4d-f290-52b2-ae38-e6cb07f8ba63,f592e3b1-8592-54c7-abc3-ef0bd82e419a,0.015,united kingdom
4b5b224e-2d27-5308-bb97-35dfb3f6b7a3,2f5aaf4d-f290-52b2-ae38-e6cb07f8ba63,4f4aa0c8-73c4-52b6-80f0-312937bec59b,0.01,united kingdom
a7b2d448-bd3f-5ff8-83b0-f4af8be43696,2f5aaf4d-f290-52b2-ae38-e6cb07f8ba63,2a814dcf-c0ba-5a23-94c6-8fe19c0d6fb5,0.005,united kingdom
1cf7b949-40b3-5cbc-94a1-78b3c3230ff6,2f5aaf4d-f290-52b2-ae38-e6cb07f8ba63,e148ae1a-2d09-50e0-b91d-7d58ef251aa0,0.005,ukraine
22f2d334-8b7c-5d78-9290-88f5da1019db,2f5aaf4d-f290-52b2-ae38-e6cb07f8ba63,074563e4-21b3-5890-ab5a-a585f233c248,0.005,united kingdom
037b75c9-9857-588e-bc5a-16e655cbb3f6,1af5443d-c28c-5c21-b16a-abf2419a836f,e8e6a3a9-62ec-5c99-884c-40012ee8dc33,0.85,spain
bedb0581-e1cf-5a8b-b71b-6577dfcf76dd,1af5443d-c28c-5c21-b16a-abf2419a836f,b129e130-2652-5e12-8c8e-2b70b9c42565,0.15,spain
a65d83d0-f33c-5916-b159-b00d74f9ae4d,92e0d302-ffa7-564f-8e9b-20af711d405f,161299dd-6d7d-546d-a7f9-7180dc7b3001,1.0,spain
4d94d012-83a5-5cca-bb6f-f90eb5f3ef63,ed34d684-f88b-5d1f-97e1-43270f576238,80c2331a-cb42-5bba-b6f3-0847fda7e6c7,0.85,united kingdom
ef5dc46e-2ad5-541a-bb0a-bcfbb212ab84,ed34d684-f88b-5d1f-97e1-43270f576238,b29aeed7-6a45-5c2a-9c9d-04d46e50b0b9,0.15,spain
da967059-0ff0-53c2-b464-ec9dc11aab14,78405b39-97ea-53d1-b5fe-530d85d69d40,2b27212d-54bd-5f1a-a2ea-4bba813b0d5c,0.33,costa rica
bf50c1b2-96fa-5b4c-afba-be57eacf32b9,78405b39-97ea-53d1-b5fe-530d85d69d40,fa330dc8-9b8a-56a3-812d-936c4fe52f8a,0.33,ethiopia
5d90cc1c-b8c3-5180-83c9-9caf6c9452d0,78405b39-97ea-53d1-b5fe-530d85d69d40,52615504-f74f-57a2-890a-9dbd811604e5,0.34,ethiopia
c3400b53-83dd-5f6e-a939-801f29cbeef9,dddbada0-5761-57c9-902c-b60a13e7d9c2,2b27212d-54bd-5f1a-a2ea-4bba813b0d5c,0.33,costa rica
96302eaf-78da-50e2-b8ac-a7b239b76bbb,dddbada0-5761-57c9-902c-b60a13e7d9c2,fa330dc8-9b8a-56a3-812d-936c4fe52f8a,0.33,brazil
a479dc23-75b7-50af-8c12-901855082149,dddbada0-5761-57c9-902c-b60a13e7d9c2,52615504-f74f-57a2-890a-9dbd811604e5,0.34,colombia
521ce1ec-b733-59b0-aee5-54a26cd42fff,0f4da2d5-6632-56c3-9779-5fc1f808e27d,2b27212d-54bd-5f1a-a2ea-4bba813b0d5c,0.33,colombia
b1809864-c121-5eb9-a5e2-eadf054ea670,0f4da2d5-6632-56c3-9779-5fc1f808e27d,fa330dc8-9b8a-56a3-812d-936c4fe52f8a,0.33,colombia
4d4f9248-d51e-5a84-b0d0-273437f2b0b8,0f4da2d5-6632-56c3-9779-5fc1f808e27d,52615504-f74f-57a2-890a-9dbd811604e5,0.34,costa rica
bd4317c7-5a50-53bf-9e6b-30484a306270,8ff7461c-f715-50b5-af20-94f94eac627b,2b27212d-54bd-5f1a-a2ea-4bba813b0d5c,0.33,ethiopia
f9009ec7-b643-571e-901a-f8172d1f02e2,8ff7461c-f715-50b5-af20-94f94eac627b,fa330dc8-9b8a-56a3-812d-936c4fe52f8a,0.33,costa rica
ca05063e-c7a9-51cf-a02a-e18e8f8f193d,8ff7461c-f715-50b5-af20-94f94eac627b,52615504-f74f-57a2-890a-9dbd811604e5,0.34,costa rica
440124c4-4a71-5ff5-9c84-c45f2373a6ba,4a5e0aa7-ba80-502b-aef7-b3c508c3a15d,2b27212d-54bd-5f1a-a2ea-4bba813b0d5c,0.33,kenya
d895fb98-5eb9-5e35-9d1d-92c8c87effb4,4a5e0aa7-ba80-502b-aef7-b3c508c3a15d,fa330dc8-9b8a-56a3-812d-936c4fe52f8a,0.33,ethiopia
4d4fbd1e-3247-5a94-a89b-68635e4b0b55,4a5e0aa7-ba80-502b-aef7-b3c508c3a15d,52615504-f74f-57a2-890a-9dbd811604e5,0.34,kenya
18d14a55-dde7-55a3-a2c1-0026a783b062,c95520f4-65c0-569f-b1d4-8da67cf2d449,2b27212d-54bd-5f1a-a2ea-4bba813b0d5c,0.33,vietnam
cf889f6e-6ec7-5e12-bfa9-668ba625b198,c95520f4-65c0-569f-b1d4-8da67cf2d449,fa330dc8-9b8a-56a3-812d-936c4fe52f8a,0.33,ethiopia
90de90ad-3617-56dc-afc8-3d0fed932859,c95520f4-65c0-569f-b1d4-8da67cf2d449,52615504-f74f-57a2-890a-9dbd811604e5,0.34,ethiopia
977b7d79-c3e1-5843-8acd-dc65bb2f2fa9,003f4e82-b4e2-5a44-98f2-f1afec956d5f,4b737ffb-8c4f-50d3-9a57-7b4fffa3d8ad,0.2,ghana
60160491-37c0-5b44-93ad-39edde9f6bae,003f4e82-b4e2-5a44-98f2-f1afec956d5f,cc444326-9f97-52d0-8699-e77ebf4dd61e,0.2,ivory coast
39bd9aca-f775-5cb9-9b17-bd78006cc46e,003f4e82-b4e2-5a44-98f2-f1afec956d5f,a7ed939b-4caa-5699-a220-f3ea0261fec2,0.2,ivory coast
63bbadb3-86e0-5d31-b9e1-9af72aa7d806,003f4e82-b4e2-5a44-98f2-f1afec956d5f,af6c1922-664b-5fc4-9291-3e7562a3e171,0.2,nigeria
e064f117-5d58-5569-90a7-f50f8b292675,003f4e82-b4e2-5a44-98f2-f1afec956d5f,25a4380b-f6cd-5ec4-a50a-1a10445a39bf,0.2,nigeria
4f49426a-3d8e-5b3e-952d-d8b720778377,f9f68da6-9b15-5435-abb9-6b15107c0f7d,4b737ffb-8c4f-50d3-9a57-7b4fffa3d8ad,0.2,ghana
60e67921-514a-5c5a-8b80-e53467a97f31,f9f68da6-9b15-5435-abb9-6b15107c0f7d,cc444326-9f97-52d0-8699-e77ebf4dd61e,0.2,nigeria
ee3ce195-db4b-502e-8fc9-c68b74a40528,f9f68da6-9b15-5435-abb9-6b15107c0f7d,a7ed939b-4caa-5699-a220-f3ea0261fec2,0.2,ivory coast
805cdebb-644d-5cbb-ba61-b64676f6db87,f9f68da6-9b15-5435-abb9-6b15107c0f7d,af6c1922-664b-5fc4-9291-3e7562a3e171,0.2,cameroon
7b8e877a-bba6-52c3-9341-7e9a1c967539,f9f68da6-9b15-5435-abb9-6b15107c0f7d,25a4380b-f6cd-5ec4-a50a-1a10445a39bf,0.2,cameroon
dc142fe9-f604-5880-9ed3-616be79b1113,5271b173-1b57-5ace-bb35-4253a712a456,4b737ffb-8c4f-50d3-9a57-7b4fffa3d8ad,0.2,cameroon
7cf5018c-3f27-5c8b-957f-e87ab9349989,5271b173-1b57-5ace-bb35-4253a712a456,cc444326-9f97-52d0-8699-e77ebf4dd61e,0.2,nigeria
f115ac46-542c-5c85-bb3e-e235abc0e468,5271b173-1b57-5ace-bb35-4253a712a456,a7ed939b-4caa-5699-a220-f3ea0261fec2,0.2,peru
bef11790-41ff-5003-81f6-0c73948bffdf,5271b173-1b57-5ace-bb35-4253a712a456,af6c1922-664b-5fc4-9291-3e7562a3e171,0.2,ivory coast
4016f029-5f14-5dd6-b51d-f11365e03181,5271b173-1b57-5ace-bb35-4253a712a456,25a4380b-f6cd-5ec4-a50a-1a10445a39bf,0.2,peru
9b7cc99c-9503-5a03-9091-c5d52af30aae,0caebd2f-fcdc-5ed7-81c6-f4c16e982e3c,4b737ffb-8c4f-50d3-9a57-7b4fffa3d8ad,0.2,nigeria
51cb7345-e329-55c3-8497-bb28d2d055e2,0caebd2f-fcdc-5ed7-81c6-f4c16e982e3c,cc444326-9f97-52d0-8699-e77ebf4dd61e,0.2,ecuador
a006ac2a-c63c-5538-a8cc-200ba2aa3c17,0caebd2f-fcdc-5ed7-81c6-f4c16e982e3c,a7ed939b-4caa-5699-a220-f3ea0261fec2,0.2,ghana
f8063df9-2c09-518e-96aa-b71b9b3515da,0caebd2f-fcdc-5ed7-81c6-f4c16e982e3c,af6c1922-664b-5fc4-9291-3e7562a3e171,0.2,ivory coast
ad912274-7fb9-5eca-b17b-c7a1314ab917,0caebd2f-fcdc-5ed7-81c6-f4c16e982e3c,25a4380b-f6cd-5ec4-a50a-1a10445a39bf,0.2,cameroon
3ce71965-c3eb-57c6-a983-9e9348233cda,fa0f8c2e-a6fe-5906-a148-ae3a1ecf42a9,4b737ffb-8c4f-50d3-9a57-7b4fffa3d8ad,0.2,peru
d5044620-059c-5e63-8262-a5d17fe600c9,fa0f8c2e-a6fe-5906-a148-ae3a1ecf42a9,cc444326-9f97-52d0-8699-e77ebf4dd61e,0.2,ecuador
ebdcbabf-8ce6-580c-8274-458bf1cf6806,fa0f8c2e-a6fe-5906-a148-ae3a1ecf42a9,a7ed939b-4caa-5699-a220-f3ea0261fec2,0.2,ecuador
a2fe9028-75c9-5c5d-92a4-cd24df05c523,fa0f8c2e-a6fe-5906-a148-ae3a1ecf42a9,af6c1922-664b-5fc4-9291-3e7562a3e171,0.2,ivory coast
07927ed3-21eb-57d6-9fca-af49ac7432c1,fa0f8c2e-a6fe-5906-a148-ae3a1ecf42a9,25a4380b-f6cd-5ec4-a50a-1a10445a39bf,0.2,ivory coast
48ad6326-dbd8-56d3-a345-ca3dad900fd2,fef23aa6-b573-5344-ab81-88eac69e1829,4b737ffb-8c4f-50d3-9a57-7b4fffa3d8ad,0.2,ecuador
807e0a04-201f-540e-8596-a5a10f324e45,fef23aa6-b573-5344-ab81-88eac69e1829,cc444326-9f97-52d0-8699-e77ebf4dd61e,0.2,ghana
761ecfc9-6a27-56d1-b7a7-709fd72f0e84,fef23aa6-b573-5344-ab81-88eac69e1829,a7ed939b-4caa-5699-a220-f3ea0261fec2,0.2,ghana
9d6f47a4-d0b4-5dd4-ba64-bfb58b80a0c9,fef23aa6-b573-5344-ab81-88eac69e1829,af6c1922-664b-5fc4-9291-3e7562a3e171,0.2,peru
8eb8750a-8c37-5b84-8011-4de2c80e82d9,fef23aa6-b573-5344-ab81-88eac69e1829,25a4380b-f6cd-5ec4-a50a-1a10445a39bf,0.2,ghana
273ad438-c0ad-5c6a-b14d-1d4625e8fbce,1723325b-fef7-503e-b9d7-846e7c92802b,4b737ffb-8c4f-50d3-9a57-7b4fffa3d8ad,0.2,ecuador
040e1918-a8fa-565e-ac1b-d38ada21c559,1723325b-fef7-503e-b9d7-846e7c92802b,cc444326-9f97-52d0-8699-e77ebf4dd61e,0.2,ecuador
55dc457f-8187-5104-a092-6127aee21d6e,1723325b-fef7-503e-b9d7-846e7c92802b,a7ed939b-4caa-5699-a220-f3ea0261fec2,0.2,nigeria
02836ff8-8965-5ecd-96c1-cd609e04bb78,1723325b-fef7-503e-b9d7-846e7c92802b,af6c1922-664b-5fc4-9291-3e7562a3e171,0.2,ecuador
816ade12-d891-577e-af5a-d781c9ef5887,1723325b-fef7-503e-b9d7-846e7c92802b,25a4380b-f6cd-5ec4-a50a-1a10445a39bf,0.2,ghana
f1ffa082-b192-5b51-b2ba-0aae63d5aab5,b79bf84a-4cec-5a85-8a73-c88019ba0a54,4b737ffb-8c4f-50d3-9a57-7b4fffa3d8ad,0.2,cameroon
9d85a66a-e9e5-5514-999b-868c87688df9,b79bf84a-4cec-5a85-8a73-c88019ba0a54,cc444326-9f97-52d0-8699-e77ebf4dd61e,0.2,peru
71c3f68b-80cc-5510-85c7-bf7722085687,b79bf84a-4cec-5a85-8a73-c88019ba0a54,a7ed939b-4caa-5699-a220-f3ea0261fec2,0.2,nigeria
83d36108-8e90-5835-8df7-a15e3ccb7169,b79bf84a-4cec-5a85-8a73-c88019ba0a54,af6c1922-664b-5fc4-9291-3e7562a3e171,0.2,ghana
595c9263-89fa-564e-a69a-fb66ede96fbc,b79bf84a-4cec-5a85-8a73-c88019ba0a54,25a4380b-f6cd-5ec4-a50a-1a10445a39bf,0.2,peru
70cccea7-017a-5349-a28b-2d854ece6735,f4f300ef-b389-5560-bb6e-c3c451b7de68,f865f0b1-dd43-5d07-a751-70925e2293d3,0.2,india
98896aaa-4289-5db1-8d45-47a8122502d8,f4f300ef-b389-5560-bb6e-c3c451b7de68,c2b2d4aa-0513-5028-ae28-7f9e3cc31f9e,0.2,indonesia
bcbc3571-0862-5acc-a1b0-7484d310fcb0,f4f300ef-b389-5560-bb6e-c3c451b7de68,f212dc62-0dc0-5215-b73d-9b29814dd03f,0.2,sri lanka
19b55c45-311e-5318-ae79-fbaf836aac0a,f4f300ef-b389-5560-bb6e-c3c451b7de68,d9e879b2-1194-56de-a698-32f3c04c691c,0.2,malawi
c8ade26d-4df1-5fc6-b115-1b15a9b13257,f4f300ef-b389-5560-bb6e-c3c451b7de68,72a5dfaf-ce88-5ac5-b3fa-a5abe0f9642c,0.2,indonesia
c50f4ce8-bddb-5aeb-a1ff-026fd4b7a4ec,dca58130-590f-5720-8bf7-275a44323630,f865f0b1-dd43-5d07-a751-70925e2293d3,0.2,sri lanka
a7107227-973c-58d2-bc30-2214ab275f6c,dca58130-590f-5720-8bf7-275a44323630,c2b2d4aa-0513-5028-ae28-7f9e3cc31f9e,0.2,indonesia
98c70a26-4930-5357-9163-af2c82759d20,dca58130-590f-5720-8bf7-275a44323630,f212dc62-0dc0-5215-b73d-9b29814dd03f,0.2,kenya
5f508801-8bd1-510a-a13c-4baf921d0055,dca58130-590f-5720-8bf7-275a44323630,d9e879b2-1194-56de-a698-32f3c04c691c,0.2,malawi
8140d879-a604-5c6e-92d6-dacd6baf4182,dca58130-590f-5720-8bf7-275a44323630,72a5dfaf-ce88-5ac5-b3fa-a5abe0f9642c,0.2,india
52a2da46-874f-5eac-bc53-1b03f40f6540,c28fabe1-ef52-5c2b-bed5-17ae0f6fd5b2,f865f0b1-dd43-5d07-a751-70925e2293d3,0.2,india
8656ae77-b180-525b-8ce4-eb383fa7b0a2,c28fabe1-ef52-5c2b-bed5-17ae0f6fd5b2,c2b2d4aa-0513-5028-ae28-7f9e3cc31f9e,0.2,malawi
6e7a0de5-e524-589c-947d-27fe5b55a346,c28fabe1-ef52-5c2b-bed5-17ae0f6fd5b2,f212dc62-0dc0-5215-b73d-9b29814dd03f,0.2,kenya
3f408c6c-c33f-532f-800c-e67018acf2af,c28fabe1-ef52-5c2b-bed5-17ae0f6fd5b2,d9e879b2-1194-56de-a698-32f3c04c691c,0.2,sri lanka
8a72c1ff-13b7-5fec-8f0f-35c2b6ab8ae4,c28fabe1-ef52-5c2b-bed5-17ae0f6fd5b2,72a5dfaf-ce88-5ac5-b3fa-a5abe0f9642c,0.2,india
fb49b7c3-f639-5094-8431-51bb3b5fc824,4a6cf708-9818-59e5-9dac-8a10103e17d7,f865f0b1-dd43-5d07-a751-70925e2293d3,0.2,kenya
74b31c5a-ccf8-5085-a86f-34af620be719,4a6cf708-9818-59e5-9dac-8a10103e17d7,c2b2d4aa-0513-5028-ae28-7f9e3cc31f9e,0.2,india
2b2cb44d-090d-5599-a6bb-2e747552e483,4a6cf708-9818-59e5-9dac-8a10103e17d7,f212dc62-0dc0-5215-b73d-9b29814dd03f,0.2,china
16f22f20-c54b-5f28-8af6-48e4247085c5,4a6cf708-9818-59e5-9dac-8a10103e17d7,d9e879b2-1194-56de-a698-32f3c04c691c,0.2,sri lanka
2674a36c-9e48-52b1-b324-1324f72fe044,4a6cf708-9818-59e5-9dac-8a10103e17d7,72a5dfaf-ce88-5ac5-b3fa-a5abe0f9642c,0.2,china
d53bc576-c0c3-5c2f-a077-bfbe966d8415,50ede61f-eb51-5ebe-be90-41f1717188a9,f865f0b1-dd43-5d07-a751-70925e2293d3,0.2,malawi
149815c6-5128-54a5-a4f3-42168337a4aa,50ede61f-eb51-5ebe-be90-41f1717188a9,c2b2d4aa-0513-5028-ae28-7f9e3cc31f9e,0.2,sri lanka
462c669c-3163-5cef-ab36-7422377782f1,50ede61f-eb51-5ebe-be90-41f1717188a9,f212dc62-0dc0-5215-b73d-9b29814dd03f,0.2,kenya
5e035713-fb7a-58a6-987d-6e6960aecfc1,50ede61f-eb51-5ebe-be90-41f1717188a9,d9e879b2-1194-56de-a698-32f3c04c691c,0.2,sri lanka
47b7e54c-5348-5242-a8f5-42f944416087,50ede61f-eb51-5ebe-be90-41f1717188a9,72a5dfaf-ce88-5ac5-b3fa-a5abe0f9642c,0.2,sri lanka
8dd44881-6d17-5164-b576-c8fbcac95da7,f0a9c0bf-ea75-5fd4-b57c-b6e1c64fb10c,f865f0b1-dd43-5d07-a751-70925e2293d3,0.2,kenya
c6adf3d3-6373-5eff-9de1-77586a57f1f6,f0a9c0bf-ea75-5fd4-b57c-b6e1c64fb10c,c2b2d4aa-0513-5028-ae28-7f9e3cc31f9e,0.2,malawi
af2ffae5-8889-56fb-8595-dc57bb948308,f0a9c0bf-ea75-5fd4-b57c-b6e1c64fb10c,f212dc62-0dc0-5215-b73d-9b29814dd03f,0.2,sri lanka
1252a4a3-0ec7-5c68-94bb-a97d008b7e31,f0a9c0bf-ea75-5fd4-b57c-b6e1c64fb10c,d9e879b2-1194-56de-a698-32f3c04c691c,0.2,malawi
c4a09437-c4ce-50bd-9edc-511f95eda063,f0a9c0bf-ea75-5fd4-b57c-b6e1c64fb10c,72a5dfaf-ce88-5ac5-b3fa-a5abe0f9642c,0.2,malawi
8caaeb48-fe97-582e-9d7f-f34c3c62350c,9cd0f172-1894-5f09-91de-8f321e47c38e,f865f0b1-dd43-5d07-a751-70925e2293d3,0.2,malawi
a7b97c9c-dfeb-57d9-a0fc-bd4932e68558,9cd0f172-1894-5f09-91de-8f321e47c38e,c2b2d4aa-0513-5028-ae28-7f9e3cc31f9e,0.2,india
c9a98f27-289a-5702-8375-758b8376d22c,9cd0f172-1894-5f09-91de-8f321e47c38e,f212dc62-0dc0-5215-b73d-9b29814dd03f,0.2,indonesia
2e5ad09d-aa8c-514e-bc7e-b0ca3b5897a8,9cd0f172-1894-5f09-91de-8f321e47c38e,d9e879b2-1194-56de-a698-32f3c04c691c,0.2,malawi
f95b7bb2-05bb-58b3-8085-da0e57a0315d,9cd0f172-1894-5f09-91de-8f321e47c38e,72a5dfaf-ce88-5ac5-b3fa-a5abe0f9642c,0.2,kenya
d633a4c5-4841-56ad-969a-4867b396209a,34bf09a0-b553-5c68-83a0-e6cc2aa62b0a,f865f0b1-dd43-5d07-a751-70925e2293d3,0.2,indonesia
5c9b4975-0a9e-5359-9667-64eaf729ac85,34bf09a0-b553-5c68-83a0-e6cc2aa62b0a,c2b2d4aa-0513-5028-ae28-7f9e3cc31f9e,0.2,malawi
36fa3686-cf49-59ab-8cd1-4eaa31a6575d,34bf09a0-b553-5c68-83a0-e6cc2aa62b0a,f212dc62-0dc0-5215-b73d-9b29814dd03f,0.2,kenya
ee1190c4-3e2f-5e45-84a2-6affe66a653f,34bf09a0-b553-5c68-83a0-e6cc2aa62b0a,d9e879b2-1194-56de-a698-32f3c04c691c,0.2,kenya
6d514566-f354-5ef0-a6e9-fe1444efc7c3,34bf09a0-b553-5c68-83a0-e6cc2aa62b0a,72a5dfaf-ce88-5ac5-b3fa-a5abe0f9642c,0.2,china
467169b2-4b67-55f7-b28d-7e02cb19287b,0a1643b2-fff8-573e-a5af-f2575ccd431d,f865f0b1-dd43-5d07-a751-70925e2293d3,0.2,china
be882eee-69e8-58b2-b49e-2eebca68a5ef,0a1643b2-fff8-573e-a5af-f2575ccd431d,c2b2d4aa-0513-5028-ae28-7f9e3cc31f9e,0.2,sri lanka
c1c70a56-cec7-524e-a273-ccecf3325c3f,0a1643b2-fff8-573e-a5af-f2575ccd431d,f212dc62-0dc0-5215-b73d-9b29814dd03f,0.2,malawi
f3970a64-f4c6-5072-9c2f-f3e075c2563a,0a1643b2-fff8-573e-a5af-f2575ccd431d,d9e879b2-1194-56de-a698-32f3c04c691c,0.2,malawi
82b52e37-0669-5a7c-bdbd-00ac4310f898,0a1643b2-fff8-573e-a5af-f2575ccd431d,72a5dfaf-ce88-5ac5-b3fa-a5abe0f9642c,0.2,indonesia
14b7e368-f22d-5a08-9a89-4da66ca96736,45cbbf5f-794d-5bd9-8dbb-0d6872239325,2d73e143-ddea-5530-8774-3f4ce31b6c54,0.2,spain
6da48438-6d69-502f-a860-8f45ab986b46,45cbbf5f-794d-5bd9-8dbb-0d6872239325,07c9314c-b5e9-57e0-bab4-08fe3609ac80,0.2,mexico
07d00698-7ce5-5ee1-8faa-00e4c3f3cd71,45cbbf5f-794d-5bd9-8dbb-0d6872239325,034ea2a9-dc8a-55e3-bbc6-1b98f9500b7b,0.2,south africa
52e2b7ed-36f3-5bee-b9f1-9d6c459bc174,45cbbf5f-794d-5bd9-8dbb-0d6872239325,52615504-f74f-57a2-890a-9dbd811604e5,0.2,brazil
c7fd17aa-f575-553d-abde-68b035f0a8d6,45cbbf5f-794d-5bd9-8dbb-0d6872239325,cbc4c55d-d452-5886-9065-a6e47390ad22,0.2,spain
6b656283-7688-5033-bf3b-a854bbcdb373,a69a1bd6-2f15-5964-8de3-a83f35b40078,2d73e143-ddea-5530-8774-3f4ce31b6c54,0.2,brazil
8cd27ef9-bf7b-576b-a8d4-159a3381d5c8,a69a1bd6-2f15-5964-8de3-a83f35b40078,07c9314c-b5e9-57e0-bab4-08fe3609ac80,0.2,south africa
24606769-bfae-52fc-b7ba-7c2762be9dfc,a69a1bd6-2f15-5964-8de3-a83f35b40078,034ea2a9-dc8a-55e3-bbc6-1b98f9500b7b,0.2,united states
a77227d9-ab85-55c8-adbe-5fcc5cab03aa,a69a1bd6-2f15-5964-8de3-a83f35b40078,52615504-f74f-57a2-890a-9dbd811604e5,0.2,south africa
4c5d393e-635b-5522-9437-a0418e347bf4,a69a1bd6-2f15-5964-8de3-a83f35b40078,cbc4c55d-d452-5886-9065-a6e47390ad22,0.2,brazil
92001944-8e31-5b0c-a0ca-2f044a4378cc,dc22a7e0-4d32-58af-b6dd-d2c1f8bb412e,2d73e143-ddea-5530-8774-3f4ce31b6c54,0.2,spain
1d3b7776-31b1-5296-9c76-62d6f28d9234,dc22a7e0-4d32-58af-b6dd-d2c1f8bb412e,07c9314c-b5e9-57e0-bab4-08fe3609ac80,0.2,argentina
1de41ce8-1d60-5793-896b-7cb127e90bdb,dc22a7e0-4d32-58af-b6dd-d2c1f8bb412e,034ea2a9-dc8a-55e3-bbc6-1b98f9500b7b,0.2,mexico
971ea644-5843-5f54-bcc9-d77287a51c9d,dc22a7e0-4d32-58af-b6dd-d2c1f8bb412e,52615504-f74f-57a2-890a-9dbd811604e5,0.2,south africa
f1528e41-d9ba-520e-ac13-a218d1bdc61f,dc22a7e0-4d32-58af-b6dd-d2c1f8bb412e,cbc4c55d-d452-5886-9065-a6e47390ad22,0.2,spain
ef64b5c5-e2ce-521f-9be7-500b8d845ce7,e51fe116-5b3f-5e37-8844-13f75f128a04,2d73e143-ddea-5530-8774-3f4ce31b6c54,0.2,mexico
198662d7-4b37-599d-8b03-f6642de2f475,e51fe116-5b3f-5e37-8844-13f75f128a04,07c9314c-b5e9-57e0-bab4-08fe3609ac80,0.2,united states
2bc14289-152c-539b-ad66-b01355ea4602,e51fe116-5b3f-5e37-8844-13f75f128a04,034ea2a9-dc8a-55e3-bbc6-1b98f9500b7b,0.2,united states
bf513c97-6c84-5c7f-9711-86501e679a82,e51fe116-5b3f-5e37-8844-13f75f128a04,52615504-f74f-57a2-890a-9dbd811604e5,0.2,mexico
48319936-24b0-52f6-828f-775698a359b3,e51fe116-5b3f-5e37-8844-13f75f128a04,cbc4c55d-d452-5886-9065-a6e47390ad22,0.2,united states
7aee701b-e011-5344-a651-607d9f923c38,da1cf73c-7c33-50a7-89fd-5fd7674a2975,2d73e143-ddea-5530-8774-3f4ce31b6c54,0.2,spain
636885de-b21a-5b06-8e24-4a269b628dda,da1cf73c-7c33-50a7-89fd-5fd7674a2975,07c9314c-b5e9-57e0-bab4-08fe3609ac80,0.2,south africa
81093823-fc6b-58f3-a6f9-c1eaaf9895fb,da1cf73c-7c33-50a7-89fd-5fd7674a2975,034ea2a9-dc8a-55e3-bbc6-1b98f9500b7b,0.2,spain
4ddd4370-3e43-5e20-9838-8acc09759725,da1cf73c-7c33-50a7-89fd-5fd7674a2975,52615504-f74f-57a2-890a-9dbd811604e5,0.2,spain
5f6ea94a-711c-52f6-92cc-ca9ba4baa90a,da1cf73c-7c33-50a7-89fd-5fd7674a2975,cbc4c55d-d452-5886-9065-a6e47390ad22,0.2,mexico
a35bf737-6d49-5e98-a840-a84d75b5ec12,0ffc06bd-a24e-5806-8739-f931ffaa9fac,2d73e143-ddea-5530-8774-3f4ce31b6c54,0.2,argentina
43caf284-f1a7-5f1c-85af-8b54fb65688f,0ffc06bd-a24e-5806-8739-f931ffaa9fac,07c9314c-b5e9-57e0-bab4-08fe3609ac80,0.2,argentina
82587ddc-72d3-5686-aa95-d27036da2ef7,0ffc06bd-a24e-5806-8739-f931ffaa9fac,034ea2a9-dc8a-55e3-bbc6-1b98f9500b7b,0.2,south africa
e4fb66b4-43ad-5af0-a652-35ebef1e56dd,0ffc06bd-a24e-5806-8739-f931ffaa9fac,52615504-f74f-57a2-890a-9dbd811604e5,0.2,mexico
6a31a9e3-3df8-5db0-808c-f7ab7d1e743e,0ffc06bd-a24e-5806-8739-f931ffaa9fac,cbc4c55d-d452-5886-9065-a6e47390ad22,0.2,argentina
1dc49291-e8ca-58f7-aab9-ac5a7a85192b,7e0cbcca-70b5-5f88-9534-4bb416b8c23a,2d73e143-ddea-5530-8774-3f4ce31b6c54,0.2,united states
1ce23749-a42e-5992-a72d-934c6a09c45b,7e0cbcca-70b5-5f88-9534-4bb416b8c23a,07c9314c-b5e9-57e0-bab4-08fe3609ac80,0.2,argentina
2b911200-90c4-5d77-bcf1-00feb82998e1,7e0cbcca-70b5-5f88-9534-4bb416b8c23a,034ea2a9-dc8a-55e3-bbc6-1b98f9500b7b,0.2,united states
ccfa0361-742e-58b6-bc96-9418c9a285c2,7e0cbcca-70b5-5f88-9534-4bb416b8c23a,52615504-f74f-57a2-890a-9dbd811604e5,0.2,south africa
0804c414-4010-5447-98df-0efcf212d05b,7e0cbcca-70b5-5f88-9534-4bb416b8c23a,cbc4c55d-d452-5886-9065-a6e47390ad22,0.2,spain
61cec77a-d83c-5242-aa90-e6ee2d3b7cfc,6c329b73-7531-533f-a300-caaa89b57081,2d73e143-ddea-5530-8774-3f4ce31b6c54,0.2,spain
61ee085c-6944-54e9-9110-6e4e1ff44b34,6c329b73-7531-533f-a300-caaa89b57081,07c9314c-b5e9-57e0-bab4-08fe3609ac80,0.2,argentina
c9844ab8-15bc-5e2c-90c1-697eea6a1536,6c329b73-7531-533f-a300-caaa89b57081,034ea2a9-dc8a-55e3-bbc6-1b98f9500b7b,0.2,united states
84d9c7d8-ab1a-51e8-b67b-d29aa3cf5390,6c329b73-7531-533f-a300-caaa89b57081,52615504-f74f-57a2-890a-9dbd811604e5,0.2,brazil
f22fabf6-4391-5d38-95e4-9283c23b37c8,6c329b73-7531-533f-a300-caaa89b57081,cbc4c55d-d452-5886-9065-a6e47390ad22,0.2,brazil
fcdf4864-59a5-5a92-bf0a-bd93ba9b0c5e,5fd350b4-729f-5a6a-991c-4bf6de446db1,2d73e143-ddea-5530-8774-3f4ce31b6c54,0.2,brazil
864b17ed-4517-52c3-a58f-52b5ae7e110d,5fd350b4-729f-5a6a-991c-4bf6de446db1,07c9314c-b5e9-57e0-bab4-08fe3609ac80,0.2,spain
27500c3e-4ef7-5ab0-81e7-ee2228710d9e,5fd350b4-729f-5a6a-991c-4bf6de446db1,034ea2a9-dc8a-55e3-bbc6-1b98f9500b7b,0.2,mexico
5e97c783-28ec-5b51-be87-f31a47d2b7e3,5fd350b4-729f-5a6a-991c-4bf6de446db1,52615504-f74f-57a2-890a-9dbd811604e5,0.2,spain
ab40f0d7-0936-5f8a-97b3-280793360a57,5fd350b4-729f-5a6a-991c-4bf6de446db1,cbc4c55d-d452-5886-9065-a6e47390ad22,0.2,mexico
9cead7f1-03a5-5349-a219-41dc8286ae36,9daec94a-9915-51cb-992f-669ca771a941,317f3122-dacd-5526-8032-a322af6f9733,0.5,ukraine
a69b7db3-7142-5287-911d-5a790c2f4b7d,9daec94a-9915-51cb-992f-669ca771a941,52615504-f74f-57a2-890a-9dbd811604e5,0.5,china
a1ae206c-b7bc-5dba-95e7-0ae9b7a26592,b90ac73f-5ca6-573c-9cfb-b26dbd00a3d3,317f3122-dacd-5526-8032-a322af6f9733,0.5,argentina
35954faf-43f2-55e6-b837-343c08f5b02f,b90ac73f-5ca6-573c-9cfb-b26dbd00a3d3,52615504-f74f-57a2-890a-9dbd811604e5,0.5,ukraine
ee2565f5-8669-59d3-97e5-a523fe876da3,c4a5d168-7718-56a7-81a7-310962e2aca0,317f3122-dacd-5526-8032-a322af6f9733,0.5,ukraine
b67d31ae-905a-5331-94bc-cb1bdc6e562f,c4a5d168-7718-56a7-81a7-310962e2aca0,52615504-f74f-57a2-890a-9dbd811604e5,0.5,china
58fdc068-eeec-5305-b03f-4efa28adf9b5,961972d1-bc00-5f20-a63f-246f7293f2be,317f3122-dacd-5526-8032-a322af6f9733,0.5,ukraine
e645f8fb-c3f1-56bf-b387-7da4a6923dd3,961972d1-bc00-5f20-a63f-246f7293f2be,52615504-f74f-57a2-890a-9dbd811604e5,0.5,china
0d169c87-1a14-5794-9a1b-173a0a5a35bf,0f2a198d-c07b-59db-8228-8e0853305cde,317f3122-dacd-5526-8032-a322af6f9733,0.5,australia
ba672a35-572a-5429-9557-e207359b646e,0f2a198d-c07b-59db-8228-8e0853305cde,52615504-f74f-57a2-890a-9dbd811604e5,0.5,china
1d23c534-789b-5875-ba2b-77d306fd8457,0d60e6a4-e959-5c3e-9cfb-22e204929744,317f3122-dacd-5526-8032-a322af6f9733,0.5,argentina
1fd274c9-dd77-558c-85aa-c3da76eae380,0d60e6a4-e959-5c3e-9cfb-22e204929744,52615504-f74f-57a2-890a-9dbd811604e5,0.5,united kingdom
649b5d6e-3db6-53f2-8ae3-fde6662f1296,9373d074-38f0-5687-bc5a-ea6134f7cacc,317f3122-dacd-5526-8032-a322af6f9733,0.5,united kingdom
3d9ef225-d186-50ca-b3dd-760d75576fe7,9373d074-38f0-5687-bc5a-ea6134f7cacc,52615504-f74f-57a2-890a-9dbd811604e5,0.5,argentina
aec2ec96-7346-56a5-84d0-ec0f8e8e65f0,e7308a57-b070-56b4-a8b4-1cb1a04ddc8c,317f3122-dacd-5526-8032-a322af6f9733,0.5,united kingdom
46c3e0ef-32ab-5a57-bbdf-11f92d22e892,e7308a57-b070-56b4-a8b4-1cb1a04ddc8c,52615504-f74f-57a2-890a-9dbd811604e5,0.5,china
1e44c3c2-09ce-5f0f-a56b-cf4263d99a04,5d54ca08-03f8-5abc-b2b0-27ea16e6009d,317f3122-dacd-5526-8032-a322af6f9733,0.5,australia
30a537c3-c828-5df2-92c7-270097c2e12f,5d54ca08-03f8-5abc-b2b0-27ea16e6009d,52615504-f74f-57a2-890a-9dbd811604e5,0.5,united kingdom
ceced04d-6721-5430-aa4c-8e344873522d,65900a67-9ec2-5bf6-9dd1-babae5f7faa9,317f3122-dacd-5526-8032-a322af6f9733,0.5,australia
43581758-b207-51f5-969a-b45e8970b852,65900a67-9ec2-5bf6-9dd1-babae5f7faa9,52615504-f74f-57a2-890a-9dbd811604e5,0.5,argentina
9aa1cb1c-70ab-5ffd-abdd-f8df6fa9956a,a18bacfc-19ac-5525-a85c-65870082cf1d,317f3122-dacd-5526-8032-a322af6f9733,0.5,australia
a86d58d9-545d-56d6-a0fb-ae3f9e348c72,a18bacfc-19ac-5525-a85c-65870082cf1d,52615504-f74f-57a2-890a-9dbd811604e5,0.5,ukraine
4c472ba7-0727-59f5-ac19-071862fe6612,f48bad2d-832a-589f-8ecf-a087520b9e6c,317f3122-dacd-5526-8032-a322af6f9733,0.5,new zealand
78b30fb1-5144-52b3-a6fa-a94d6f9d1fd2,f48bad2d-832a-589f-8ecf-a087520b9e6c,52615504-f74f-57a2-890a-9dbd811604e5,0.5,ukraine
7dd624ef-27fe-525a-83b4-4d6733c052e6,22ecd446-d259-504b-9d2d-fbef7d4b0276,f5f28084-80ba-513d-9f36-cfde3b81361b,0.25,italy
d74dd5d7-3230-554c-81d8-067a678ff9d8,22ecd446-d259-504b-9d2d-fbef7d4b0276,52615504-f74f-57a2-890a-9dbd811604e5,0.25,france
95d30983-4835-5529-a9d8-b5a0ffb01883,22ecd446-d259-504b-9d2d-fbef7d4b0276,7a1cea88-1f00-5ddd-aa46-2b0d47c0ab01,0.25,france
20bec9f0-6be4-509f-9ad0-0abeb5ecf056,22ecd446-d259-504b-9d2d-fbef7d4b0276,088a84f7-aefd-5b23-8a03-c00957bdc570,0.25,canada
1d9e5802-4c2c-54e0-b554-652026fa54d5,d53303ae-8986-5d3c-897e-b6e79f05cd7b,f5f28084-80ba-513d-9f36-cfde3b81361b,0.25,india
be8e775e-cb57-594a-ad97-949a520b7cca,d53303ae-8986-5d3c-897e-b6e79f05cd7b,52615504-f74f-57a2-890a-9dbd811604e5,0.25,united states
d42a459f-d01b-57cf-b063-2656d334470e,d53303ae-8986-5d3c-897e-b6e79f05cd7b,7a1cea88-1f00-5ddd-aa46-2b0d47c0ab01,0.25,india
c87bfbb6-bd0e-504a-8702-14731eae7dfa,d53303ae-8986-5d3c-897e-b6e79f05cd7b,088a84f7-aefd-5b23-8a03-c00957bdc570,0.25,italy
32761188-dbff-5a2d-8a79-0eba7505ae3c,a1a412c7-b193-525c-9865-825106d41877,f5f28084-80ba-513d-9f36-cfde3b81361b,0.25,france
6f831e3d-3b0c-5d4d-a4af-c32d0b7d56ff,a1a412c7-b193-525c-9865-825106d41877,52615504-f74f-57a2-890a-9dbd811604e5,0.25,canada
e5f3729f-4167-5202-9088-1b44bb316d79,a1a412c7-b193-525c-9865-825106d41877,7a1cea88-1f00-5ddd-aa46-2b0d47c0ab01,0.25,france
0713686d-f971-532d-94c1-222aa5f29457,a1a412c7-b193-525c-9865-825106d41877,088a84f7-aefd-5b23-8a03-c00957bdc570,0.25,india
668c99fa-2081-5af3-ad70-67b7ec00bd51,e40c4bd5-89ce-5182-9a4f-713191d39d38,f5f28084-80ba-513d-9f36-cfde3b81361b,0.25,india
26ea717e-25b5-5c59-aa07-2d52f8dfb914,e40c4bd5-89ce-5182-9a4f-713191d39d38,52615504-f74f-57a2-890a-9dbd811604e5,0.25,united states
d36e3792-103f-5742-a665-f5729ac81a9a,e40c4bd5-89ce-5182-9a4f-713191d39d38,7a1cea88-1f00-5ddd-aa46-2b0d47c0ab01,0.25,united states
cf117418-ddca-50ac-86f4-e034daf88b37,e40c4bd5-89ce-5182-9a4f-713191d39d38,088a84f7-aefd-5b23-8a03-c00957bdc570,0.25,canada
29c28329-e2a3-519f-a897-e688179ca5fe,7ecfaf65-164e-5e75-9eb2-b4fcf11de750,f5f28084-80ba-513d-9f36-cfde3b81361b,0.25,united states
a3f3dd4f-8bba-574e-b417-a04a1548e7da,7ecfaf65-164e-5e75-9eb2-b4fcf11de750,52615504-f74f-57a2-890a-9dbd811604e5,0.25,india
def27d9c-3be9-59f6-91d0-15c439776dff,7ecfaf65-164e-5e75-9eb2-b4fcf11de750,7a1cea88-1f00-5ddd-aa46-2b0d47c0ab01,0.25,india
0e3b1eaa-d84e-54e3-b9d1-e0c511b8b61c,7ecfaf65-164e-5e75-9eb2-b4fcf11de750,088a84f7-aefd-5b23-8a03-c00957bdc570,0.25,italy
e0a03cf2-c783-575a-a5eb-10ac15d08314,1b21ebaa-afa6-5f5e-94b6-0fd071c1dfee,af3e89e6-d37d-54b1-98ef-e7e2173fb36c,0.2,france
973d59e5-0a8f-5796-b1f0-4329c2add096,1b21ebaa-afa6-5f5e-94b6-0fd071c1dfee,bbe6205b-7591-5fa9-8e24-999c696cfebb,0.2,germany
3426e301-787c-5c6a-95fc-b689e17ef632,1b21ebaa-afa6-5f5e-94b6-0fd071c1dfee,a7ed939b-4caa-5699-a220-f3ea0261fec2,0.2,canada
bd0c2337-c1ef-545c-a5a0-1f4fd53a7713,1b21ebaa-afa6-5f5e-94b6-0fd071c1dfee,088a84f7-aefd-5b23-8a03-c00957bdc570,0.2,united kingdom
81445fa7-12d7-591f-b6fe-1b9e231101b0,1b21ebaa-afa6-5f5e-94b6-0fd071c1dfee,34ac7862-3bf1-539b-b296-0c333e800f19,0.2,united kingdom
ef54b1c2-833d-5811-beb4-caef8a4ec00b,71d1ec94-7068-5b03-aa37-77b9803f36fa,af3e89e6-d37d-54b1-98ef-e7e2173fb36c,0.2,germany
6607478b-e4db-55db-8717-726ee3be148a,71d1ec94-7068-5b03-aa37-77b9803f36fa,bbe6205b-7591-5fa9-8e24-999c696cfebb,0.2,germany
37415ddf-42d1-50a6-8fca-1d1245206af2,71d1ec94-7068-5b03-aa37-77b9803f36fa,a7ed939b-4caa-5699-a220-f3ea0261fec2,0.2,united states
3672af56-150a-5625-acac-121295a9bc4e,71d1ec94-7068-5b03-aa37-77b9803f36fa,088a84f7-aefd-5b23-8a03-c00957bdc570,0.2,united kingdom
080ed97b-6e9d-5d96-9253-2b82c527db42,71d1ec94-7068-5b03-aa37-77b9803f36fa,34ac7862-3bf1-539b-b296-0c333e800f19,0.2,united states
027186fd-e504-5920-bc57-221bfe1bf8ec,c67893e2-b9ad-51ac-ad1e-7c81f09ddf60,af3e89e6-d37d-54b1-98ef-e7e2173fb36c,0.2,france
669500c4-9652-55b8-8b9b-d58a26e7aa61,c67893e2-b9ad-51ac-ad1e-7c81f09ddf60,bbe6205b-7591-5fa9-8e24-999c696cfebb,0.2,united kingdom
3b7b8a0c-f5cf-59c1-a94a-b5b6e6384e12,c67893e2-b9ad-51ac-ad1e-7c81f09ddf60,a7ed939b-4caa-5699-a220-f3ea0261fec2,0.2,united kingdom
70e56374-6590-5fba-aeed-2a8ef5c8c87f,c67893e2-b9ad-51ac-ad1e-7c81f09ddf60,088a84f7-aefd-5b23-8a03-c00957bdc570,0.2,australia
5f939efb-4ec7-58d1-b3b2-d077534fdce2,c67893e2-b9ad-51ac-ad1e-7c81f09ddf60,34ac7862-3bf1-539b-b296-0c333e800f19,0.2,canada
1ec26328-a04b-55cd-850c-87a497152b91,f60914c6-0765-514e-ab4c-50eb31cf8672,af3e89e6-d37d-54b1-98ef-e7e2173fb36c,0.2,united kingdom
e382d623-a9df-521f-858e-d90e6d9f3f77,f60914c6-0765-514e-ab4c-50eb31cf8672,bbe6205b-7591-5fa9-8e24-999c696cfebb,0.2,france
d38300d2-8ded-5e06-82f7-370147272951,f60914c6-0765-514e-ab4c-50eb31cf8672,a7ed939b-4caa-5699-a220-f3ea0261fec2,0.2,united states
0ed609f0-ae56-52fb-8c67-e5e3451ada9f,f60914c6-0765-514e-ab4c-50eb31cf8672,088a84f7-aefd-5b23-8a03-c00957bdc570,0.2,united states
e6a1d406-5dff-5d83-ac9f-656e5f640f9c,f60914c6-0765-514e-ab4c-50eb31cf8672,34ac7862-3bf1-539b-b296-0c333e800f19,0.2,australia
a3ede5e0-322b-5f7a-9cc1-96aa4c2a7d0e,a1490ad5-2574-5d0d-a3b4-0f269107f5a1,af3e89e6-d37d-54b1-98ef-e7e2173fb36c,0.2,canada
fa6a8207-d165-5fc5-8ad6-ab661a63f520,a1490ad5-2574-5d0d-a3b4-0f269107f5a1,bbe6205b-7591-5fa9-8e24-999c696cfebb,0.2,france
69fd11f4-a276-543e-9ca8-e19ba0e4e1da,a1490ad5-2574-5d0d-a3b4-0f269107f5a1,a7ed939b-4caa-5699-a220-f3ea0261fec2,0.2,united states
79f84aa3-1548-510d-bd61-74335908ba4a,a1490ad5-2574-5d0d-a3b4-0f269107f5a1,088a84f7-aefd-5b23-8a03-c00957bdc570,0.2,germany
9000e6bf-5380-5e50-948e-164fac56131b,a1490ad5-2574-5d0d-a3b4-0f269107f5a1,34ac7862-3bf1-539b-b296-0c333e800f19,0.2,france
b4b52e63-dcff-5e2f-9f1d-de2c54712406,334107c1-80d7-5332-9942-e975b4f1de5a,af3e89e6-d37d-54b1-98ef-e7e2173fb36c,0.2,france
242546e2-e3a1-522a-bd60-b6923603a9d3,334107c1-80d7-5332-9942-e975b4f1de5a,bbe6205b-7591-5fa9-8e24-999c696cfebb,0.2,canada
29179646-33aa-56a3-a7f7-bba50f0f0053,334107c1-80d7-5332-9942-e975b4f1de5a,a7ed939b-4caa-5699-a220-f3ea0261fec2,0.2,united states
035242c6-6a70-5227-81a8-8df5c59a292a,334107c1-80d7-5332-9942-e975b4f1de5a,088a84f7-aefd-5b23-8a03-c00957bdc570,0.2,france
bacd6874-50bf-5b94-9081-19aa244761c7,334107c1-80d7-5332-9942-e975b4f1de5a,34ac7862-3bf1-539b-b296-0c333e800f19,0.2,australia
841d1002-43fe-56e8-bb57-cdb68aa2299a,ab00ecec-36a3-5509-b5c1-b588f3298f64,af3e89e6-d37d-54b1-98ef-e7e2173fb36c,0.2,australia
4aa0520a-b6d9-5362-aa59-19dc0a727f5c,ab00ecec-36a3-5509-b5c1-b588f3298f64,bbe6205b-7591-5fa9-8e24-999c696cfebb,0.2,united states
1145b3fa-9a36-504a-8555-22c7eb757602,ab00ecec-36a3-5509-b5c1-b588f3298f64,a7ed939b-4caa-5699-a220-f3ea0261fec2,0.2,australia
72cbf29c-ad57-554f-a850-dac3cbf1133b,ab00ecec-36a3-5509-b5c1-b588f3298f64,088a84f7-aefd-5b23-8a03-c00957bdc570,0.2,germany
61d1e8e4-9ca3-526c-b1ff-d86c9206a69a,ab00ecec-36a3-5509-b5c1-b588f3298f64,34ac7862-3bf1-539b-b296-0c333e800f19,0.2,canada
f1910744-0371-5e69-bbfa-bba785e6f275,1d4caf1d-ded8-50ba-85b8-7fbd0be27f49,af3e89e6-d37d-54b1-98ef-e7e2173fb36c,0.2,australia
3fce213b-2c86-5ccc-824c-6a3c1a3b9987,1d4caf1d-ded8-50ba-85b8-7fbd0be27f49,bbe6205b-7591-5fa9-8e24-999c696cfebb,0.2,australia
37946b65-bc0f-51e4-977b-c6833a7bc24c,1d4caf1d-ded8-50ba-85b8-7fbd0be27f49,a7ed939b-4caa-5699-a220-f3ea0261fec2,0.2,germany
fd40ff45-1d15-5ba3-866d-c496444c97a4,1d4caf1d-ded8-50ba-85b8-7fbd0be27f49,088a84f7-aefd-5b23-8a03-c00957bdc570,0.2,canada
e5432614-99c7-56f8-b0c7-8c0cc2d0feef,1d4caf1d-ded8-50ba-85b8-7fbd0be27f49,34ac7862-3bf1-539b-b296-0c333e800f19,0.2,france
2b3313d2-5a5b-593d-9f3f-a655e17a65f1,14a2f731-9946-586b-81c6-e8bfd1593242,63ee40d6-9ffe-5736-8c2f-d7119e6f6136,0.2,germany
2cc857f1-3027-51a5-8328-36dfc23eda0b,14a2f731-9946-586b-81c6-e8bfd1593242,70d86dac-acec-5418-acb5-083e4adebf73,0.2,united kingdom
c34b932e-f448-5197-b8c4-a3ccdb3edc00,14a2f731-9946-586b-81c6-e8bfd1593242,088a84f7-aefd-5b23-8a03-c00957bdc570,0.2,france
48da8bfb-2fd6-5c51-afbe-1f370664cca4,14a2f731-9946-586b-81c6-e8bfd1593242,ea3b244c-c020-57e7-a4ec-d153d3056d1d,0.2,france
13ae81e3-99da-533b-9cdd-7eac456945c6,14a2f731-9946-586b-81c6-e8bfd1593242,33362b48-97e9-5aca-967a-2dcbcd77a5d7,0.2,united kingdom
edf4a26a-1428-5351-9e57-5ab860f654cb,31a93434-57fb-5e00-99ee-26f6a00d14b2,63ee40d6-9ffe-5736-8c2f-d7119e6f6136,0.2,ireland
ee5626c9-18e8-5fbf-9981-6859c0877e77,31a93434-57fb-5e00-99ee-26f6a00d14b2,70d86dac-acec-5418-acb5-083e4adebf73,0.2,united kingdom
e8485ed5-e15a-5805-9c01-a89224b2015a,31a93434-57fb-5e00-99ee-26f6a00d14b2,088a84f7-aefd-5b23-8a03-c00957bdc570,0.2,netherlands
aaf28857-c15a-50a4-a49c-8096de5899d7,31a93434-57fb-5e00-99ee-26f6a00d14b2,ea3b244c-c020-57e7-a4ec-d153d3056d1d,0.2,netherlands
6b9731bc-3ff2-5fd2-8040-0b2c260326d7,31a93434-57fb-5e00-99ee-26f6a00d14b2,33362b48-97e9-5aca-967a-2dcbcd77a5d7,0.2,france
49c05ae1-617a-517f-b8e7-5a28b4eeb42b,2184d2eb-5e2f-502d-bbd1-ff61b64c4a23,63ee40d6-9ffe-5736-8c2f-d7119e6f6136,0.2,netherlands
4c43c57f-cf8d-5671-bfd9-1da590f5d5c4,2184d2eb-5e2f-502d-bbd1-ff61b64c4a23,70d86dac-acec-5418-acb5-083e4adebf73,0.2,france
7dc6aa62-1635-517f-9630-7b5a835a2a75,2184d2eb-5e2f-502d-bbd1-ff61b64c4a23,088a84f7-aefd-5b23-8a03-c00957bdc570,0.2,united kingdom
34435c54-2f18-5d61-a82d-9c9ccea12270,2184d2eb-5e2f-502d-bbd1-ff61b64c4a23,ea3b244c-c020-57e7-a4ec-d153d3056d1d,0.2,united kingdom
270ed36f-791c-5913-81b9-6f78aca08b10,2184d2eb-5e2f-502d-bbd1-ff61b64c4a23,33362b48-97e9-5aca-967a-2dcbcd77a5d7,0.2,denmark
1416dd84-1161-5463-9ff0-00067a6f3408,27eccc03-c587-502a-be5a-5a5d4aa35b54,63ee40d6-9ffe-5736-8c2f-d7119e6f6136,0.2,denmark
ffb7bd1f-8eed-5701-adf5-8c976848c7a4,27eccc03-c587-502a-be5a-5a5d4aa35b54,70d86dac-acec-5418-acb5-083e4adebf73,0.2,united kingdom
f045fba6-9443-5cf0-b75d-f5d80d35bba3,27eccc03-c587-502a-be5a-5a5d4aa35b54,088a84f7-aefd-5b23-8a03-c00957bdc570,0.2,france
fa4969b9-c67d-59d8-aae9-39be2197464a,27eccc03-c587-502a-be5a-5a5d4aa35b54,ea3b244c-c020-57e7-a4ec-d153d3056d1d,0.2,united kingdom
bbc7617e-4e8e-54a7-9354-68c363931367,27eccc03-c587-502a-be5a-5a5d4aa35b54,33362b48-97e9-5aca-967a-2dcbcd77a5d7,0.2,united kingdom
3e566b99-149c-534c-aca9-54da9bc2d90e,d2e81760-8058-54d8-a4ca-a7d48d9e39ad,63ee40d6-9ffe-5736-8c2f-d7119e6f6136,0.2,ireland
65a1e1ae-7c4d-5a57-8f5c-fee9adb775f1,d2e81760-8058-54d8-a4ca-a7d48d9e39ad,70d86dac-acec-5418-acb5-083e4adebf73,0.2,united kingdom
84a0e5e4-5e57-595d-b5b9-515da43d8272,d2e81760-8058-54d8-a4ca-a7d48d9e39ad,088a84f7-aefd-5b23-8a03-c00957bdc570,0.2,netherlands
41e3f70a-c92a-52bc-875b-87ae52dfe61e,d2e81760-8058-54d8-a4ca-a7d48d9e39ad,ea3b244c-c020-57e7-a4ec-d153d3056d1d,0.2,france
0f3ab5f9-333c-5bf1-b9f6-c59f8c9d188d,d2e81760-8058-54d8-a4ca-a7d48d9e39ad,33362b48-97e9-5aca-967a-2dcbcd77a5d7,0.2,ireland
85e84270-b9dc-5182-988c-7494bab6ee61,356221fb-43c5-5f26-9882-b6449a0f334b,63ee40d6-9ffe-5736-8c2f-d7119e6f6136,0.2,denmark
770bbcd1-89fa-54fe-aba3-cabf2d4ccca2,356221fb-43c5-5f26-9882-b6449a0f334b,70d86dac-acec-5418-acb5-083e4adebf73,0.2,germany
77fd742e-e31e-5eed-8186-56154f96ce9f,356221fb-43c5-5f26-9882-b6449a0f334b,088a84f7-aefd-5b23-8a03-c00957bdc570,0.2,france
13795667-3dd6-5f4f-bfa9-4dada75d73d4,356221fb-43c5-5f26-9882-b6449a0f334b,ea3b244c-c020-57e7-a4ec-d153d3056d1d,0.2,netherlands
dd6e1537-341e-5b75-aa7c-9c7334cf2287,356221fb-43c5-5f26-9882-b6449a0f334b,33362b48-97e9-5aca-967a-2dcbcd77a5d7,0.2,france
22cefc4e-427a-556c-aa42-13ef1fd9b64c,8ed161fa-14dd-5faa-87b9-ee936b2436a7,63ee40d6-9ffe-5736-8c2f-d7119e6f6136,0.2,denmark
f4fd01a9-253c-5800-b017-103f1e6b7ad0,8ed161fa-14dd-5faa-87b9-ee936b2436a7,70d86dac-acec-5418-acb5-083e4adebf73,0.2,netherlands
6a0733db-5d3d-56ec-97a2-1eed946fb0bf,8ed161fa-14dd-5faa-87b9-ee936b2436a7,088a84f7-aefd-5b23-8a03-c00957bdc570,0.2,netherlands
eae0acb8-4f82-5eda-8e73-185d02977fa6,8ed161fa-14dd-5faa-87b9-ee936b2436a7,ea3b244c-c020-57e7-a4ec-d153d3056d1d,0.2,germany
356d1699-5c61-5d33-b723-932e4c87bb10,8ed161fa-14dd-5faa-87b9-ee936b2436a7,33362b48-97e9-5aca-967a-2dcbcd77a5d7,0.2,france
64bb36fe-4e5e-5102-a7be-ee4f9a940dc9,1de10981-4bad-59c2-87de-173ae763682c,63ee40d6-9ffe-5736-8c2f-d7119e6f6136,0.2,germany
07aacb22-8b24-5acf-9cbb-73d63a1a5f16,1de10981-4bad-59c2-87de-173ae763682c,70d86dac-acec-5418-acb5-083e4adebf73,0.2,germany
6e43fec6-6ee2-5592-8432-9d5c9c703527,1de10981-4bad-59c2-87de-173ae763682c,088a84f7-aefd-5b23-8a03-c00957bdc570,0.2,france
49443df2-5af1-5765-8c26-86f167e3230b,1de10981-4bad-59c2-87de-173ae763682c,ea3b244c-c020-57e7-a4ec-d153d3056d1d,0.2,united kingdom
cabb58e4-b954-55f7-9fc6-336a3cea503c,1de10981-4bad-59c2-87de-173ae763682c,33362b48-97e9-5aca-967a-2dcbcd77a5d7,0.2,united kingdom
defacd13-2479-5db5-93b2-172bf3e7459f,98c024f2-2ad6-5a7d-9b39-e9d5816b9113,63ee40d6-9ffe-5736-8c2f-d7119e6f6136,0.2,denmark
e9e26668-855a-538e-bcf7-bb320db1db4d,98c024f2-2ad6-5a7d-9b39-e9d5816b9113,70d86dac-acec-5418-acb5-083e4adebf73,0.2,germany
884aff65-360e-5a12-ac21-1b3d178878f9,98c024f2-2ad6-5a7d-9b39-e9d5816b9113,088a84f7-aefd-5b23-8a03-c00957bdc570,0.2,ireland
107e1b3e-2f27-5899-93ec-268623b57564,98c024f2-2ad6-5a7d-9b39-e9d5816b9113,ea3b244c-c020-57e7-a4ec-d153d3056d1d,0.2,germany
5d2019f3-77d1-540a-af66-9c0b165f54d1,98c024f2-2ad6-5a7d-9b39-e9d5816b9113,33362b48-97e9-5aca-967a-2dcbcd77a5d7,0.2,germany
862a2570-4208-5915-b555-ad9b53da9a7c,4f5fdf32-ab7e-59c5-ba5b-9421dc62dfb0,63ee40d6-9ffe-5736-8c2f-d7119e6f6136,0.2,germany
fa773ff0-6566-55ee-acf8-c97d70699904,4f5fdf32-ab7e-59c5-ba5b-9421dc62dfb0,70d86dac-acec-5418-acb5-083e4adebf73,0.2,denmark
80a8d090-0c5b-5d5d-8af8-f1a326e16ec0,4f5fdf32-ab7e-59c5-ba5b-9421dc62dfb0,088a84f7-aefd-5b23-8a03-c00957bdc570,0.2,united kingdom
a88cb8cd-df40-5bc8-8ed7-745ee691e065,4f5fdf32-ab7e-59c5-ba5b-9421dc62dfb0,ea3b244c-c020-57e7-a4ec-d153d3056d1d,0.2,denmark
a95eb4bb-8d79-5ab4-8b6f-d49bae7f975a,4f5fdf32-ab7e-59c5-ba5b-9421dc62dfb0,33362b48-97e9-5aca-967a-2dcbcd77a5d7,0.2,denmark
08741501-c34d-50f2-8797-c8513c5a8dd0,d2d6faf6-481d-5b1e-bff4-fcaaa1a86657,da663dc1-c856-53b5-aba9-bb057b10ed85,0.2,france
a1362cde-a5bb-5cbe-98b7-31d6a6ad238d,d2d6faf6-481d-5b1e-bff4-fcaaa1a86657,e4ecb7b3-ad1e-52b1-9da1-76ef01870c61,0.2,united kingdom
16af0482-6510-58a3-a3c6-b418c51036e7,d2d6faf6-481d-5b1e-bff4-fcaaa1a86657,0bcff8a6-ea77-5bc6-b459-176cb3070584,0.2,united kingdom
300b6952-453f-5d89-bd26-6b1b3f8b80c5,d2d6faf6-481d-5b1e-bff4-fcaaa1a86657,16c9b06a-94db-5f04-ac83-2ba152096716,0.2,denmark
a11d6161-a441-5727-89a5-567a70fb56b7,d2d6faf6-481d-5b1e-bff4-fcaaa1a86657,088a84f7-aefd-5b23-8a03-c00957bdc570,0.2,france
a0eb23c7-f6eb-5980-a585-2c8d29523084,275cf7a2-34dd-54d2-b19e-e0eeb8a8de24,da663dc1-c856-53b5-aba9-bb057b10ed85,0.2,brazil
e915fbeb-22dc-57d8-b8e6-d12322080bad,275cf7a2-34dd-54d2-b19e-e0eeb8a8de24,e4ecb7b3-ad1e-52b1-9da1-76ef01870c61,0.2,united kingdom
8f1dd622-b981-5818-b8c7-30f21eea1797,275cf7a2-34dd-54d2-b19e-e0eeb8a8de24,0bcff8a6-ea77-5bc6-b459-176cb3070584,0.2,ireland
ac81528a-84db-56f8-8e07-792182da6de4,275cf7a2-34dd-54d2-b19e-e0eeb8a8de24,16c9b06a-94db-5f04-ac83-2ba152096716,0.2,ireland
d5cf7c79-c4a0-5054-8269-52251d8ca6a8,275cf7a2-34dd-54d2-b19e-e0eeb8a8de24,088a84f7-aefd-5b23-8a03-c00957bdc570,0.2,ireland
847c9fa7-443d-5b65-a1fe-e6d35a3799a0,4363a876-7947-5455-9b17-3721487a1d9e,da663dc1-c856-53b5-aba9-bb057b10ed85,0.2,germany
eacc0b56-759f-5c89-b39b-3c1a55039c42,4363a876-7947-5455-9b17-3721487a1d9e,e4ecb7b3-ad1e-52b1-9da1-76ef01870c61,0.2,denmark
66d9aaeb-1637-53bb-9aeb-07e8155747c3,4363a876-7947-5455-9b17-3721487a1d9e,0bcff8a6-ea77-5bc6-b459-176cb3070584,0.2,ireland
4d5af098-85d9-588c-9aa9-22c45eda7792,4363a876-7947-5455-9b17-3721487a1d9e,16c9b06a-94db-5f04-ac83-2ba152096716,0.2,denmark
c95ea769-ea7b-523d-a896-754716d93fd9,4363a876-7947-5455-9b17-3721487a1d9e,088a84f7-aefd-5b23-8a03-c00957bdc570,0.2,ireland
7da6d64a-8255-504f-abbc-bcbb376fe5b3,fe61420a-95af-5ea1-8eef-11274b821700,da663dc1-c856-53b5-aba9-bb057b10ed85,0.2,brazil
2d8e22d6-d940-5fe3-ab20-6e869a5b6111,fe61420a-95af-5ea1-8eef-11274b821700,e4ecb7b3-ad1e-52b1-9da1-76ef01870c61,0.2,denmark
9f1d2d33-81ad-5215-bc6a-91c540fa4d5f,fe61420a-95af-5ea1-8eef-11274b821700,0bcff8a6-ea77-5bc6-b459-176cb3070584,0.2,ireland
423004d9-5f47-533d-bd3e-40eea919c01a,fe61420a-95af-5ea1-8eef-11274b821700,16c9b06a-94db-5f04-ac83-2ba152096716,0.2,united kingdom
ad4a6d3e-b30a-515a-94e6-7456c641c887,fe61420a-95af-5ea1-8eef-11274b821700,088a84f7-aefd-5b23-8a03-c00957bdc570,0.2,denmark
fc221d30-5aa6-50db-8c4e-ffe236c29854,dd2135d9-113f-58a1-a4ad-39e10794103b,da663dc1-c856-53b5-aba9-bb057b10ed85,0.2,germany
a80a819b-f78e-5c5c-9dde-b4df72d440ca,dd2135d9-113f-58a1-a4ad-39e10794103b,e4ecb7b3-ad1e-52b1-9da1-76ef01870c61,0.2,united kingdom
28e3e60a-bd35-5280-8991-c144953d4d06,dd2135d9-113f-58a1-a4ad-39e10794103b,0bcff8a6-ea77-5bc6-b459-176cb3070584,0.2,united kingdom
fdd068f9-7d0c-5a27-873f-75f420f22305,dd2135d9-113f-58a1-a4ad-39e10794103b,16c9b06a-94db-5f04-ac83-2ba152096716,0.2,france
0cf1b555-f7eb-5bc0-af17-af45b5e87674,dd2135d9-113f-58a1-a4ad-39e10794103b,088a84f7-aefd-5b23-8a03-c00957bdc570,0.2,germany
3107f892-6749-5557-977c-51b882f3c0f0,c47f8301-44c2-5e75-b149-baeed168ae7c,da663dc1-c856-53b5-aba9-bb057b10ed85,0.2,united kingdom
64ffebbd-f3a8-53bf-af05-aa6ae407606a,c47f8301-44c2-5e75-b149-baeed168ae7c,e4ecb7b3-ad1e-52b1-9da1-76ef01870c61,0.2,united kingdom
09d6fc60-ba36-5f59-a6de-96b6c531a860,c47f8301-44c2-5e75-b149-baeed168ae7c,0bcff8a6-ea77-5bc6-b459-176cb3070584,0.2,ireland
7d108031-8ab3-5cee-bb57-9597f408a669,c47f8301-44c2-5e75-b149-baeed168ae7c,16c9b06a-94db-5f04-ac83-2ba152096716,0.2,ireland
c796b3d5-2039-5f44-8131-55bbd38e9bcb,c47f8301-44c2-5e75-b149-baeed168ae7c,088a84f7-aefd-5b23-8a03-c00957bdc570,0.2,denmark
cf658c55-917d-5b9a-b8e4-9fe996c3e763,9ae09c0a-2d7b-5fe7-9a34-9a5e93398967,da663dc1-c856-53b5-aba9-bb057b10ed85,0.2,denmark
4521ec53-b823-55a7-ba9e-f8d59875c68c,9ae09c0a-2d7b-5fe7-9a34-9a5e93398967,e4ecb7b3-ad1e-52b1-9da1-76ef01870c61,0.2,denmark
c894ef54-4b49-5862-99f6-9dc0c7eb52a2,9ae09c0a-2d7b-5fe7-9a34-9a5e93398967,0bcff8a6-ea77-5bc6-b459-176cb3070584,0.2,ireland
c8c9801a-ec7b-55a8-80f0-547daedcec9b,9ae09c0a-2d7b-5fe7-9a34-9a5e93398967,16c9b06a-94db-5f04-ac83-2ba152096716,0.2,denmark
92e9488a-7337-5541-ada8-12a29f47d8a9,9ae09c0a-2d7b-5fe7-9a34-9a5e93398967,088a84f7-aefd-5b23-8a03-c00957bdc570,0.2,united kingdom
f05d34cc-249e-5384-99e5-ecfe87b82948,20cb986d-59d7-5aa2-9627-a7664103d069,da663dc1-c856-53b5-aba9-bb057b10ed85,0.2,ireland
1dbc0ce7-4ac2-507f-8f21-5597989ea622,20cb986d-59d7-5aa2-9627-a7664103d069,e4ecb7b3-ad1e-52b1-9da1-76ef01870c61,0.2,denmark
e3c84539-efba-5060-a336-f1ff6d2256ad,20cb986d-59d7-5aa2-9627-a7664103d069,0bcff8a6-ea77-5bc6-b459-176cb3070584,0.2,united kingdom
07a50041-0a05-5616-b9c7-11af89954c37,20cb986d-59d7-5aa2-9627-a7664103d069,16c9b06a-94db-5f04-ac83-2ba152096716,0.2,denmark
5182dc15-2595-5c60-959b-6b548a76bd96,20cb986d-59d7-5aa2-9627-a7664103d069,088a84f7-aefd-5b23-8a03-c00957bdc570,0.2,brazil
afccfa3a-b2d3-5eed-880f-e94b2d4542e9,c8b35ee4-9ebc-5188-8292-b6d7aebb2358,da663dc1-c856-53b5-aba9-bb057b10ed85,0.2,denmark
316c35ab-9f03-570f-abaf-9e2e07e394a5,c8b35ee4-9ebc-5188-8292-b6d7aebb2358,e4ecb7b3-ad1e-52b1-9da1-76ef01870c61,0.2,brazil
6621975c-668b-5cdc-8a4a-952824e8f025,c8b35ee4-9ebc-5188-8292-b6d7aebb2358,0bcff8a6-ea77-5bc6-b459-176cb3070584,0.2,denmark
2b486c79-3216-5310-a07f-083fe58d8412,c8b35ee4-9ebc-5188-8292-b6d7aebb2358,16c9b06a-94db-5f04-ac83-2ba152096716,0.2,france
48ae4a0d-b3e7-54aa-8b0c-601a078448d5,c8b35ee4-9ebc-5188-8292-b6d7aebb2358,088a84f7-aefd-5b23-8a03-c00957bdc570,0.2,france
f807f0d6-cfa4-5ade-aacd-e0cecc3c128e,6d1d4286-c65a-58b9-ae79-560c210662c2,da663dc1-c856-53b5-aba9-bb057b10ed85,0.2,germany
df2c2506-7316-5acc-a843-54e3b6651438,6d1d4286-c65a-58b9-ae79-560c210662c2,e4ecb7b3-ad1e-52b1-9da1-76ef01870c61,0.2,france
50941e48-3728-57a7-a4b8-76d9410bfa57,6d1d4286-c65a-58b9-ae79-560c210662c2,0bcff8a6-ea77-5bc6-b459-176cb3070584,0.2,france
92135e4c-68b9-5ec6-a6a6-7cc3855d429b,6d1d4286-c65a-58b9-ae79-560c210662c2,16c9b06a-94db-5f04-ac83-2ba152096716,0.2,denmark
ebb28270-6d54-547b-8c79-03a8abede696,6d1d4286-c65a-58b9-ae79-560c210662c2,088a84f7-aefd-5b23-8a03-c00957bdc570,0.2,ireland
4dde5e07-fd76-507c-b739-fd06042c7115,107a5329-e4b0-5c80-9dd1-b16990bc3298,ddbe3ee4-e121-5049-a466-5f7d7dde30d3,0.2,iceland
60ec047a-c95a-568a-ab44-0b075bcc97ee,107a5329-e4b0-5c80-9dd1-b16990bc3298,845c4c1d-0f39-5046-8443-5cbb4e7b7025,0.2,scotland
a8bc2bf6-338a-5158-9ca8-16e8220edd22,107a5329-e4b0-5c80-9dd1-b16990bc3298,7e1b9efb-b8f2-5365-adbc-d2cab5d22bb0,0.2,iceland
a39fdc85-d1eb-5593-8aa0-2f20b44da940,107a5329-e4b0-5c80-9dd1-b16990bc3298,a8c5c84a-2d77-5ca8-a10a-744d54757555,0.2,norway
44c3d863-9c36-5ef7-a581-8f25ccdc2abc,107a5329-e4b0-5c80-9dd1-b16990bc3298,088a84f7-aefd-5b23-8a03-c00957bdc570,0.2,vietnam
a17128d1-e6e4-529b-8f0e-7746ab07068b,482639a8-557f-587d-9290-44114fa09e6f,ddbe3ee4-e121-5049-a466-5f7d7dde30d3,0.2,peru
93566898-9361-558c-be13-0760b9e84add,482639a8-557f-587d-9290-44114fa09e6f,845c4c1d-0f39-5046-8443-5cbb4e7b7025,0.2,vietnam
b533b3bf-a66b-5ce7-857b-2285c66cfb9f,482639a8-557f-587d-9290-44114fa09e6f,7e1b9efb-b8f2-5365-adbc-d2cab5d22bb0,0.2,norway
bc1ae36d-845d-5869-9207-046a93006f1f,482639a8-557f-587d-9290-44114fa09e6f,a8c5c84a-2d77-5ca8-a10a-744d54757555,0.2,peru
3432b43e-3549-52a1-b3a7-f1f4a19d9cfe,482639a8-557f-587d-9290-44114fa09e6f,088a84f7-aefd-5b23-8a03-c00957bdc570,0.2,scotland
2ff8ac7d-5c8f-57c9-a1ea-fb4d39f7bc9d,a415d0b8-a5eb-525b-9954-cb77d0155c90,ddbe3ee4-e121-5049-a466-5f7d7dde30d3,0.2,norway
19f7ed1d-aeb9-5307-ae3e-8518a060358a,a415d0b8-a5eb-525b-9954-cb77d0155c90,845c4c1d-0f39-5046-8443-5cbb4e7b7025,0.2,norway
8fe07cbf-7706-5123-94fa-269a1180b772,a415d0b8-a5eb-525b-9954-cb77d0155c90,7e1b9efb-b8f2-5365-adbc-d2cab5d22bb0,0.2,vietnam
a94dce57-7054-50ce-a591-abd684518980,a415d0b8-a5eb-525b-9954-cb77d0155c90,a8c5c84a-2d77-5ca8-a10a-744d54757555,0.2,thailand
9c70841e-683f-5c04-8ed4-32a7d6f706ee,a415d0b8-a5eb-525b-9954-cb77d0155c90,088a84f7-aefd-5b23-8a03-c00957bdc570,0.2,vietnam
2d4a90c7-99c2-57d0-90f2-b068346b2dd5,c8eb4b89-721c-59be-99a0-da4f689e7c7b,ddbe3ee4-e121-5049-a466-5f7d7dde30d3,0.2,vietnam
26eb1c34-3f20-5fab-81f9-8dd812300bff,c8eb4b89-721c-59be-99a0-da4f689e7c7b,845c4c1d-0f39-5046-8443-5cbb4e7b7025,0.2,iceland
ec025aff-76b0-5392-a9ac-50d318a59118,c8eb4b89-721c-59be-99a0-da4f689e7c7b,7e1b9efb-b8f2-5365-adbc-d2cab5d22bb0,0.2,norway
0ad86fce-f9ed-59f8-b0d0-2cc1d5812266,c8eb4b89-721c-59be-99a0-da4f689e7c7b,a8c5c84a-2d77-5ca8-a10a-744d54757555,0.2,vietnam
1d1a2d73-1e93-52d6-8fe0-480567fdf99f,c8eb4b89-721c-59be-99a0-da4f689e7c7b,088a84f7-aefd-5b23-8a03-c00957bdc570,0.2,norway
6e6d1934-d21a-561e-a172-1c2f27ec506c,867a2285-6048-5968-91cf-4887f038d89f,ddbe3ee4-e121-5049-a466-5f7d7dde30d3,0.2,iceland
3c466c0e-47cc-545a-b965-3b4022187055,867a2285-6048-5968-91cf-4887f038d89f,845c4c1d-0f39-5046-8443-5cbb4e7b7025,0.2,norway
be329d97-cdec-55e5-930e-e05d006b54d7,867a2285-6048-5968-91cf-4887f038d89f,7e1b9efb-b8f2-5365-adbc-d2cab5d22bb0,0.2,vietnam
734715a3-20dd-52f6-80d2-0bb1169fa349,867a2285-6048-5968-91cf-4887f038d89f,a8c5c84a-2d77-5ca8-a10a-744d54757555,0.2,norway
f34fe416-c995-5d85-9611-710f71019880,867a2285-6048-5968-91cf-4887f038d89f,088a84f7-aefd-5b23-8a03-c00957bdc570,0.2,peru
c3a98c2e-e2ec-58dc-81f8-42fec8c8b6a6,0e90de1f-df13-5b3f-be35-adc8e07918f8,ddbe3ee4-e121-5049-a466-5f7d7dde30d3,0.2,iceland
25b41fbc-4be2-5b11-bbc2-7882fba60604,0e90de1f-df13-5b3f-be35-adc8e07918f8,845c4c1d-0f39-5046-8443-5cbb4e7b7025,0.2,thailand
3f670b76-3146-543d-be9d-7d8e150103d9,0e90de1f-df13-5b3f-be35-adc8e07918f8,7e1b9efb-b8f2-5365-adbc-d2cab5d22bb0,0.2,norway
fe2b3b5e-d58a-5117-b844-f83a631e072d,0e90de1f-df13-5b3f-be35-adc8e07918f8,a8c5c84a-2d77-5ca8-a10a-744d54757555,0.2,vietnam
01c7b439-e594-560f-8a53-f0f1186c4509,0e90de1f-df13-5b3f-be35-adc8e07918f8,088a84f7-aefd-5b23-8a03-c00957bdc570,0.2,iceland
019a65ea-b88e-511d-8174-65d9aaff91d5,72063d8a-7f02-5e04-8499-b2d43ed43b87,ddbe3ee4-e121-5049-a466-5f7d7dde30d3,0.2,vietnam
52341e62-8dd8-5826-a850-532d935ead5b,72063d8a-7f02-5e04-8499-b2d43ed43b87,845c4c1d-0f39-5046-8443-5cbb4e7b7025,0.2,vietnam
702d8341-03f7-50b1-9eb4-25ad700b4e28,72063d8a-7f02-5e04-8499-b2d43ed43b87,7e1b9efb-b8f2-5365-adbc-d2cab5d22bb0,0.2,norway
cd89712a-7ff6-5a67-9bb6-c38564d96395,72063d8a-7f02-5e04-8499-b2d43ed43b87,a8c5c84a-2d77-5ca8-a10a-744d54757555,0.2,vietnam
ce394a23-7ff4-544a-a3a9-a61012365052,72063d8a-7f02-5e04-8499-b2d43ed43b87,088a84f7-aefd-5b23-8a03-c00957bdc570,0.2,norway
f5404628-8256-5d48-a3d4-4a5c805bf39c,7782bdb2-0efd-51e0-b6b1-160096f06293,be987686-3519-52c6-8754-55c1548f30cc,0.25,france
b437963c-d582-5ca0-a8b2-5b132b5c3745,7782bdb2-0efd-51e0-b6b1-160096f06293,52615504-f74f-57a2-890a-9dbd811604e5,0.25,greece
2b33c27c-4332-561a-9818-f84943e8e535,7782bdb2-0efd-51e0-b6b1-160096f06293,088a84f7-aefd-5b23-8a03-c00957bdc570,0.25,turkey
02388f4f-adf2-5660-913e-ab73923e4d7d,7782bdb2-0efd-51e0-b6b1-160096f06293,f410d848-2a2b-5804-b75d-bf43eb97beeb,0.25,turkey
65185971-3691-5de4-95f4-d2c18b402bc1,080ced10-c031-522d-abc0-a17d6a7af432,be987686-3519-52c6-8754-55c1548f30cc,0.25,turkey
ce2516c8-6c73-5e82-abb6-53fc0417530a,080ced10-c031-522d-abc0-a17d6a7af432,52615504-f74f-57a2-890a-9dbd811604e5,0.25,united states
84a7e690-68a0-533e-8578-f5c3f96cebb6,080ced10-c031-522d-abc0-a17d6a7af432,088a84f7-aefd-5b23-8a03-c00957bdc570,0.25,united states
bcd3fbba-a0cd-507b-9c57-11681f30564f,080ced10-c031-522d-abc0-a17d6a7af432,f410d848-2a2b-5804-b75d-bf43eb97beeb,0.25,spain
2f77aa76-bd3c-5bd6-bc1e-10f2a16ecf99,2661b5dc-3eed-5b45-8af8-32d0662f7e9f,be987686-3519-52c6-8754-55c1548f30cc,0.25,greece
188b66e6-9665-53a1-abfa-40673aaa1f70,2661b5dc-3eed-5b45-8af8-32d0662f7e9f,52615504-f74f-57a2-890a-9dbd811604e5,0.25,greece
c6a03e60-a359-598d-b8f6-3ccfcb3ca36f,2661b5dc-3eed-5b45-8af8-32d0662f7e9f,088a84f7-aefd-5b23-8a03-c00957bdc570,0.25,united states
46a0ae6a-1695-5dae-b305-20ba02358ad3,2661b5dc-3eed-5b45-8af8-32d0662f7e9f,f410d848-2a2b-5804-b75d-bf43eb97beeb,0.25,spain
fd82c8d7-8896-54ed-a721-a8515eb4deef,472081f8-1008-5fca-9244-8050ddfdc247,be987686-3519-52c6-8754-55c1548f30cc,0.25,united states
9e4b5d59-5eb5-5245-a33d-dc1bf8cd31fd,472081f8-1008-5fca-9244-8050ddfdc247,52615504-f74f-57a2-890a-9dbd811604e5,0.25,france
30882289-2342-598f-9158-37a2fa09f26f,472081f8-1008-5fca-9244-8050ddfdc247,088a84f7-aefd-5b23-8a03-c00957bdc570,0.25,spain
1a81e61e-43ae-50bd-b704-f2d56f58213c,472081f8-1008-5fca-9244-8050ddfdc247,f410d848-2a2b-5804-b75d-bf43eb97beeb,0.25,greece
9ea9d359-9645-5e33-b17c-bf1cc723245d,2f77cf77-4747-5386-87a5-01343c74faf5,be987686-3519-52c6-8754-55c1548f30cc,0.25,greece
71ff0024-321c-584a-8c65-b69959c64973,2f77cf77-4747-5386-87a5-01343c74faf5,52615504-f74f-57a2-890a-9dbd811604e5,0.25,united states
48abaa61-8b33-56c8-bec5-fb490af921ae,2f77cf77-4747-5386-87a5-01343c74faf5,088a84f7-aefd-5b23-8a03-c00957bdc570,0.25,france
94c655e6-04e5-558c-9cd2-4bb2d725934b,2f77cf77-4747-5386-87a5-01343c74faf5,f410d848-2a2b-5804-b75d-bf43eb97beeb,0.25,united states
d369a9a5-7fc9-52a3-ba99-83a7663f8de9,f47c867a-6f0e-581c-bbf6-3e985c9f6961,be987686-3519-52c6-8754-55c1548f30cc,0.25,italy
969f60c5-0909-5d98-9f29-07a351416db7,f47c867a-6f0e-581c-bbf6-3e985c9f6961,52615504-f74f-57a2-890a-9dbd811604e5,0.25,italy
b1fa7dbd-5b35-55f7-9e4c-362a4924481b,f47c867a-6f0e-581c-bbf6-3e985c9f6961,088a84f7-aefd-5b23-8a03-c00957bdc570,0.25,france
9c60ff0b-34ae-52ef-86ca-be0a245572a3,f47c867a-6f0e-581c-bbf6-3e985c9f6961,f410d848-2a2b-5804-b75d-bf43eb97beeb,0.25,turkey
11f6e49b-5d9c-5e81-948f-3dfb3a4bce00,e129caf7-c48d-5ed9-82c9-668409b2bfc7,be987686-3519-52c6-8754-55c1548f30cc,0.25,turkey
8c91d95b-7bbe-55e5-9c6c-f7c58cb412fd,e129caf7-c48d-5ed9-82c9-668409b2bfc7,52615504-f74f-57a2-890a-9dbd811604e5,0.25,italy
c9bef210-8607-578f-85fa-bedc981d2778,e129caf7-c48d-5ed9-82c9-668409b2bfc7,088a84f7-aefd-5b23-8a03-c00957bdc570,0.25,italy
64015f41-c3cb-5a93-ba25-8433513f6369,e129caf7-c48d-5ed9-82c9-668409b2bfc7,f410d848-2a2b-5804-b75d-bf43eb97beeb,0.25,turkey
9a7ec9b3-cfb6-5589-abbb-d2be7eb05ef7,a7aa433e-a714-5598-94bb-045757fc9a0f,be987686-3519-52c6-8754-55c1548f30cc,0.25,spain
c64d03cc-e803-58cd-8822-2411c679faef,a7aa433e-a714-5598-94bb-045757fc9a0f,52615504-f74f-57a2-890a-9dbd811604e5,0.25,turkey
77d0e618-7724-5d7e-8738-ab4c7233c64b,a7aa433e-a714-5598-94bb-045757fc9a0f,088a84f7-aefd-5b23-8a03-c00957bdc570,0.25,united states
146b4363-b281-54e5-840c-df6a269a4604,a7aa433e-a714-5598-94bb-045757fc9a0f,f410d848-2a2b-5804-b75d-bf43eb97beeb,0.25,spain
02b82d67-397e-50e4-8377-404e3d5b561e,ecb4cecc-9db2-5f1d-a540-6172a1e6ffba,d9f39786-555c-53a0-9a09-0451bf214733,0.2,india
a5c6f2e6-0d51-5a0a-9905-080036529dea,ecb4cecc-9db2-5f1d-a540-6172a1e6ffba,01b86c89-dd8a-55ad-9554-ad31cc947bcc,0.2,united states
273d4e7f-0405-5390-864c-3050e864ca2e,ecb4cecc-9db2-5f1d-a540-6172a1e6ffba,22434fec-7995-5bcc-869e-1fbffd6a005e,0.2,turkey
b1e68795-1b0a-579a-9d97-2710b9adfd9e,ecb4cecc-9db2-5f1d-a540-6172a1e6ffba,3ce9f173-4fba-5c3a-9606-cb856dc3e358,0.2,india
fc20fc30-0d67-542b-bbb9-083ad74ac996,ecb4cecc-9db2-5f1d-a540-6172a1e6ffba,63ca0fd0-b083-5831-9c45-10cc0a1388f1,0.2,india
513450de-5ec3-56ee-b101-7448723a1f61,448537da-5f45-5cc3-8596-196021f26e57,d9f39786-555c-53a0-9a09-0451bf214733,0.2,turkey
75dc91d2-098b-55ca-a331-8e690b1a3fe9,448537da-5f45-5cc3-8596-196021f26e57,01b86c89-dd8a-55ad-9554-ad31cc947bcc,0.2,iran
a6db944d-a70e-5697-ad61-f01d51a680b2,448537da-5f45-5cc3-8596-196021f26e57,22434fec-7995-5bcc-869e-1fbffd6a005e,0.2,australia
a63281bc-9739-548e-afc6-2b42fd23c912,448537da-5f45-5cc3-8596-196021f26e57,3ce9f173-4fba-5c3a-9606-cb856dc3e358,0.2,spain
a4bcd203-7a8a-572f-97bf-0e82a64febd1,448537da-5f45-5cc3-8596-196021f26e57,63ca0fd0-b083-5831-9c45-10cc0a1388f1,0.2,india
46c67d41-fcf7-5ad2-9929-1e479c232531,50d82bef-3fac-55eb-920d-29a7a16e6d90,d9f39786-555c-53a0-9a09-0451bf214733,0.2,australia
882c5e9d-a140-5492-85e0-0412ba88e00d,50d82bef-3fac-55eb-920d-29a7a16e6d90,01b86c89-dd8a-55ad-9554-ad31cc947bcc,0.2,spain
5c787815-65f1-552e-93c5-2f980d77cfcd,50d82bef-3fac-55eb-920d-29a7a16e6d90,22434fec-7995-5bcc-869e-1fbffd6a005e,0.2,australia
c2affbe9-2266-5c0d-9e38-18d6f2e89e7b,50d82bef-3fac-55eb-920d-29a7a16e6d90,3ce9f173-4fba-5c3a-9606-cb856dc3e358,0.2,united states
0785f6af-cc4c-5caa-963d-716b1d1f463e,50d82bef-3fac-55eb-920d-29a7a16e6d90,63ca0fd0-b083-5831-9c45-10cc0a1388f1,0.2,spain
effe8a7c-8554-5bea-bf6c-d26fd412e17e,f42ea80e-3647-5d1a-afda-4248c0dd7f5e,d9f39786-555c-53a0-9a09-0451bf214733,0.2,australia
eaeff6c3-9cb9-588c-8007-e1ca7df673a5,f42ea80e-3647-5d1a-afda-4248c0dd7f5e,01b86c89-dd8a-55ad-9554-ad31cc947bcc,0.2,india
4007a97f-2b5c-5b81-9352-1ab7531c4bcd,f42ea80e-3647-5d1a-afda-4248c0dd7f5e,22434fec-7995-5bcc-869e-1fbffd6a005e,0.2,spain
bee8d9d3-6279-5970-9469-f242a22926e5,f42ea80e-3647-5d1a-afda-4248c0dd7f5e,3ce9f173-4fba-5c3a-9606-cb856dc3e358,0.2,united states
f46e02cb-ddad-508e-a62b-457ad0c8f672,f42ea80e-3647-5d1a-afda-4248c0dd7f5e,63ca0fd0-b083-5831-9c45-10cc0a1388f1,0.2,turkey
aa095f0d-369c-54d4-85ee-633c4fdc7948,340c9e77-10e7-5df2-9932-41d6d5bc8841,d9f39786-555c-53a0-9a09-0451bf214733,0.2,india
4f9fafd5-3d72-51df-9f6c-318e826c5315,340c9e77-10e7-5df2-9932-41d6d5bc8841,01b86c89-dd8a-55ad-9554-ad31cc947bcc,0.2,united states
7f6ab6da-f3c1-5f95-b5ba-5d6698eab9f4,340c9e77-10e7-5df2-9932-41d6d5bc8841,22434fec-7995-5bcc-869e-1fbffd6a005e,0.2,united states
3c8e0dcc-998b-5656-b118-0c3f6642c746,340c9e77-10e7-5df2-9932-41d6d5bc8841,3ce9f173-4fba-5c3a-9606-cb856dc3e358,0.2,spain
c23fa7db-509b-5a8f-888d-c41afcab6680,340c9e77-10e7-5df2-9932-41d6d5bc8841,63ca0fd0-b083-5831-9c45-10cc0a1388f1,0.2,australia
5651fa1d-181f-56f1-aa77-541224a01eb5,2ea4690a-2fbb-57c1-8c7a-690df8eec1fa,d9f39786-555c-53a0-9a09-0451bf214733,0.2,turkey
190e420c-f8a8-50b5-aee3-ab948454c1c3,2ea4690a-2fbb-57c1-8c7a-690df8eec1fa,01b86c89-dd8a-55ad-9554-ad31cc947bcc,0.2,india
4a471b2d-03e6-5103-b149-49d84f360896,2ea4690a-2fbb-57c1-8c7a-690df8eec1fa,22434fec-7995-5bcc-869e-1fbffd6a005e,0.2,india
0f802a1b-a1d2-59f4-ab18-b9b792883b5a,2ea4690a-2fbb-57c1-8c7a-690df8eec1fa,3ce9f173-4fba-5c3a-9606-cb856dc3e358,0.2,australia
a4df4097-d976-5e3f-97ae-2fe21f2363c7,2ea4690a-2fbb-57c1-8c7a-690df8eec1fa,63ca0fd0-b083-5831-9c45-10cc0a1388f1,0.2,turkey
daa30160-b026-5520-a6c0-c05ca0d3697b,ad024d34-41e1-5a3f-8366-2476c88d07e3,be987686-3519-52c6-8754-55c1548f30cc,0.2,thailand
8ac12494-491e-5aa9-86b5-79c1d33782eb,ad024d34-41e1-5a3f-8366-2476c88d07e3,52ee3847-2ee0-522a-ac26-1c607eb16e30,0.2,france
d89cb2b4-3575-5f82-b11a-316326d3fccf,ad024d34-41e1-5a3f-8366-2476c88d07e3,a7ed939b-4caa-5699-a220-f3ea0261fec2,0.2,united kingdom
5e876440-e32e-5691-9d9f-178085d4edd1,ad024d34-41e1-5a3f-8366-2476c88d07e3,088a84f7-aefd-5b23-8a03-c00957bdc570,0.2,thailand
ee0c0db8-527b-522a-8e04-3e1f9bf55471,ad024d34-41e1-5a3f-8366-2476c88d07e3,1cdb6974-7235-55c5-ad04-78ca1da3f938,0.2,thailand
03c4ede5-abcb-5f91-aad7-9833afda9866,b86d26ca-e58b-52e7-8465-9d375fd05a7d,be987686-3519-52c6-8754-55c1548f30cc,0.2,france
4819ce4e-4082-503b-88b9-f7c3cc3e3d41,b86d26ca-e58b-52e7-8465-9d375fd05a7d,52ee3847-2ee0-522a-ac26-1c607eb16e30,0.2,united states
faf6a74a-c8a2-5985-8f5a-ad747c673673,b86d26ca-e58b-52e7-8465-9d375fd05a7d,a7ed939b-4caa-5699-a220-f3ea0261fec2,0.2,germany
59f28f66-ea32-5fbf-91c2-6f20751b331c,b86d26ca-e58b-52e7-8465-9d375fd05a7d,088a84f7-aefd-5b23-8a03-c00957bdc570,0.2,france
d98d89eb-a71d-5066-8062-7a581ac2882a,b86d26ca-e58b-52e7-8465-9d375fd05a7d,1cdb6974-7235-55c5-ad04-78ca1da3f938,0.2,italy
140e617d-250a-55bf-a50a-3b1a018f787b,c101b486-f7b4-5e0a-8673-6f7e8be1763f,be987686-3519-52c6-8754-55c1548f30cc,0.2,italy
9412ac6f-e22e-52a3-9c17-2431e19d60ca,c101b486-f7b4-5e0a-8673-6f7e8be1763f,52ee3847-2ee0-522a-ac26-1c607eb16e30,0.2,thailand
f998b207-2472-5810-927a-379ee9a43502,c101b486-f7b4-5e0a-8673-6f7e8be1763f,a7ed939b-4caa-5699-a220-f3ea0261fec2,0.2,germany
b509d6b0-9ab3-5d92-9c9c-a543c11badf4,c101b486-f7b4-5e0a-8673-6f7e8be1763f,088a84f7-aefd-5b23-8a03-c00957bdc570,0.2,france
e73dcfcb-c67b-5e47-aa4b-209b87a038d3,c101b486-f7b4-5e0a-8673-6f7e8be1763f,1cdb6974-7235-55c5-ad04-78ca1da3f938,0.2,italy
45874b1a-4b37-5f55-92bc-f8be2c741ec2,265866d8-6951-50f4-969b-7ef2aafab5d2,be987686-3519-52c6-8754-55c1548f30cc,0.2,italy
8be4442b-b5f8-5cf1-909a-0056b3de91c9,265866d8-6951-50f4-969b-7ef2aafab5d2,52ee3847-2ee0-522a-ac26-1c607eb16e30,0.2,france
c09c20bd-85b2-574e-bf79-66481971544a,265866d8-6951-50f4-969b-7ef2aafab5d2,a7ed939b-4caa-5699-a220-f3ea0261fec2,0.2,united kingdom
b36c9db7-be10-5ff4-935b-10c2606d6afa,265866d8-6951-50f4-969b-7ef2aafab5d2,088a84f7-aefd-5b23-8a03-c00957bdc570,0.2,thailand
0ded780a-ec53-5800-bece-a622f21034a1,265866d8-6951-50f4-969b-7ef2aafab5d2,1cdb6974-7235-55c5-ad04-78ca1da3f938,0.2,france
fb207734-6174-5383-b502-35356f0291c5,0aec4ca7-2c3a-520b-a6d1-61e60dee18af,be987686-3519-52c6-8754-55c1548f30cc,0.2,united kingdom
25643e4c-ea9c-544e-a47d-48a1bd05b2f3,0aec4ca7-2c3a-520b-a6d1-61e60dee18af,52ee3847-2ee0-522a-ac26-1c607eb16e30,0.2,thailand
b8dd475d-8c0a-593f-847c-464d57b2bc89,0aec4ca7-2c3a-520b-a6d1-61e60dee18af,a7ed939b-4caa-5699-a220-f3ea0261fec2,0.2,germany
a9edb4fa-02fd-5e5f-957e-0aa03e504aa8,0aec4ca7-2c3a-520b-a6d1-61e60dee18af,088a84f7-aefd-5b23-8a03-c00957bdc570,0.2,united states
1903c98a-c048-5892-a8b4-0e1d318cc94a,0aec4ca7-2c3a-520b-a6d1-61e60dee18af,1cdb6974-7235-55c5-ad04-78ca1da3f938,0.2,thailand
68727e8c-3ef3-5d0d-a60a-3335a9039cab,df94297b-b723-533b-8d4d-a300d457e1e7,be987686-3519-52c6-8754-55c1548f30cc,0.2,germany
a89cdf7c-2e0d-50dd-89d4-78f5584d494c,df94297b-b723-533b-8d4d-a300d457e1e7,52ee3847-2ee0-522a-ac26-1c607eb16e30,0.2,united states
b9ccb8ce-0a30-5408-a84a-fc0d01f8a68e,df94297b-b723-533b-8d4d-a300d457e1e7,a7ed939b-4caa-5699-a220-f3ea0261fec2,0.2,italy
096d160f-03c7-5d2c-83f1-f0c769f7bf02,df94297b-b723-533b-8d4d-a300d457e1e7,088a84f7-aefd-5b23-8a03-c00957bdc570,0.2,italy
8d728292-1dfd-5dd6-850c-9d5d03877513,df94297b-b723-533b-8d4d-a300d457e1e7,1cdb6974-7235-55c5-ad04-78ca1da3f938,0.2,italy
ef3ed6c5-8c54-5e0c-8a19-eccfa95eaacf,14554e14-0bf2-52b2-8a2f-b43b1f8cc601,be987686-3519-52c6-8754-55c1548f30cc,0.2,thailand
f2c09953-fc8e-5070-a771-054eb5bccca1,14554e14-0bf2-52b2-8a2f-b43b1f8cc601,52ee3847-2ee0-522a-ac26-1c607eb16e30,0.2,united kingdom
612468f9-b7ab-5d38-82f7-c899b897c004,14554e14-0bf2-52b2-8a2f-b43b1f8cc601,a7ed939b-4caa-5699-a220-f3ea0261fec2,0.2,united states
36acf7b9-92b4-546c-9577-5fb31b5bbe93,14554e14-0bf2-52b2-8a2f-b43b1f8cc601,088a84f7-aefd-5b23-8a03-c00957bdc570,0.2,italy
baf9e051-d1a5-566b-8b51-26a2e04b73c7,14554e14-0bf2-52b2-8a2f-b43b1f8cc601,1cdb6974-7235-55c5-ad04-78ca1da3f938,0.2,france
79d06117-f3ac-5af1-87fd-dbf63837b1a6,5dc324d9-1a77-53f2-8766-a78cc1080f3b,be987686-3519-52c6-8754-55c1548f30cc,0.2,united states
b02874f4-640d-5629-8370-04ecca87c53d,5dc324d9-1a77-53f2-8766-a78cc1080f3b,52ee3847-2ee0-522a-ac26-1c607eb16e30,0.2,united states
d6af76db-67e6-5657-ba07-75c52fa453dd,5dc324d9-1a77-53f2-8766-a78cc1080f3b,a7ed939b-4caa-5699-a220-f3ea0261fec2,0.2,united kingdom
cb8f5039-a7da-5055-872e-08235cac5530,5dc324d9-1a77-53f2-8766-a78cc1080f3b,088a84f7-aefd-5b23-8a03-c00957bdc570,0.2,germany
d3dcc411-14cb-59e0-a8af-cc78c780ce1f,5dc324d9-1a77-53f2-8766-a78cc1080f3b,1cdb6974-7235-55c5-ad04-78ca1da3f938,0.2,united kingdom
abb09316-225b-5356-8d93-1029527933bc,4bbfedd5-3263-5bbc-93d3-4fd2a7435868,be987686-3519-52c6-8754-55c1548f30cc,0.2,italy
2871faee-6ec0-512b-affd-3e59f55fb843,4bbfedd5-3263-5bbc-93d3-4fd2a7435868,52ee3847-2ee0-522a-ac26-1c607eb16e30,0.2,france
83aeb569-0c5b-5086-96fe-83621e64ae3b,4bbfedd5-3263-5bbc-93d3-4fd2a7435868,a7ed939b-4caa-5699-a220-f3ea0261fec2,0.2,france
d85ce294-d0a9-5a54-9e90-6cde1b38ae56,4bbfedd5-3263-5bbc-93d3-4fd2a7435868,088a84f7-aefd-5b23-8a03-c00957bdc570,0.2,italy
229c6369-7a49-5bbe-bbda-b7de04305aa0,4bbfedd5-3263-5bbc-93d3-4fd2a7435868,1cdb6974-7235-55c5-ad04-78ca1da3f938,0.2,france
f0a43c60-7958-5875-9ca5-abdc8cf17f46,8cf25d77-5347-5151-b28b-3ace9d82d1da,be987686-3519-52c6-8754-55c1548f30cc,0.2,united kingdom
84507b4f-c235-5578-a586-cd997a2fb451,8cf25d77-5347-5151-b28b-3ace9d82d1da,52ee3847-2ee0-522a-ac26-1c607eb16e30,0.2,thailand
b9e4cc6f-74cf-51d3-b523-bb13240a99ce,8cf25d77-5347-5151-b28b-3ace9d82d1da,a7ed939b-4caa-5699-a220-f3ea0261fec2,0.2,united kingdom
9a8fb944-a207-5200-aa41-ea2708518e62,8cf25d77-5347-5151-b28b-3ace9d82d1da,088a84f7-aefd-5b23-8a03-c00957bdc570,0.2,thailand
7c0c911a-7ac9-5906-8637-9bb3cd6ac5c4,8cf25d77-5347-5151-b28b-3ace9d82d1da,1cdb6974-7235-55c5-ad04-78ca1da3f938,0.2,italy
b50c5101-d03b-5521-840f-649214e4717d,559ee91e-6f54-545f-80a3-0dccdd74a4ac,453afb53-e565-50d4-9714-110398d066f6,0.2,spain
9a0b1ed2-28fe-5eb6-b5e3-a4f3cbcb046c,559ee91e-6f54-545f-80a3-0dccdd74a4ac,0dd7627b-b135-5c0c-a968-66c8e2399bdd,0.2,germany
23e31e8d-5239-5227-8dc0-327b96ef76a6,559ee91e-6f54-545f-80a3-0dccdd74a4ac,a7ed939b-4caa-5699-a220-f3ea0261fec2,0.2,poland
53cd95e2-fa0e-5995-a213-a38c2c33069e,559ee91e-6f54-545f-80a3-0dccdd74a4ac,f96d47ab-13ca-5ac5-be42-0ce7c704bdd9,0.2,germany
daac8841-49e0-532b-87c3-5fd951a425c9,559ee91e-6f54-545f-80a3-0dccdd74a4ac,d4ca3ef1-aa5e-5f83-9e5e-0293cb874a4f,0.2,netherlands
2a96ac18-10bf-5c41-b96f-fc47a3a741f2,0da944df-e775-5690-8d65-9d5b4a06f692,453afb53-e565-50d4-9714-110398d066f6,0.2,united kingdom
b3ffdbd8-e329-5c80-98cc-356cb89a871d,0da944df-e775-5690-8d65-9d5b4a06f692,0dd7627b-b135-5c0c-a968-66c8e2399bdd,0.2,united kingdom
df696a7e-22af-5b8e-a15e-80633a37e199,0da944df-e775-5690-8d65-9d5b4a06f692,a7ed939b-4caa-5699-a220-f3ea0261fec2,0.2,united kingdom
e7a3ee8c-cda2-5239-a4f0-59eb00d98b3f,0da944df-e775-5690-8d65-9d5b4a06f692,f96d47ab-13ca-5ac5-be42-0ce7c704bdd9,0.2,united kingdom
b6d95f45-f166-53de-ab1d-810959a4b1dd,0da944df-e775-5690-8d65-9d5b4a06f692,d4ca3ef1-aa5e-5f83-9e5e-0293cb874a4f,0.2,poland
2641476f-d630-56bc-87b5-604b5ab3020e,5e8d8c92-b0c9-5e4f-9f6a-594314470d7b,453afb53-e565-50d4-9714-110398d066f6,0.2,france
0434952f-c5ad-5830-9779-9f2d1a4304ab,5e8d8c92-b0c9-5e4f-9f6a-594314470d7b,0dd7627b-b135-5c0c-a968-66c8e2399bdd,0.2,united kingdom
367bbb9a-093b-58f6-9cfd-f561a0c18769,5e8d8c92-b0c9-5e4f-9f6a-594314470d7b,a7ed939b-4caa-5699-a220-f3ea0261fec2,0.2,netherlands
80885f38-ee54-5d91-b96f-ac5de7b10822,5e8d8c92-b0c9-5e4f-9f6a-594314470d7b,f96d47ab-13ca-5ac5-be42-0ce7c704bdd9,0.2,spain
8d8a8d17-c16c-50d0-ad85-946140f17c83,5e8d8c92-b0c9-5e4f-9f6a-594314470d7b,d4ca3ef1-aa5e-5f83-9e5e-0293cb874a4f,0.2,poland
5f9806b8-0b96-5e44-af88-9097fb75aa64,bf82b2c1-a10d-5cdf-b5e1-8bfc0c7c61bc,453afb53-e565-50d4-9714-110398d066f6,0.2,netherlands
849ade4a-e28b-5b25-afb4-a8793192b721,bf82b2c1-a10d-5cdf-b5e1-8bfc0c7c61bc,0dd7627b-b135-5c0c-a968-66c8e2399bdd,0.2,netherlands
e747d0aa-3c17-5fc6-9bba-fd4a58030298,bf82b2c1-a10d-5cdf-b5e1-8bfc0c7c61bc,a7ed939b-4caa-5699-a220-f3ea0261fec2,0.2,united kingdom
d70c23d3-90d5-5807-adae-cb9ca44746b7,bf82b2c1-a10d-5cdf-b5e1-8bfc0c7c61bc,f96d47ab-13ca-5ac5-be42-0ce7c704bdd9,0.2,spain
4470f8e0-b426-5854-8d1b-7a0c99e2e7e4,bf82b2c1-a10d-5cdf-b5e1-8bfc0c7c61bc,d4ca3ef1-aa5e-5f83-9e5e-0293cb874a4f,0.2,united kingdom
8d152b0a-1d7a-5c91-8f4c-7a19cdba4483,216225f1-dfa8-57d8-992b-749e520a8f15,453afb53-e565-50d4-9714-110398d066f6,0.2,netherlands
546348f7-7d2b-562b-8adb-8ebe5f06d10c,216225f1-dfa8-57d8-992b-749e520a8f15,0dd7627b-b135-5c0c-a968-66c8e2399bdd,0.2,france
a7cdfce3-27f5-5f39-a5d3-4a031f004bd4,216225f1-dfa8-57d8-992b-749e520a8f15,a7ed939b-4caa-5699-a220-f3ea0261fec2,0.2,poland
bbc8536a-691a-5d9d-80cd-095467925ed8,216225f1-dfa8-57d8-992b-749e520a8f15,f96d47ab-13ca-5ac5-be42-0ce7c704bdd9,0.2,france
643fa172-26a1-5dc1-a1ac-4fc6569eef0b,216225f1-dfa8-57d8-992b-749e520a8f15,d4ca3ef1-aa5e-5f83-9e5e-0293cb874a4f,0.2,poland
b04fa992-7d81-56a4-9ed7-592ec3f212ff,a8c2cdac-500f-5981-a66e-efc81ddff902,453afb53-e565-50d4-9714-110398d066f6,0.2,united kingdom
9c109a82-4b10-5556-ae00-9f6532af765f,a8c2cdac-500f-5981-a66e-efc81ddff902,0dd7627b-b135-5c0c-a968-66c8e2399bdd,0.2,united kingdom
4901a271-f9f2-5444-b098-0dd3824bd944,a8c2cdac-500f-5981-a66e-efc81ddff902,a7ed939b-4caa-5699-a220-f3ea0261fec2,0.2,poland
0156f125-227a-5066-81a3-b4f14a5ef062,a8c2cdac-500f-5981-a66e-efc81ddff902,f96d47ab-13ca-5ac5-be42-0ce7c704bdd9,0.2,spain
96343df5-7b85-561b-b54b-0d5ac48e85b1,a8c2cdac-500f-5981-a66e-efc81ddff902,d4ca3ef1-aa5e-5f83-9e5e-0293cb874a4f,0.2,spain
43bb4da2-e466-5e44-80a9-c599a0e024b2,deaf42fe-4493-586a-ba05-7e91a243f63c,453afb53-e565-50d4-9714-110398d066f6,0.2,united kingdom
d7f50040-bfa9-51f1-9b07-e4233d6efcab,deaf42fe-4493-586a-ba05-7e91a243f63c,0dd7627b-b135-5c0c-a968-66c8e2399bdd,0.2,united kingdom
1fb2f05d-e590-5aef-a470-91fb629c0826,deaf42fe-4493-586a-ba05-7e91a243f63c,a7ed939b-4caa-5699-a220-f3ea0261fec2,0.2,france
70ed0e1b-8f8f-5e44-91fe-4151a05ab6b4,deaf42fe-4493-586a-ba05-7e91a243f63c,f96d47ab-13ca-5ac5-be42-0ce7c704bdd9,0.2,netherlands
3432d75b-d5ba-5c7a-991c-1c03ca7c465c,deaf42fe-4493-586a-ba05-7e91a243f63c,d4ca3ef1-aa5e-5f83-9e5e-0293cb874a4f,0.2,united kingdom
d48c2f98-822d-5edb-b16b-3e991d365c0f,23d14860-9498-56ee-9d50-ddc213ddecf4,453afb53-e565-50d4-9714-110398d066f6,0.2,poland
3e882575-12c6-5c63-989f-7b7edffee6d8,23d14860-9498-56ee-9d50-ddc213ddecf4,0dd7627b-b135-5c0c-a968-66c8e2399bdd,0.2,spain
aaf3bd3e-8293-54c7-9488-db7a70b82ef5,23d14860-9498-56ee-9d50-ddc213ddecf4,a7ed939b-4caa-5699-a220-f3ea0261fec2,0.2,spain
062ff974-9cc2-580c-8ebe-c14a2149d713,23d14860-9498-56ee-9d50-ddc213ddecf4,f96d47ab-13ca-5ac5-be42-0ce7c704bdd9,0.2,france
bb0c337a-a27a-5c5e-8576-7caf5cb93b1d,23d14860-9498-56ee-9d50-ddc213ddecf4,d4ca3ef1-aa5e-5f83-9e5e-0293cb874a4f,0.2,spain
e66a08b2-ec6e-5e46-b115-cc695f824ac5,321d492e-6a36-5514-bd67-4711dd77c146,453afb53-e565-50d4-9714-110398d066f6,0.2,spain
ca0b052c-ff08-5740-b614-2220285bb81d,321d492e-6a36-5514-bd67-4711dd77c146,0dd7627b-b135-5c0c-a968-66c8e2399bdd,0.2,netherlands
b10c0aec-4153-5d9d-b908-0480a13dee9f,321d492e-6a36-5514-bd67-4711dd77c146,a7ed939b-4caa-5699-a220-f3ea0261fec2,0.2,germany
7b4f74ae-407f-5f45-a5ff-8945399f90a5,321d492e-6a36-5514-bd67-4711dd77c146,f96d47ab-13ca-5ac5-be42-0ce7c704bdd9,0.2,poland
bba12253-50a2-55e8-a46b-45c1a93f98c0,321d492e-6a36-5514-bd67-4711dd77c146,d4ca3ef1-aa5e-5f83-9e5e-0293cb874a4f,0.2,netherlands
20c142ad-6498-5dcc-88c0-924421c6acda,5670277e-dd9c-52e0-b304-7aeb6bdfac17,453afb53-e565-50d4-9714-110398d066f6,0.2,germany
4c3a9b21-92e9-5512-ad97-ebe0d352aaea,5670277e-dd9c-52e0-b304-7aeb6bdfac17,0dd7627b-b135-5c0c-a968-66c8e2399bdd,0.2,spain
67017f94-471e-53a0-8152-2dc511f0c788,5670277e-dd9c-52e0-b304-7aeb6bdfac17,a7ed939b-4caa-5699-a220-f3ea0261fec2,0.2,france
cf7f5397-355f-5808-abd0-9283f8407d9b,5670277e-dd9c-52e0-b304-7aeb6bdfac17,f96d47ab-13ca-5ac5-be42-0ce7c704bdd9,0.2,france
dbd1593d-daba-55d0-ac33-38d4cbca1028,5670277e-dd9c-52e0-b304-7aeb6bdfac17,d4ca3ef1-aa5e-5f83-9e5e-0293cb874a4f,0.2,spain
c865cc81-e82f-5d8d-9072-766465e8b1aa,b1be0a9f-cbb7-55eb-9ef4-7269f8e69eca,453afb53-e565-50d4-9714-110398d066f6,0.2,united kingdom
1dc5dc61-18c3-5563-a14a-493a1cfb939d,b1be0a9f-cbb7-55eb-9ef4-7269f8e69eca,0dd7627b-b135-5c0c-a968-66c8e2399bdd,0.2,germany
47db58f7-bac4-57cd-a939-9848be135976,b1be0a9f-cbb7-55eb-9ef4-7269f8e69eca,a7ed939b-4caa-5699-a220-f3ea0261fec2,0.2,spain
5fbaf538-e4b4-5bed-ace2-3c94f79f7a6a,b1be0a9f-cbb7-55eb-9ef4-7269f8e69eca,f96d47ab-13ca-5ac5-be42-0ce7c704bdd9,0.2,france
84bd8060-4009-5e3c-a7be-20dd3707763d,b1be0a9f-cbb7-55eb-9ef4-7269f8e69eca,d4ca3ef1-aa5e-5f83-9e5e-0293cb874a4f,0.2,france
687cb149-bb9c-5a6c-8c26-dfe5287b114e,50a87220-7919-574f-9a72-693a53d24c06,453afb53-e565-50d4-9714-110398d066f6,0.2,germany
a8599d87-259f-55e6-af61-0dfb8590d3e5,50a87220-7919-574f-9a72-693a53d24c06,0dd7627b-b135-5c0c-a968-66c8e2399bdd,0.2,poland
2dcee286-5040-5406-8ea1-84b8fa55c7a9,50a87220-7919-574f-9a72-693a53d24c06,a7ed939b-4caa-5699-a220-f3ea0261fec2,0.2,spain
610cd6cf-3fd6-55da-828e-9357191e195a,50a87220-7919-574f-9a72-693a53d24c06,f96d47ab-13ca-5ac5-be42-0ce7c704bdd9,0.2,netherlands
482b4b54-d6d0-5efb-ad7d-effff885e952,50a87220-7919-574f-9a72-693a53d24c06,d4ca3ef1-aa5e-5f83-9e5e-0293cb874a4f,0.2,spain
703301e8-c087-5cf9-9da7-4c4614e8f5ef,9c6906d1-b977-5686-8553-6e0da2d1cfff,a8880066-1533-5b3e-b21b-7c3014fd8165,0.2,belgium
708067f4-8e84-528d-a047-b2f658584e82,9c6906d1-b977-5686-8553-6e0da2d1cfff,97ae17d3-a5a9-56b0-b5ec-b88367e98c15,0.2,poland
3e08113c-f9ee-5ea1-a892-60fe284e07fa,9c6906d1-b977-5686-8553-6e0da2d1cfff,19ead09a-2408-5c7c-bcd4-a85403c2fc91,0.2,poland
ea28dccb-fc20-5f9a-a2e9-d4332ba7c227,9c6906d1-b977-5686-8553-6e0da2d1cfff,e1d14d86-8b5a-5d05-9dce-b2ef6d0ab991,0.2,united kingdom
93242b64-b778-58e5-82db-973cd3aa8bb5,9c6906d1-b977-5686-8553-6e0da2d1cfff,c3a5af10-40f7-5b3b-8fce-200646e57080,0.2,belgium
3e3f060f-27fc-5806-aaf5-955a438310ef,5942796e-186e-5121-b613-138f5f460455,a8880066-1533-5b3e-b21b-7c3014fd8165,0.2,poland
b0b3afd0-1c13-544b-bae8-9ecdf62d2793,5942796e-186e-5121-b613-138f5f460455,97ae17d3-a5a9-56b0-b5ec-b88367e98c15,0.2,spain
4135a974-d87e-5a59-a34d-84cb10f095f5,5942796e-186e-5121-b613-138f5f460455,19ead09a-2408-5c7c-bcd4-a85403c2fc91,0.2,france
2bc26684-9993-598e-9404-7b965cccd435,5942796e-186e-5121-b613-138f5f460455,e1d14d86-8b5a-5d05-9dce-b2ef6d0ab991,0.2,united kingdom
fee53847-b128-55e9-b7ed-ab3aa1fbc8b1,5942796e-186e-5121-b613-138f5f460455,c3a5af10-40f7-5b3b-8fce-200646e57080,0.2,kenya
461e7e85-279f-51c3-8a76-27691266263a,65c3c1dc-aa9f-57e6-a305-9e4854ac6deb,a8880066-1533-5b3e-b21b-7c3014fd8165,0.2,belgium
14a34fa3-20ca-59e1-aac5-8a1b25a26e7d,65c3c1dc-aa9f-57e6-a305-9e4854ac6deb,97ae17d3-a5a9-56b0-b5ec-b88367e98c15,0.2,united kingdom
5bcbfa25-e95d-5f4c-920f-0f7b9e1f3826,65c3c1dc-aa9f-57e6-a305-9e4854ac6deb,19ead09a-2408-5c7c-bcd4-a85403c2fc91,0.2,poland
a5146261-fb53-54d2-8494-edec3bb32e0a,65c3c1dc-aa9f-57e6-a305-9e4854ac6deb,e1d14d86-8b5a-5d05-9dce-b2ef6d0ab991,0.2,poland
6e5baac1-2cec-5687-9e2d-e351df6c8dc7,65c3c1dc-aa9f-57e6-a305-9e4854ac6deb,c3a5af10-40f7-5b3b-8fce-200646e57080,0.2,kenya
d9b2009c-b518-557c-8327-a97fa2fb4f49,d2dea250-c2c1-5d51-bf16-b3e569ba23ae,a8880066-1533-5b3e-b21b-7c3014fd8165,0.2,kenya
33931939-d296-5f33-9da5-6a88d69831e7,d2dea250-c2c1-5d51-bf16-b3e569ba23ae,97ae17d3-a5a9-56b0-b5ec-b88367e98c15,0.2,kenya
8fcf7a59-4d64-50f1-8586-6319e53ddf97,d2dea250-c2c1-5d51-bf16-b3e569ba23ae,19ead09a-2408-5c7c-bcd4-a85403c2fc91,0.2,kenya
9114b7a8-7bbc-56cc-b9e6-de596737fb58,d2dea250-c2c1-5d51-bf16-b3e569ba23ae,e1d14d86-8b5a-5d05-9dce-b2ef6d0ab991,0.2,kenya
46fc7efc-5630-5ea4-a1e6-0ad4898b1f76,d2dea250-c2c1-5d51-bf16-b3e569ba23ae,c3a5af10-40f7-5b3b-8fce-200646e57080,0.2,spain
d8c70ca6-e4f2-51eb-a8bd-bfd7f974808a,6c9acb95-28b1-53f3-b194-b8503c0ba19f,a8880066-1533-5b3e-b21b-7c3014fd8165,0.2,france
d35bf53c-8144-52d7-a1a7-4a3d6b3f78c0,6c9acb95-28b1-53f3-b194-b8503c0ba19f,97ae17d3-a5a9-56b0-b5ec-b88367e98c15,0.2,belgium
1bf13873-95d2-5828-968c-ae260b687d17,6c9acb95-28b1-53f3-b194-b8503c0ba19f,19ead09a-2408-5c7c-bcd4-a85403c2fc91,0.2,united kingdom
072f747e-881b-5e38-8f19-9a00a997cd19,6c9acb95-28b1-53f3-b194-b8503c0ba19f,e1d14d86-8b5a-5d05-9dce-b2ef6d0ab991,0.2,kenya
eac12807-148c-51fb-8fe6-434a795ceb8e,6c9acb95-28b1-53f3-b194-b8503c0ba19f,c3a5af10-40f7-5b3b-8fce-200646e57080,0.2,france
f3c526d1-d3ca-5407-8900-94136de9e904,68e79028-d138-5f55-a3f2-188d2ea586ba,a8880066-1533-5b3e-b21b-7c3014fd8165,0.2,poland
18a90967-8d25-5e70-8c39-be307c992fd4,68e79028-d138-5f55-a3f2-188d2ea586ba,97ae17d3-a5a9-56b0-b5ec-b88367e98c15,0.2,france
04183595-ddca-5224-be46-3da2217d9dd0,68e79028-d138-5f55-a3f2-188d2ea586ba,19ead09a-2408-5c7c-bcd4-a85403c2fc91,0.2,kenya
d658a034-2a69-5744-a524-ffdb7cabaf22,68e79028-d138-5f55-a3f2-188d2ea586ba,e1d14d86-8b5a-5d05-9dce-b2ef6d0ab991,0.2,united kingdom
0935a331-5ddb-5324-86fc-504131f8fb6a,68e79028-d138-5f55-a3f2-188d2ea586ba,c3a5af10-40f7-5b3b-8fce-200646e57080,0.2,kenya
bbac4f8c-a9de-5864-9cb4-f3a65ef8ea49,9cdc0108-54a9-5e98-8980-ca34fa401b18,a8880066-1533-5b3e-b21b-7c3014fd8165,0.2,france
b0dae2e5-6212-5a4d-9073-4d3e765820b3,9cdc0108-54a9-5e98-8980-ca34fa401b18,97ae17d3-a5a9-56b0-b5ec-b88367e98c15,0.2,poland
b8f3a399-5320-5e39-86a3-c13f52957a77,9cdc0108-54a9-5e98-8980-ca34fa401b18,19ead09a-2408-5c7c-bcd4-a85403c2fc91,0.2,france
c63e9b33-9ad6-5426-a175-850b2179b9be,9cdc0108-54a9-5e98-8980-ca34fa401b18,e1d14d86-8b5a-5d05-9dce-b2ef6d0ab991,0.2,kenya
2a4e2c34-a241-5263-a6f5-9d1e28f2a75c,9cdc0108-54a9-5e98-8980-ca34fa401b18,c3a5af10-40f7-5b3b-8fce-200646e57080,0.2,belgium
95b14ea0-9f52-5ab0-bb59-7247646e555d,238f9786-60be-5e59-b49c-7bba051bd340,a8880066-1533-5b3e-b21b-7c3014fd8165,0.2,france
cb8b454e-1e3f-5c93-bf54-25bbc9b4141a,238f9786-60be-5e59-b49c-7bba051bd340,97ae17d3-a5a9-56b0-b5ec-b88367e98c15,0.2,belgium
ed2dedfb-cea8-569d-a435-b15b833afebb,238f9786-60be-5e59-b49c-7bba051bd340,19ead09a-2408-5c7c-bcd4-a85403c2fc91,0.2,kenya
e9cb2670-9609-55d6-a645-8d90b8bd21b6,238f9786-60be-5e59-b49c-7bba051bd340,e1d14d86-8b5a-5d05-9dce-b2ef6d0ab991,0.2,france
64e249f2-8cf7-5b54-85da-3124e2a87b06,238f9786-60be-5e59-b49c-7bba051bd340,c3a5af10-40f7-5b3b-8fce-200646e57080,0.2,poland
0ba4ade0-c9cf-5016-800e-bc0fcf9c848f,f57916fa-004f-5d6d-bfcd-88ab37231edc,a8880066-1533-5b3e-b21b-7c3014fd8165,0.2,spain
c4c78e8c-13b5-553b-a045-6066cf85e652,f57916fa-004f-5d6d-bfcd-88ab37231edc,97ae17d3-a5a9-56b0-b5ec-b88367e98c15,0.2,spain
102e7b4b-c912-5427-8cf4-72453b40a4f2,f57916fa-004f-5d6d-bfcd-88ab37231edc,19ead09a-2408-5c7c-bcd4-a85403c2fc91,0.2,belgium
e2fd4b59-909f-5ec0-aaf9-239bc74f4b2c,f57916fa-004f-5d6d-bfcd-88ab37231edc,e1d14d86-8b5a-5d05-9dce-b2ef6d0ab991,0.2,kenya
3d4a7980-ccd0-5ee0-8bd5-99234e4b1338,f57916fa-004f-5d6d-bfcd-88ab37231edc,c3a5af10-40f7-5b3b-8fce-200646e57080,0.2,belgium
35af36cc-3fb9-5947-b162-f7058f72da69,78cca17a-9ab9-5129-955e-1d1868f9d867,a8880066-1533-5b3e-b21b-7c3014fd8165,0.2,kenya
bf7833d1-2be4-5048-8f19-19b5dd00b324,78cca17a-9ab9-5129-955e-1d1868f9d867,97ae17d3-a5a9-56b0-b5ec-b88367e98c15,0.2,kenya
43d9927b-4caa-50ae-86dc-54d949975f2b,78cca17a-9ab9-5129-955e-1d1868f9d867,19ead09a-2408-5c7c-bcd4-a85403c2fc91,0.2,spain
9e552aa5-0071-5142-acc6-7945b0a8ef58,78cca17a-9ab9-5129-955e-1d1868f9d867,e1d14d86-8b5a-5d05-9dce-b2ef6d0ab991,0.2,poland
6b3a534c-bb6e-5469-9c1b-3418e5518943,78cca17a-9ab9-5129-955e-1d1868f9d867,c3a5af10-40f7-5b3b-8fce-200646e57080,0.2,poland
585b0539-3325-593d-a445-17a33ea7ca1a,daefd259-0dfc-5ab6-9b19-2b863f838aef,a8880066-1533-5b3e-b21b-7c3014fd8165,0.2,france
13d485cb-8a5c-5fa8-a069-aeb7643f5f67,daefd259-0dfc-5ab6-9b19-2b863f838aef,97ae17d3-a5a9-56b0-b5ec-b88367e98c15,0.2,belgium
4d2c8de0-47df-5802-9164-3e09ec81de21,daefd259-0dfc-5ab6-9b19-2b863f838aef,19ead09a-2408-5c7c-bcd4-a85403c2fc91,0.2,poland
51e3f1c8-95db-5ed7-87bb-6037ba3806bc,daefd259-0dfc-5ab6-9b19-2b863f838aef,e1d14d86-8b5a-5d05-9dce-b2ef6d0ab991,0.2,united kingdom
5059e7bd-0509-54d7-8943-715f54a2778d,daefd259-0dfc-5ab6-9b19-2b863f838aef,c3a5af10-40f7-5b3b-8fce-200646e57080,0.2,france
0ab6b56a-796c-5cff-b48d-29ad97643643,8f43030d-42c5-5c6e-a9d5-00e93037a0aa,52615504-f74f-57a2-890a-9dbd811604e5,0.2,germany
d7f1b7c2-c955-5d5b-829a-32ab0da1585f,8f43030d-42c5-5c6e-a9d5-00e93037a0aa,a7ed939b-4caa-5699-a220-f3ea0261fec2,0.2,ireland
c840fd9f-ae03-5089-b432-e3277ae6b26e,8f43030d-42c5-5c6e-a9d5-00e93037a0aa,75e9d088-33e9-5f95-911b-2c835673eb28,0.2,belgium
2b19ba85-ee7b-59cc-9b83-280c0e4e839e,8f43030d-42c5-5c6e-a9d5-00e93037a0aa,f410d848-2a2b-5804-b75d-bf43eb97beeb,0.2,france
9b95090b-419f-5e32-9830-710ac3de376e,8f43030d-42c5-5c6e-a9d5-00e93037a0aa,24bbf7b9-6ec2-5acc-a9cd-d64bd2819d0d,0.2,france
ffa00f01-d5f6-5444-948d-941ddbf77e8b,5bf6eee8-0fc0-541d-ad9c-d0aa3bc7a6d8,52615504-f74f-57a2-890a-9dbd811604e5,0.2,united states
b9dabd8c-0de4-5baa-b660-358c482f5676,5bf6eee8-0fc0-541d-ad9c-d0aa3bc7a6d8,a7ed939b-4caa-5699-a220-f3ea0261fec2,0.2,germany
41c0d662-fafa-5b57-9a58-ce4e1bd5c8cf,5bf6eee8-0fc0-541d-ad9c-d0aa3bc7a6d8,75e9d088-33e9-5f95-911b-2c835673eb28,0.2,belgium
4cbee06c-50ec-568c-aea7-78797db8a5ab,5bf6eee8-0fc0-541d-ad9c-d0aa3bc7a6d8,f410d848-2a2b-5804-b75d-bf43eb97beeb,0.2,belgium
b72c0d20-fe9f-525f-86ad-f8ebb35e489e,5bf6eee8-0fc0-541d-ad9c-d0aa3bc7a6d8,24bbf7b9-6ec2-5acc-a9cd-d64bd2819d0d,0.2,belgium
51d186d2-7e33-571f-b94f-444710537e8a,57d8a259-e736-5422-b74e-287108555535,52615504-f74f-57a2-890a-9dbd811604e5,0.2,united states
9939e982-fdf0-5a65-b0f6-0d01e3517daa,57d8a259-e736-5422-b74e-287108555535,a7ed939b-4caa-5699-a220-f3ea0261fec2,0.2,ireland
167c8943-6796-5b38-b8f4-c10a01fe2d78,57d8a259-e736-5422-b74e-287108555535,75e9d088-33e9-5f95-911b-2c835673eb28,0.2,france
b008ebf3-1895-5abb-8939-df745362ec9a,57d8a259-e736-5422-b74e-287108555535,f410d848-2a2b-5804-b75d-bf43eb97beeb,0.2,belgium
70d326d5-7543-5d0d-8699-7f442247b374,57d8a259-e736-5422-b74e-287108555535,24bbf7b9-6ec2-5acc-a9cd-d64bd2819d0d,0.2,united states
209c7f2a-3017-5824-a6ec-2f89028fd866,8526487d-c22e-5a63-a39f-735285f2ae0b,52615504-f74f-57a2-890a-9dbd811604e5,0.2,ireland
d1479169-7820-5743-8ade-3760e471f1ce,8526487d-c22e-5a63-a39f-735285f2ae0b,a7ed939b-4caa-5699-a220-f3ea0261fec2,0.2,united states
147df05d-8394-57f2-9ea8-a06103981c5c,8526487d-c22e-5a63-a39f-735285f2ae0b,75e9d088-33e9-5f95-911b-2c835673eb28,0.2,united kingdom
1c909c70-fbab-5e12-bb14-0a365c9bbdb8,8526487d-c22e-5a63-a39f-735285f2ae0b,f410d848-2a2b-5804-b75d-bf43eb97beeb,0.2,germany
25b2cac4-dd79-5af3-8646-810e1f18719a,8526487d-c22e-5a63-a39f-735285f2ae0b,24bbf7b9-6ec2-5acc-a9cd-d64bd2819d0d,0.2,france
ceae8638-5d52-5059-8c42-ae1303cfc98a,add817e0-489e-5f55-9bf6-c4c6b2307834,52615504-f74f-57a2-890a-9dbd811604e5,0.2,united states
e8b4493a-8896-586f-8220-c3e245d43c57,add817e0-489e-5f55-9bf6-c4c6b2307834,a7ed939b-4caa-5699-a220-f3ea0261fec2,0.2,united states
eb955104-9dbe-543d-bea6-21fe4da30ad1,add817e0-489e-5f55-9bf6-c4c6b2307834,75e9d088-33e9-5f95-911b-2c835673eb28,0.2,france
1d13eb9b-ddcd-57c7-8e70-ff3192fdc84c,add817e0-489e-5f55-9bf6-c4c6b2307834,f410d848-2a2b-5804-b75d-bf43eb97beeb,0.2,germany
f0ee5fdc-203a-5fea-849c-af1260c0d8b7,add817e0-489e-5f55-9bf6-c4c6b2307834,24bbf7b9-6ec2-5acc-a9cd-d64bd2819d0d,0.2,united kingdom
9d5bc03d-3b22-552d-b75c-52e94e37757b,ce9d2b2c-f82a-5271-a442-d26b778a8367,52615504-f74f-57a2-890a-9dbd811604e5,0.2,ireland
5bb6ceef-11a7-5aec-b023-01550d4ac1aa,ce9d2b2c-f82a-5271-a442-d26b778a8367,a7ed939b-4caa-5699-a220-f3ea0261fec2,0.2,united states
41254eaf-3f09-5dce-9053-023dfed18455,ce9d2b2c-f82a-5271-a442-d26b778a8367,75e9d088-33e9-5f95-911b-2c835673eb28,0.2,germany
88df1820-d590-58b8-b657-6fe183089777,ce9d2b2c-f82a-5271-a442-d26b778a8367,f410d848-2a2b-5804-b75d-bf43eb97beeb,0.2,ireland
39a575a2-3889-53d8-a68b-da747c12d56d,ce9d2b2c-f82a-5271-a442-d26b778a8367,24bbf7b9-6ec2-5acc-a9cd-d64bd2819d0d,0.2,ireland
7fbe0827-4a87-5103-af0a-172ae0acf707,a008d049-0022-5eb6-94b2-ba335a463f1d,52615504-f74f-57a2-890a-9dbd811604e5,0.2,ireland
d137d3d7-1422-5e37-9905-e58c7e01986d,a008d049-0022-5eb6-94b2-ba335a463f1d,a7ed939b-4caa-5699-a220-f3ea0261fec2,0.2,united kingdom
c33c487a-0afb-5690-a541-f25b92777d60,a008d049-0022-5eb6-94b2-ba335a463f1d,75e9d088-33e9-5f95-911b-2c835673eb28,0.2,united kingdom
cdefbdcb-7a28-5ab5-b524-7bef185222ef,a008d049-0022-5eb6-94b2-ba335a463f1d,f410d848-2a2b-5804-b75d-bf43eb97beeb,0.2,ireland
d05552c6-28bd-574a-92ea-4b72c8c66130,a008d049-0022-5eb6-94b2-ba335a463f1d,24bbf7b9-6ec2-5acc-a9cd-d64bd2819d0d,0.2,belgium
3f8fbf2a-22e3-5a39-b682-499cb5ce2d03,00066904-c12e-522e-abc6-ea4923c12812,52615504-f74f-57a2-890a-9dbd811604e5,0.2,france
b7ad8825-bad9-5310-8c81-548585f20820,00066904-c12e-522e-abc6-ea4923c12812,a7ed939b-4caa-5699-a220-f3ea0261fec2,0.2,united kingdom
6e0d92e9-ce6c-5ada-b5e8-e6678d1b08d6,00066904-c12e-522e-abc6-ea4923c12812,75e9d088-33e9-5f95-911b-2c835673eb28,0.2,belgium
61334232-0844-5623-a60a-6d91014464e1,00066904-c12e-522e-abc6-ea4923c12812,f410d848-2a2b-5804-b75d-bf43eb97beeb,0.2,belgium
687bcf3e-1d0b-5f3b-9594-07392767e897,00066904-c12e-522e-abc6-ea4923c12812,24bbf7b9-6ec2-5acc-a9cd-d64bd2819d0d,0.2,united states
6c60bb2e-1d1d-5bfe-9256-b570e2fc5ab3,8e9fb637-abed-535e-9a95-737f7d74857c,13ee93de-2671-5e65-b3a1-d586e44ebf6a,0.25,chile
63c4b739-9b34-5246-b513-31b2977bcd24,8e9fb637-abed-535e-9a95-737f7d74857c,74ecb67e-0819-5aa3-b68e-cd1394c607c3,0.25,italy
8f294552-5001-5234-9673-42bb30626a9a,8e9fb637-abed-535e-9a95-737f7d74857c,bf0b4bac-c922-55b0-b490-7a30a8e18b30,0.25,argentina
e5710c6c-4f1c-5cb2-99c2-cc7ff2126dc9,8e9fb637-abed-535e-9a95-737f7d74857c,cbad3dc3-cc5d-53e2-aefd-3137c4d9f4a1,0.25,argentina
2a226e66-3e14-57b4-82f6-edc88a0ffe07,cc00b4f5-2b50-54e1-bfb7-1f172cd95b0b,13ee93de-2671-5e65-b3a1-d586e44ebf6a,0.25,australia
b18ea567-5382-5bcd-9bfe-71d74ebebe73,cc00b4f5-2b50-54e1-bfb7-1f172cd95b0b,74ecb67e-0819-5aa3-b68e-cd1394c607c3,0.25,australia
527c4f83-a577-536a-9d9c-4222c85500c6,cc00b4f5-2b50-54e1-bfb7-1f172cd95b0b,bf0b4bac-c922-55b0-b490-7a30a8e18b30,0.25,australia
31aed2d7-39b2-51f6-8e24-7ff9be623634,cc00b4f5-2b50-54e1-bfb7-1f172cd95b0b,cbad3dc3-cc5d-53e2-aefd-3137c4d9f4a1,0.25,italy
9041b2b1-af58-51db-a829-dbb82f5acef0,fc467a3c-f8e1-5435-b03b-49cf18085608,13ee93de-2671-5e65-b3a1-d586e44ebf6a,0.25,italy
629758c2-4dc3-5a7c-ae78-e9408eba5b89,fc467a3c-f8e1-5435-b03b-49cf18085608,74ecb67e-0819-5aa3-b68e-cd1394c607c3,0.25,argentina
7e051d56-f360-5afa-85c7-5822a1231083,fc467a3c-f8e1-5435-b03b-49cf18085608,bf0b4bac-c922-55b0-b490-7a30a8e18b30,0.25,argentina
8f39b4cb-45e3-55fb-9ce0-1ab08731e890,fc467a3c-f8e1-5435-b03b-49cf18085608,cbad3dc3-cc5d-53e2-aefd-3137c4d9f4a1,0.25,france
220f1372-a083-54a8-8ad0-a285ac7c95c1,df5bab7d-9b81-53af-95e7-63104c4e3c9d,13ee93de-2671-5e65-b3a1-d586e44ebf6a,0.25,france
4a59dd1e-ac3e-535f-a69c-148e588c282a,df5bab7d-9b81-53af-95e7-63104c4e3c9d,74ecb67e-0819-5aa3-b68e-cd1394c607c3,0.25,australia
fb417a44-6117-501b-bcfb-078a0580c7f4,df5bab7d-9b81-53af-95e7-63104c4e3c9d,bf0b4bac-c922-55b0-b490-7a30a8e18b30,0.25,italy
fb234760-631f-58de-827a-728d70be05db,df5bab7d-9b81-53af-95e7-63104c4e3c9d,cbad3dc3-cc5d-53e2-aefd-3137c4d9f4a1,0.25,italy
6695189a-6435-5b78-924f-5b1533d65548,9eb71497-6b25-5dfc-aa74-055800dd1628,13ee93de-2671-5e65-b3a1-d586e44ebf6a,0.25,argentina
57bf350b-5489-5bc0-a3d3-3ed60fc6f5da,9eb71497-6b25-5dfc-aa74-055800dd1628,74ecb67e-0819-5aa3-b68e-cd1394c607c3,0.25,chile
35a920ec-36f0-57cf-a182-b5991e373836,9eb71497-6b25-5dfc-aa74-055800dd1628,bf0b4bac-c922-55b0-b490-7a30a8e18b30,0.25,australia
8f677139-1f8b-5ca0-bdab-7929ad0b6338,9eb71497-6b25-5dfc-aa74-055800dd1628,cbad3dc3-cc5d-53e2-aefd-3137c4d9f4a1,0.25,france
659e3255-4e2b-5f46-9c78-b9e24bf3a946,cbc7173f-3b0f-5842-86c4-aaf746874c41,13ee93de-2671-5e65-b3a1-d586e44ebf6a,0.25,chile
83676409-064c-573c-bee1-a4f5afcf2986,cbc7173f-3b0f-5842-86c4-aaf746874c41,74ecb67e-0819-5aa3-b68e-cd1394c607c3,0.25,italy
3e926b0f-bdb4-53af-a6e7-7a4e5a4e1188,cbc7173f-3b0f-5842-86c4-aaf746874c41,bf0b4bac-c922-55b0-b490-7a30a8e18b30,0.25,france
e4afdf96-35ff-55e0-9271-5eaa8f977295,cbc7173f-3b0f-5842-86c4-aaf746874c41,cbad3dc3-cc5d-53e2-aefd-3137c4d9f4a1,0.25,australia
7677b752-f373-5617-9543-6b6b4de8bc37,3bf43943-ff79-56c0-808d-e1af804c213a,13ee93de-2671-5e65-b3a1-d586e44ebf6a,0.25,italy
289c40c3-9c85-50b2-8183-3d04ab553e2e,3bf43943-ff79-56c0-808d-e1af804c213a,74ecb67e-0819-5aa3-b68e-cd1394c607c3,0.25,australia
21aa0633-136c-5abc-80c7-87cf1b727ba4,3bf43943-ff79-56c0-808d-e1af804c213a,bf0b4bac-c922-55b0-b490-7a30a8e18b30,0.25,argentina
44e1acb5-d3a3-5e73-b085-3bf0afe16f84,3bf43943-ff79-56c0-808d-e1af804c213a,cbad3dc3-cc5d-53e2-aefd-3137c4d9f4a1,0.25,chile
2073ee6b-cb41-58db-a1c4-83fd25ca3aee,a5811059-b98c-5ea3-915e-0f4de62bd06f,13ee93de-2671-5e65-b3a1-d586e44ebf6a,0.25,chile
37615975-4677-5cf5-9df2-c9015ccf957d,a5811059-b98c-5ea3-915e-0f4de62bd06f,74ecb67e-0819-5aa3-b68e-cd1394c607c3,0.25,chile
1584bc08-ec35-5dda-ab1f-ebd78b766db3,a5811059-b98c-5ea3-915e-0f4de62bd06f,bf0b4bac-c922-55b0-b490-7a30a8e18b30,0.25,spain
72f83a8e-83e6-5c1a-8378-74921fbcbe86,a5811059-b98c-5ea3-915e-0f4de62bd06f,cbad3dc3-cc5d-53e2-aefd-3137c4d9f4a1,0.25,australia
b7b1e3a6-5ad0-5961-bbab-21506d93f928,337fb2aa-602b-5b5e-87ab-5263110ae294,13ee93de-2671-5e65-b3a1-d586e44ebf6a,0.25,chile
85999ee3-f859-55b3-a0c1-2ea71a749775,337fb2aa-602b-5b5e-87ab-5263110ae294,74ecb67e-0819-5aa3-b68e-cd1394c607c3,0.25,argentina
8bc7b307-b261-5c87-9f0b-67e6640701bf,337fb2aa-602b-5b5e-87ab-5263110ae294,bf0b4bac-c922-55b0-b490-7a30a8e18b30,0.25,chile
5d0d7c9c-01ca-5f0e-96d9-6159d9153187,337fb2aa-602b-5b5e-87ab-5263110ae294,cbad3dc3-cc5d-53e2-aefd-3137c4d9f4a1,0.25,australia
e7bf35a3-54e6-58f1-bf84-cd204d182c7f,6fbdf50e-b87e-566d-90fa-6d75f909f086,52615504-f74f-57a2-890a-9dbd811604e5,0.2,czech republic
de8d8498-7b96-597d-a265-0d9c30c9ce38,6fbdf50e-b87e-566d-90fa-6d75f909f086,0805f9a7-7fff-54ba-9f3f-448c75d304b1,0.2,ireland
81d8ad6a-7f65-5487-9e57-a6ec0399dd1e,6fbdf50e-b87e-566d-90fa-6d75f909f086,e41eb6e4-231f-58ea-bd08-1ab209b82bdb,0.2,germany
ad3e143b-780d-5565-8e83-703dace1d498,6fbdf50e-b87e-566d-90fa-6d75f909f086,bf0b4bac-c922-55b0-b490-7a30a8e18b30,0.2,netherlands
9c81aac1-6b0c-5aa9-9281-34fee2de67e5,6fbdf50e-b87e-566d-90fa-6d75f909f086,c18ffc14-eb5f-5f73-aba1-1d5120469101,0.2,ireland
0e7b6051-aff9-51c7-a397-77921f58fc2c,7c6079a0-b304-5cbe-bd32-e7e9dc51ca9b,52615504-f74f-57a2-890a-9dbd811604e5,0.2,ireland
a8b1e322-ddfd-5472-899d-a85b1533067c,7c6079a0-b304-5cbe-bd32-e7e9dc51ca9b,0805f9a7-7fff-54ba-9f3f-448c75d304b1,0.2,belgium
758b9bab-3d61-5483-9b52-58b90f99676a,7c6079a0-b304-5cbe-bd32-e7e9dc51ca9b,e41eb6e4-231f-58ea-bd08-1ab209b82bdb,0.2,germany
679dbecd-60c5-5300-8686-1eed58e941ca,7c6079a0-b304-5cbe-bd32-e7e9dc51ca9b,bf0b4bac-c922-55b0-b490-7a30a8e18b30,0.2,netherlands
c73cfeac-deb9-5a5a-b331-8d694706d636,7c6079a0-b304-5cbe-bd32-e7e9dc51ca9b,c18ffc14-eb5f-5f73-aba1-1d5120469101,0.2,belgium
e49107d6-b6fc-5d38-8172-57888a2503b3,6e9bf19a-12bc-5535-88eb-c522244ccac3,52615504-f74f-57a2-890a-9dbd811604e5,0.2,czech republic
c2054e94-b16a-571f-a3db-996632ebe1b6,6e9bf19a-12bc-5535-88eb-c522244ccac3,0805f9a7-7fff-54ba-9f3f-448c75d304b1,0.2,ireland
3230f530-f6d3-5b42-96d1-169707828563,6e9bf19a-12bc-5535-88eb-c522244ccac3,e41eb6e4-231f-58ea-bd08-1ab209b82bdb,0.2,netherlands
0cf56f08-f9fc-5e4e-b9e5-4a8001d068bb,6e9bf19a-12bc-5535-88eb-c522244ccac3,bf0b4bac-c922-55b0-b490-7a30a8e18b30,0.2,germany
685b2da8-8f09-5500-871f-df4d10c04781,6e9bf19a-12bc-5535-88eb-c522244ccac3,c18ffc14-eb5f-5f73-aba1-1d5120469101,0.2,belgium
7bb9fc3a-143f-550a-8466-0ecac7494b10,43e656ab-c84d-5755-83d6-1a9b1b51a6a1,52615504-f74f-57a2-890a-9dbd811604e5,0.2,ireland
5ed3d88f-30c8-5b52-9c5a-0ee398ad6f88,43e656ab-c84d-5755-83d6-1a9b1b51a6a1,0805f9a7-7fff-54ba-9f3f-448c75d304b1,0.2,united kingdom
1b590262-0e41-5e22-a9ac-456b4dc1f58d,43e656ab-c84d-5755-83d6-1a9b1b51a6a1,e41eb6e4-231f-58ea-bd08-1ab209b82bdb,0.2,netherlands
412faa92-19a0-57b1-8d50-f4de6bb05db0,43e656ab-c84d-5755-83d6-1a9b1b51a6a1,bf0b4bac-c922-55b0-b490-7a30a8e18b30,0.2,belgium
d8900dda-8e66-522a-90bb-bb0fcb15cc48,43e656ab-c84d-5755-83d6-1a9b1b51a6a1,c18ffc14-eb5f-5f73-aba1-1d5120469101,0.2,germany
d811d172-640d-5c28-8004-d8085e17edac,b7f8e0dd-f4a5-5797-b7d6-cafe7e3d3f3a,52615504-f74f-57a2-890a-9dbd811604e5,0.2,belgium
d2f20b80-56bb-5615-83ec-637d4c4792b4,b7f8e0dd-f4a5-5797-b7d6-cafe7e3d3f3a,0805f9a7-7fff-54ba-9f3f-448c75d304b1,0.2,belgium
987e3173-d73f-5ded-a643-c0cd9a03e663,b7f8e0dd-f4a5-5797-b7d6-cafe7e3d3f3a,e41eb6e4-231f-58ea-bd08-1ab209b82bdb,0.2,belgium
ca4f23b2-7601-5615-8583-dee3952d5911,b7f8e0dd-f4a5-5797-b7d6-cafe7e3d3f3a,bf0b4bac-c922-55b0-b490-7a30a8e18b30,0.2,czech republic
f7cdfc57-e7b0-594d-a033-d470ca505c88,b7f8e0dd-f4a5-5797-b7d6-cafe7e3d3f3a,c18ffc14-eb5f-5f73-aba1-1d5120469101,0.2,united kingdom
11584ad6-427d-50e5-b98e-78dba9b789ad,e598cf68-e7e8-59e9-9c1d-21726f0202d5,52615504-f74f-57a2-890a-9dbd811604e5,0.2,germany
691f097b-42d7-50d8-871d-90fc37e57085,e598cf68-e7e8-59e9-9c1d-21726f0202d5,0805f9a7-7fff-54ba-9f3f-448c75d304b1,0.2,germany
0e9710f4-28ad-5ef5-a699-801d78f36755,e598cf68-e7e8-59e9-9c1d-21726f0202d5,e41eb6e4-231f-58ea-bd08-1ab209b82bdb,0.2,germany
97123390-d649-5464-a3eb-e0b1343293b9,e598cf68-e7e8-59e9-9c1d-21726f0202d5,bf0b4bac-c922-55b0-b490-7a30a8e18b30,0.2,ireland
132d2d18-001b-56bb-988d-b11fb8055a0c,e598cf68-e7e8-59e9-9c1d-21726f0202d5,c18ffc14-eb5f-5f73-aba1-1d5120469101,0.2,netherlands
bee38e18-dbf3-575d-af86-61b21751ba75,4163e17b-b9ae-56ea-805d-7ab88aa8190d,52615504-f74f-57a2-890a-9dbd811604e5,0.2,germany
15bc3598-9225-5424-835f-e8a4cf0d9c87,4163e17b-b9ae-56ea-805d-7ab88aa8190d,0805f9a7-7fff-54ba-9f3f-448c75d304b1,0.2,netherlands
d2e9c9e8-8d40-5e26-bedf-97f591fecf6e,4163e17b-b9ae-56ea-805d-7ab88aa8190d,e41eb6e4-231f-58ea-bd08-1ab209b82bdb,0.2,germany
629127b7-b85b-5a72-9159-bb51a8b506a8,4163e17b-b9ae-56ea-805d-7ab88aa8190d,bf0b4bac-c922-55b0-b490-7a30a8e18b30,0.2,united kingdom
62f9582b-1de2-51d8-a1ef-06a18401e8ba,4163e17b-b9ae-56ea-805d-7ab88aa8190d,c18ffc14-eb5f-5f73-aba1-1d5120469101,0.2,ireland
bc4b3a38-a703-5835-a45a-7a5a30012fd7,437a1793-278e-58f9-901e-e03cf882cf5d,52615504-f74f-57a2-890a-9dbd811604e5,0.2,ireland
7b86ce96-03f4-5fa8-af2f-9976769276ce,437a1793-278e-58f9-901e-e03cf882cf5d,0805f9a7-7fff-54ba-9f3f-448c75d304b1,0.2,belgium
0e8044b1-19f7-51e9-9ba2-6e1f68b41169,437a1793-278e-58f9-901e-e03cf882cf5d,e41eb6e4-231f-58ea-bd08-1ab209b82bdb,0.2,czech republic
e00dd1fe-a84b-5e02-baae-8da043567393,437a1793-278e-58f9-901e-e03cf882cf5d,bf0b4bac-c922-55b0-b490-7a30a8e18b30,0.2,ireland
3590117e-c17c-5bbd-aea5-18438bec1ae2,437a1793-278e-58f9-901e-e03cf882cf5d,c18ffc14-eb5f-5f73-aba1-1d5120469101,0.2,ireland
c72b5e26-c6d1-5d51-8e6a-3dd8981cdf08,b153e43e-0be1-5895-a5ff-e560c42f0d0d,52615504-f74f-57a2-890a-9dbd811604e5,0.2,united kingdom
ff30f08e-60df-54d0-bbb6-4edf0ef97ea0,b153e43e-0be1-5895-a5ff-e560c42f0d0d,0805f9a7-7fff-54ba-9f3f-448c75d304b1,0.2,germany
93e33794-0260-5800-95c4-60fbfa00fd1a,b153e43e-0be1-5895-a5ff-e560c42f0d0d,e41eb6e4-231f-58ea-bd08-1ab209b82bdb,0.2,ireland
69127b37-6110-5724-9d46-6b4b27ce4ef1,b153e43e-0be1-5895-a5ff-e560c42f0d0d,bf0b4bac-c922-55b0-b490-7a30a8e18b30,0.2,ireland
cda8c8d0-97dc-553f-964d-f78ae39cd019,b153e43e-0be1-5895-a5ff-e560c42f0d0d,c18ffc14-eb5f-5f73-aba1-1d5120469101,0.2,czech republic
2d79759d-7ef6-5630-874d-83d3be25f477,23b3528d-da5b-5ac6-900f-19d9417942c6,52615504-f74f-57a2-890a-9dbd811604e5,0.2,netherlands
6b057cff-c9fc-5458-a681-550aa3471ee6,23b3528d-da5b-5ac6-900f-19d9417942c6,0805f9a7-7fff-54ba-9f3f-448c75d304b1,0.2,united kingdom
5435af57-20b2-558b-b75c-2971bcc2b298,23b3528d-da5b-5ac6-900f-19d9417942c6,e41eb6e4-231f-58ea-bd08-1ab209b82bdb,0.2,czech republic
a56ca211-d966-5930-8a58-0048d4c1f680,23b3528d-da5b-5ac6-900f-19d9417942c6,bf0b4bac-c922-55b0-b490-7a30a8e18b30,0.2,ireland
362a086e-d879-5784-b1ef-7cf390cab694,23b3528d-da5b-5ac6-900f-19d9417942c6,c18ffc14-eb5f-5f73-aba1-1d5120469101,0.2,ireland
f4385e8f-e686-53f1-9cda-640792216306,dfd05a0c-7059-598a-860a-9310484969b5,52615504-f74f-57a2-890a-9dbd811604e5,0.2,united kingdom
9b793c8a-6e42-53c2-8ce3-08619ede977e,dfd05a0c-7059-598a-860a-9310484969b5,0805f9a7-7fff-54ba-9f3f-448c75d304b1,0.2,belgium
9325b8af-6a98-5171-8fd2-8b4c55c67aa1,dfd05a0c-7059-598a-860a-9310484969b5,e41eb6e4-231f-58ea-bd08-1ab209b82bdb,0.2,belgium
f02366a5-f87e-5e6a-9b77-bdbf4ca4444b,dfd05a0c-7059-598a-860a-9310484969b5,bf0b4bac-c922-55b0-b490-7a30a8e18b30,0.2,ireland
3b257a58-b6d2-59e1-a55e-835230d8b9a7,dfd05a0c-7059-598a-860a-9310484969b5,c18ffc14-eb5f-5f73-aba1-1d5120469101,0.2,ireland
21aa0c98-3d66-5d53-8bba-c56c4fc703ab,cfd9a04f-03d4-5017-b109-964981444242,5d1f1447-1cab-5b7f-823f-277bb217cd6f,0.2,mexico
6d68bfd4-a665-573d-a39d-962bdc428c8f,cfd9a04f-03d4-5017-b109-964981444242,240a1546-c691-564c-bc94-347399a91c37,0.2,spain
7cf458c0-0689-537e-9b01-f78366c68430,cfd9a04f-03d4-5017-b109-964981444242,f092718b-a5d2-5294-a079-109cba36d979,0.2,spain
25c0ece9-9115-5cb9-acf9-9731eaf0ed19,cfd9a04f-03d4-5017-b109-964981444242,8a2a2e99-d5d8-5eb4-a28e-dec194016808,0.2,mexico
a5e4ec3e-659e-57a8-912b-9a8a26d08b45,cfd9a04f-03d4-5017-b109-964981444242,01dab6b2-6c30-56af-80e9-0d94acce3e01,0.2,mexico
2dcbd2e6-3bfd-5b3e-a72b-c29c5ea3c0b0,f3ccab7d-fdc3-5cdf-a798-59db2bb07faf,5d1f1447-1cab-5b7f-823f-277bb217cd6f,0.2,vietnam
92c1004d-5f60-51b5-9bd8-874d27fbc70a,f3ccab7d-fdc3-5cdf-a798-59db2bb07faf,240a1546-c691-564c-bc94-347399a91c37,0.2,sri lanka
711d9c79-a980-577d-b9ff-b39ed7270510,f3ccab7d-fdc3-5cdf-a798-59db2bb07faf,f092718b-a5d2-5294-a079-109cba36d979,0.2,vietnam
0fc16087-ea71-5b4d-810a-fab05be21c27,f3ccab7d-fdc3-5cdf-a798-59db2bb07faf,8a2a2e99-d5d8-5eb4-a28e-dec194016808,0.2,indonesia
bbcb2983-5de7-571b-921f-178da7fb75ee,f3ccab7d-fdc3-5cdf-a798-59db2bb07faf,01dab6b2-6c30-56af-80e9-0d94acce3e01,0.2,sri lanka
c86cc7c1-65b4-509b-9912-728a3858aa80,cc054131-2580-5efb-8b52-935dc5607339,5d1f1447-1cab-5b7f-823f-277bb217cd6f,0.2,sri lanka
7f3a31c3-64bb-5317-a8b8-3dab1ec5291e,cc054131-2580-5efb-8b52-935dc5607339,240a1546-c691-564c-bc94-347399a91c37,0.2,india
af1fa0b7-3fee-5060-adff-77f0a357fd3f,cc054131-2580-5efb-8b52-935dc5607339,f092718b-a5d2-5294-a079-109cba36d979,0.2,sri lanka
eb5f3b12-9e9e-5201-8b72-f455350b5c8d,cc054131-2580-5efb-8b52-935dc5607339,8a2a2e99-d5d8-5eb4-a28e-dec194016808,0.2,indonesia
00731d1d-ec12-5a2f-9c69-0ceb5fb038a5,cc054131-2580-5efb-8b52-935dc5607339,01dab6b2-6c30-56af-80e9-0d94acce3e01,0.2,spain
58db396d-6c55-585a-a059-e38c13b9a625,248e3615-fc44-534f-9a16-fbe3b0509433,5d1f1447-1cab-5b7f-823f-277bb217cd6f,0.2,spain
45b78d05-da49-5e02-8039-7e2a87770725,248e3615-fc44-534f-9a16-fbe3b0509433,240a1546-c691-564c-bc94-347399a91c37,0.2,sri lanka
5d54ba63-87b8-5994-a22c-fdce7a01b132,248e3615-fc44-534f-9a16-fbe3b0509433,f092718b-a5d2-5294-a079-109cba36d979,0.2,spain
cefcc3ec-986d-5976-8df2-5f71ff31a31a,248e3615-fc44-534f-9a16-fbe3b0509433,8a2a2e99-d5d8-5eb4-a28e-dec194016808,0.2,vietnam
8432ea48-6156-5157-9dc4-41408e0d98ea,248e3615-fc44-534f-9a16-fbe3b0509433,01dab6b2-6c30-56af-80e9-0d94acce3e01,0.2,sri lanka
50b6d622-b164-5802-9201-813aa4f9761d,c05ccba2-58a2-58fb-8891-46cb19210fd7,5d1f1447-1cab-5b7f-823f-277bb217cd6f,0.2,vietnam
815c1534-aba4-5679-87e4-33b34aa47d32,c05ccba2-58a2-58fb-8891-46cb19210fd7,240a1546-c691-564c-bc94-347399a91c37,0.2,mexico
fed1bd6e-ad45-50fa-b3fd-4e78af47e571,c05ccba2-58a2-58fb-8891-46cb19210fd7,f092718b-a5d2-5294-a079-109cba36d979,0.2,mexico
3a3c87ad-eb68-5e06-96c3-df1b6a2adb90,c05ccba2-58a2-58fb-8891-46cb19210fd7,8a2a2e99-d5d8-5eb4-a28e-dec194016808,0.2,india
a14465a1-e9cf-5579-b845-5d7796febf4a,c05ccba2-58a2-58fb-8891-46cb19210fd7,01dab6b2-6c30-56af-80e9-0d94acce3e01,0.2,sri lanka
b75a4be9-c237-5726-9b07-5c3e289bcc90,ea7da9b5-2197-5c07-bdb5-05a33f8a0200,5d1f1447-1cab-5b7f-823f-277bb217cd6f,0.2,mexico
babd9ce9-32bc-5a83-8d9c-26c7996749c4,ea7da9b5-2197-5c07-bdb5-05a33f8a0200,240a1546-c691-564c-bc94-347399a91c37,0.2,mexico
02478f47-eb9c-5ecb-9b34-789d124f89a6,ea7da9b5-2197-5c07-bdb5-05a33f8a0200,f092718b-a5d2-5294-a079-109cba36d979,0.2,spain
47caa4d6-e6d2-5f26-82c3-9d6488beebfb,ea7da9b5-2197-5c07-bdb5-05a33f8a0200,8a2a2e99-d5d8-5eb4-a28e-dec194016808,0.2,india
8afefeda-b462-564a-affa-15eee3888e8b,ea7da9b5-2197-5c07-bdb5-05a33f8a0200,01dab6b2-6c30-56af-80e9-0d94acce3e01,0.2,india
ae2a2094-e5cd-5cc9-b010-9349fa0d28b4,f3033690-ac8b-5882-8d30-b28526141eb9,5d1f1447-1cab-5b7f-823f-277bb217cd6f,0.2,spain
d9f73730-9a7e-5cec-b159-49c414e1df92,f3033690-ac8b-5882-8d30-b28526141eb9,240a1546-c691-564c-bc94-347399a91c37,0.2,sri lanka
59c4b361-e51c-5f44-8607-01bf49356f9c,f3033690-ac8b-5882-8d30-b28526141eb9,f092718b-a5d2-5294-a079-109cba36d979,0.2,vietnam
8c6cf692-37dd-5987-af4f-7bfb36a545ae,f3033690-ac8b-5882-8d30-b28526141eb9,8a2a2e99-d5d8-5eb4-a28e-dec194016808,0.2,sri lanka
835d54cb-ccff-5ee1-9e4f-573b4ae51148,f3033690-ac8b-5882-8d30-b28526141eb9,01dab6b2-6c30-56af-80e9-0d94acce3e01,0.2,vietnam
e7b0807f-78d6-51dc-a6e6-f549d3581f55,8d707edc-fc8a-5ece-b07b-af3d5ae2b4c8,5d1f1447-1cab-5b7f-823f-277bb217cd6f,0.2,india
8b150dbe-bfaa-51da-aa3c-86318ee22523,8d707edc-fc8a-5ece-b07b-af3d5ae2b4c8,240a1546-c691-564c-bc94-347399a91c37,0.2,indonesia
3df1c4c6-f247-5bee-9673-50146d62f591,8d707edc-fc8a-5ece-b07b-af3d5ae2b4c8,f092718b-a5d2-5294-a079-109cba36d979,0.2,sri lanka
aa3196df-0915-5a25-bc56-b0d629ce35ee,8d707edc-fc8a-5ece-b07b-af3d5ae2b4c8,8a2a2e99-d5d8-5eb4-a28e-dec194016808,0.2,indonesia
bc2896a9-4894-53ef-8180-0e5e39b66494,8d707edc-fc8a-5ece-b07b-af3d5ae2b4c8,01dab6b2-6c30-56af-80e9-0d94acce3e01,0.2,vietnam
d2a0f614-1074-5241-bb69-30c77e266dac,e81051af-8164-5448-ba00-7021d74e7565,5d1f1447-1cab-5b7f-823f-277bb217cd6f,0.2,sri lanka
c3d24706-8743-5bd9-82d0-f34f2ebcac78,e81051af-8164-5448-ba00-7021d74e7565,240a1546-c691-564c-bc94-347399a91c37,0.2,indonesia
50c1db0c-f364-5906-b387-0e161d1f86ec,e81051af-8164-5448-ba00-7021d74e7565,f092718b-a5d2-5294-a079-109cba36d979,0.2,indonesia
1ccc2076-f5ba-552b-b9e5-d00b1c4dcd36,e81051af-8164-5448-ba00-7021d74e7565,8a2a2e99-d5d8-5eb4-a28e-dec194016808,0.2,sri lanka
5d6d8ac0-b948-5f96-948b-ea5f2517af17,e81051af-8164-5448-ba00-7021d74e7565,01dab6b2-6c30-56af-80e9-0d94acce3e01,0.2,indonesia
24330242-bff4-5195-9661-436a0895aea1,3649a95e-da06-5666-8168-6902c344cf73,5d1f1447-1cab-5b7f-823f-277bb217cd6f,0.2,sri lanka
2b535ca0-2819-517d-9caa-a6d7abdf57e8,3649a95e-da06-5666-8168-6902c344cf73,240a1546-c691-564c-bc94-347399a91c37,0.2,indonesia
2043cce2-7153-5946-a2d5-a37611a344f0,3649a95e-da06-5666-8168-6902c344cf73,f092718b-a5d2-5294-a079-109cba36d979,0.2,india
21fbbdf7-3518-5410-ade1-09a2c56b3fe2,3649a95e-da06-5666-8168-6902c344cf73,8a2a2e99-d5d8-5eb4-a28e-dec194016808,0.2,sri lanka
dc4ed93a-c02c-54d0-a901-50775a672656,3649a95e-da06-5666-8168-6902c344cf73,01dab6b2-6c30-56af-80e9-0d94acce3e01,0.2,india
4d878d8d-6e4d-5d8a-9f1f-886c5d7b4faa,bb2ee452-9a89-5f9a-aeeb-dd392297064a,5d1f1447-1cab-5b7f-823f-277bb217cd6f,0.2,spain
76c5a0e0-a6b9-5dad-a20a-4b2bfc176010,bb2ee452-9a89-5f9a-aeeb-dd392297064a,240a1546-c691-564c-bc94-347399a91c37,0.2,mexico
2ddbb122-2204-5681-9954-9dfa516dd804,bb2ee452-9a89-5f9a-aeeb-dd392297064a,f092718b-a5d2-5294-a079-109cba36d979,0.2,india
aec81a93-5dd7-5ddd-8f3d-984a6d928fb5,bb2ee452-9a89-5f9a-aeeb-dd392297064a,8a2a2e99-d5d8-5eb4-a28e-dec194016808,0.2,indonesia
e2f3bd90-b76a-508f-8566-5c3683359a32,bb2ee452-9a89-5f9a-aeeb-dd392297064a,01dab6b2-6c30-56af-80e9-0d94acce3e01,0.2,vietnam
5349fe9c-c26e-578b-9be9-103800013be9,4292a6ca-fcc1-54c4-badf-4f91d953d5f7,2b27212d-54bd-5f1a-a2ea-4bba813b0d5c,0.33,costa rica
0d0246ac-0fcd-561e-812f-abce8bf4ba4f,4292a6ca-fcc1-54c4-badf-4f91d953d5f7,fa330dc8-9b8a-56a3-812d-936c4fe52f8a,0.33,ethiopia
f1799a40-9a09-5f3b-b31d-8951a5f842e0,4292a6ca-fcc1-54c4-badf-4f91d953d5f7,52615504-f74f-57a2-890a-9dbd811604e5,0.34,costa rica
68d144d1-92f6-503b-869b-7c66a76a8c06,ca9566da-ce53-59f7-a21d-2e92a7d08f08,2b27212d-54bd-5f1a-a2ea-4bba813b0d5c,0.33,ethiopia
bade2fe9-6614-55c7-8426-841564c0bd73,ca9566da-ce53-59f7-a21d-2e92a7d08f08,fa330dc8-9b8a-56a3-812d-936c4fe52f8a,0.33,ethiopia
0ba49fe4-c91d-56e0-a9c5-cf6caac1d3f0,ca9566da-ce53-59f7-a21d-2e92a7d08f08,52615504-f74f-57a2-890a-9dbd811604e5,0.34,colombia
3078c06f-9d97-5219-b5fe-00b031fc76e5,7baf236b-f99a-52bc-9e1a-67033cbd91a6,2b27212d-54bd-5f1a-a2ea-4bba813b0d5c,0.33,colombia
cb03271b-0f37-5af0-a637-a8e9f4eca321,7baf236b-f99a-52bc-9e1a-67033cbd91a6,fa330dc8-9b8a-56a3-812d-936c4fe52f8a,0.33,ethiopia
75aec6f3-978c-5613-85cb-847b71188bd3,7baf236b-f99a-52bc-9e1a-67033cbd91a6,52615504-f74f-57a2-890a-9dbd811604e5,0.34,kenya
1577f66f-3723-526f-83c2-75de7032bbd2,b190592f-736e-5c0a-bd32-c8bcdbc4161d,2b27212d-54bd-5f1a-a2ea-4bba813b0d5c,0.33,colombia
21b545d1-87dc-5d66-848f-adf1b8d44d13,b190592f-736e-5c0a-bd32-c8bcdbc4161d,fa330dc8-9b8a-56a3-812d-936c4fe52f8a,0.33,colombia
13fafd3a-8ab9-5282-a62d-505f0202aaab,b190592f-736e-5c0a-bd32-c8bcdbc4161d,52615504-f74f-57a2-890a-9dbd811604e5,0.34,colombia
09c97e73-72dc-5f60-a621-a5f6bdd9e75f,94beb2df-d692-58ac-9e8a-cb0d4faea16a,2b27212d-54bd-5f1a-a2ea-4bba813b0d5c,0.33,vietnam
c69b31f5-3665-5a81-b753-8d597802b22b,94beb2df-d692-58ac-9e8a-cb0d4faea16a,fa330dc8-9b8a-56a3-812d-936c4fe52f8a,0.33,costa rica
97911f7d-637f-5e43-b9db-7c9f354017ad,94beb2df-d692-58ac-9e8a-cb0d4faea16a,52615504-f74f-57a2-890a-9dbd811604e5,0.34,ethiopia
8674b808-ccea-5682-a48d-72a058ac5e05,ea8bb8f2-9e03-52fa-81a2-60e7054280ef,4b737ffb-8c4f-50d3-9a57-7b4fffa3d8ad,0.2,nigeria
049551aa-0104-5b91-8083-cc702c01e39c,ea8bb8f2-9e03-52fa-81a2-60e7054280ef,cc444326-9f97-52d0-8699-e77ebf4dd61e,0.2,ivory coast
617097da-b5a4-5400-9749-03ff28480252,ea8bb8f2-9e03-52fa-81a2-60e7054280ef,a7ed939b-4caa-5699-a220-f3ea0261fec2,0.2,peru
12a4e51b-99b8-5d24-b435-b3a1ec74937e,ea8bb8f2-9e03-52fa-81a2-60e7054280ef,af6c1922-664b-5fc4-9291-3e7562a3e171,0.2,cameroon
760f5b87-b391-5193-973f-7b52d65d2c1f,ea8bb8f2-9e03-52fa-81a2-60e7054280ef,25a4380b-f6cd-5ec4-a50a-1a10445a39bf,0.2,ecuador
ea6bfd5c-6115-5ceb-9fce-2ec25913b73d,25eec045-4df6-5cf2-a3d6-85f4372cf0b5,4b737ffb-8c4f-50d3-9a57-7b4fffa3d8ad,0.2,ecuador
2bcc3122-b48d-5c61-9f34-fce9459c9c05,25eec045-4df6-5cf2-a3d6-85f4372cf0b5,cc444326-9f97-52d0-8699-e77ebf4dd61e,0.2,ivory coast
45738cbb-1721-5631-a5d7-1f4fee19a8a8,25eec045-4df6-5cf2-a3d6-85f4372cf0b5,a7ed939b-4caa-5699-a220-f3ea0261fec2,0.2,nigeria
60c21295-b0e8-5e2b-aec7-9e4fe021b1b8,25eec045-4df6-5cf2-a3d6-85f4372cf0b5,af6c1922-664b-5fc4-9291-3e7562a3e171,0.2,nigeria
8c1db879-2e5a-5dc5-a360-b4c964cc4ec0,25eec045-4df6-5cf2-a3d6-85f4372cf0b5,25a4380b-f6cd-5ec4-a50a-1a10445a39bf,0.2,cameroon
b536afc7-bbeb-51b7-86c1-e007742b793e,426dc15a-1cf2-51e7-a9d7-7b940e17c96f,4b737ffb-8c4f-50d3-9a57-7b4fffa3d8ad,0.2,cameroon
f1b8c477-6a5c-5616-900b-ad5463ae1dd6,426dc15a-1cf2-51e7-a9d7-7b940e17c96f,cc444326-9f97-52d0-8699-e77ebf4dd61e,0.2,ghana
bf7d82ef-66be-5a2a-8a76-7c663fe5a42f,426dc15a-1cf2-51e7-a9d7-7b940e17c96f,a7ed939b-4caa-5699-a220-f3ea0261fec2,0.2,ivory coast
1b7f06fb-074a-5cb9-bdc7-6d2fde679a37,426dc15a-1cf2-51e7-a9d7-7b940e17c96f,af6c1922-664b-5fc4-9291-3e7562a3e171,0.2,ecuador
6cb69110-8f79-532f-b694-f34a0c7b415c,426dc15a-1cf2-51e7-a9d7-7b940e17c96f,25a4380b-f6cd-5ec4-a50a-1a10445a39bf,0.2,ghana
07f1d8a0-a12d-5a94-ba52-5a393aba0772,d186d304-978c-5a34-b7dd-c43cefd2cabc,4b737ffb-8c4f-50d3-9a57-7b4fffa3d8ad,0.2,nigeria
c51e2068-1272-5d32-a11a-bb8b6bb10dfe,d186d304-978c-5a34-b7dd-c43cefd2cabc,cc444326-9f97-52d0-8699-e77ebf4dd61e,0.2,ghana
dc26f62c-650b-5cb9-98b7-cf55089a4017,d186d304-978c-5a34-b7dd-c43cefd2cabc,a7ed939b-4caa-5699-a220-f3ea0261fec2,0.2,ecuador
47e0c4b4-fe53-5b4b-8852-9182b0494f85,d186d304-978c-5a34-b7dd-c43cefd2cabc,af6c1922-664b-5fc4-9291-3e7562a3e171,0.2,nigeria
ce909586-07c3-5f4f-90d4-27401b578e03,d186d304-978c-5a34-b7dd-c43cefd2cabc,25a4380b-f6cd-5ec4-a50a-1a10445a39bf,0.2,cameroon
13502e22-2ec3-58f7-b212-4af6f5d3bdb1,6959bb72-0bb0-5d80-bc26-d38892544b10,4b737ffb-8c4f-50d3-9a57-7b4fffa3d8ad,0.2,peru
86b48ade-0535-57fb-8fdd-907b2a1c549e,6959bb72-0bb0-5d80-bc26-d38892544b10,cc444326-9f97-52d0-8699-e77ebf4dd61e,0.2,peru
e428f9bf-91af-5b92-9826-7436baa60dbd,6959bb72-0bb0-5d80-bc26-d38892544b10,a7ed939b-4caa-5699-a220-f3ea0261fec2,0.2,cameroon
7255d611-46fb-5114-8f29-0b08f02ed9f5,6959bb72-0bb0-5d80-bc26-d38892544b10,af6c1922-664b-5fc4-9291-3e7562a3e171,0.2,ivory coast
2ede84dc-1416-525d-8719-84ce8efcc115,6959bb72-0bb0-5d80-bc26-d38892544b10,25a4380b-f6cd-5ec4-a50a-1a10445a39bf,0.2,ghana
a8642890-da5b-5ecc-a662-bdea52596ce0,4c80a3bd-fa61-5156-a136-2038c625c5f3,4b737ffb-8c4f-50d3-9a57-7b4fffa3d8ad,0.2,nigeria
9581b523-fabb-5e82-92dd-55d489b7a0f3,4c80a3bd-fa61-5156-a136-2038c625c5f3,cc444326-9f97-52d0-8699-e77ebf4dd61e,0.2,cameroon
dc44aa27-7556-5be4-9827-e2c78939bf3f,4c80a3bd-fa61-5156-a136-2038c625c5f3,a7ed939b-4caa-5699-a220-f3ea0261fec2,0.2,cameroon
46d37b93-2ae9-5024-9c3b-0a5258468204,4c80a3bd-fa61-5156-a136-2038c625c5f3,af6c1922-664b-5fc4-9291-3e7562a3e171,0.2,ivory coast
8d7062fa-f069-5ef5-b046-d363f6663778,4c80a3bd-fa61-5156-a136-2038c625c5f3,25a4380b-f6cd-5ec4-a50a-1a10445a39bf,0.2,ghana
3db04607-0221-5576-80c8-ba88ce5a8e26,40899539-5677-5b43-a9f1-2c2a323d299b,f865f0b1-dd43-5d07-a751-70925e2293d3,0.2,malawi
fb88a7d2-c0af-52dc-96f8-a4d44323875d,40899539-5677-5b43-a9f1-2c2a323d299b,c2b2d4aa-0513-5028-ae28-7f9e3cc31f9e,0.2,sri lanka
86f82d4d-89d3-57b7-8cd4-c422f4bcf6f4,40899539-5677-5b43-a9f1-2c2a323d299b,f212dc62-0dc0-5215-b73d-9b29814dd03f,0.2,malawi
cc951a44-40ae-5e92-b68c-fbfa2e99d6a2,40899539-5677-5b43-a9f1-2c2a323d299b,d9e879b2-1194-56de-a698-32f3c04c691c,0.2,indonesia
0b00542b-8826-5b3c-9b23-f05b6b525d15,40899539-5677-5b43-a9f1-2c2a323d299b,72a5dfaf-ce88-5ac5-b3fa-a5abe0f9642c,0.2,india
17ccdf6a-d329-55e9-aedf-daf4f703eea7,fbc0933d-8b57-59b1-ace4-37c603f3522f,f865f0b1-dd43-5d07-a751-70925e2293d3,0.2,indonesia
a41b2059-b12a-54db-a84e-ffd709424e69,fbc0933d-8b57-59b1-ace4-37c603f3522f,c2b2d4aa-0513-5028-ae28-7f9e3cc31f9e,0.2,india
0a4bb0b3-ce5f-5481-a0aa-9f4a56264164,fbc0933d-8b57-59b1-ace4-37c603f3522f,f212dc62-0dc0-5215-b73d-9b29814dd03f,0.2,sri lanka
777544a1-c9b8-56e9-a510-e1b5a56152fb,fbc0933d-8b57-59b1-ace4-37c603f3522f,d9e879b2-1194-56de-a698-32f3c04c691c,0.2,indonesia
5560396c-a0c9-566e-b182-373fc4538ad9,fbc0933d-8b57-59b1-ace4-37c603f3522f,72a5dfaf-ce88-5ac5-b3fa-a5abe0f9642c,0.2,china
23659e66-f9a5-55ab-b373-f572f16d4c48,fee3dddd-771b-5c79-9808-0e1a9147abeb,f865f0b1-dd43-5d07-a751-70925e2293d3,0.2,malawi
ef3272c0-3ff8-5356-8b61-38d780b1860a,fee3dddd-771b-5c79-9808-0e1a9147abeb,c2b2d4aa-0513-5028-ae28-7f9e3cc31f9e,0.2,sri lanka
50dfcdb1-54c8-5426-8b23-f11d846ed290,fee3dddd-771b-5c79-9808-0e1a9147abeb,f212dc62-0dc0-5215-b73d-9b29814dd03f,0.2,india
c2eb0932-c979-5263-a91d-0ed03c6adc25,fee3dddd-771b-5c79-9808-0e1a9147abeb,d9e879b2-1194-56de-a698-32f3c04c691c,0.2,indonesia
1497ba37-a0e6-59cb-a1ab-8cab57c2d423,fee3dddd-771b-5c79-9808-0e1a9147abeb,72a5dfaf-ce88-5ac5-b3fa-a5abe0f9642c,0.2,malawi
a7c72772-c05d-5eff-82d9-b07a067afa7e,0581b18e-ce79-5bc3-9abd-caf6806ca89c,2d73e143-ddea-5530-8774-3f4ce31b6c54,0.2,south africa
26e08440-7040-5db8-aa5c-7d275d13209e,0581b18e-ce79-5bc3-9abd-caf6806ca89c,07c9314c-b5e9-57e0-bab4-08fe3609ac80,0.2,brazil
9f9eac51-60cc-5469-8e37-0780b5ce947d,0581b18e-ce79-5bc3-9abd-caf6806ca89c,034ea2a9-dc8a-55e3-bbc6-1b98f9500b7b,0.2,united states
99de4077-faa0-53f5-8131-33d707d4aae5,0581b18e-ce79-5bc3-9abd-caf6806ca89c,52615504-f74f-57a2-890a-9dbd811604e5,0.2,united states
5053b7da-fcb4-5662-896c-e6eb9393fe99,0581b18e-ce79-5bc3-9abd-caf6806ca89c,cbc4c55d-d452-5886-9065-a6e47390ad22,0.2,brazil
f46bfa17-960e-5be4-b43e-fe2fade3a14d,4aebbd32-f0e9-5b7a-ab9b-c8c64ff1e561,2d73e143-ddea-5530-8774-3f4ce31b6c54,0.2,united states
5241cf6d-8a5b-5cea-8d99-2fcd59054bae,4aebbd32-f0e9-5b7a-ab9b-c8c64ff1e561,07c9314c-b5e9-57e0-bab4-08fe3609ac80,0.2,south africa
a402aa2f-d580-5ef9-a3da-b7e7db6d281f,4aebbd32-f0e9-5b7a-ab9b-c8c64ff1e561,034ea2a9-dc8a-55e3-bbc6-1b98f9500b7b,0.2,mexico
e6039c5a-9682-53a4-82fc-d3e6fbfeaee1,4aebbd32-f0e9-5b7a-ab9b-c8c64ff1e561,52615504-f74f-57a2-890a-9dbd811604e5,0.2,united states
ef002946-06e4-522a-b1f5-0ad1defcd09a,4aebbd32-f0e9-5b7a-ab9b-c8c64ff1e561,cbc4c55d-d452-5886-9065-a6e47390ad22,0.2,mexico
2a3bcb3a-d780-5a9a-9532-b5ada8560bc6,db3696e1-0961-5cc4-bb4f-df7ed1e8d990,2d73e143-ddea-5530-8774-3f4ce31b6c54,0.2,spain
f4c5dfd7-17dc-5be9-adec-d6e8e435687a,db3696e1-0961-5cc4-bb4f-df7ed1e8d990,07c9314c-b5e9-57e0-bab4-08fe3609ac80,0.2,united states
577f6629-ef9d-5e3e-9a75-af6f8684b6e3,db3696e1-0961-5cc4-bb4f-df7ed1e8d990,034ea2a9-dc8a-55e3-bbc6-1b98f9500b7b,0.2,spain
9555ddb3-a4f5-5a13-aa01-b83469b8f9ce,db3696e1-0961-5cc4-bb4f-df7ed1e8d990,52615504-f74f-57a2-890a-9dbd811604e5,0.2,mexico
80eecf19-ed73-5501-b97f-88f483a6e948,db3696e1-0961-5cc4-bb4f-df7ed1e8d990,cbc4c55d-d452-5886-9065-a6e47390ad22,0.2,argentina
5e04df4f-9407-56a0-aff2-cd8d0791ea05,6b6213c4-72e8-5180-9421-31ff0d6cfdac,2d73e143-ddea-5530-8774-3f4ce31b6c54,0.2,mexico
c0345628-0964-5643-898e-96d760054355,6b6213c4-72e8-5180-9421-31ff0d6cfdac,07c9314c-b5e9-57e0-bab4-08fe3609ac80,0.2,south africa
67486c6b-cd32-530b-b4c2-e7a930fe5032,6b6213c4-72e8-5180-9421-31ff0d6cfdac,034ea2a9-dc8a-55e3-bbc6-1b98f9500b7b,0.2,argentina
1b3d0cb5-10f1-5f5a-a464-7c3a61592983,6b6213c4-72e8-5180-9421-31ff0d6cfdac,52615504-f74f-57a2-890a-9dbd811604e5,0.2,argentina
b47be5b6-d5d2-5ebe-9dd1-68e570b2887b,6b6213c4-72e8-5180-9421-31ff0d6cfdac,cbc4c55d-d452-5886-9065-a6e47390ad22,0.2,united states
46e038fc-19a5-582d-a93e-32bd17a48a20,8567653d-7e9b-5f09-aaae-5a926dd05c7f,f5f28084-80ba-513d-9f36-cfde3b81361b,0.25,thailand
a815b31c-af64-5aba-a602-86af97bbedb7,8567653d-7e9b-5f09-aaae-5a926dd05c7f,52615504-f74f-57a2-890a-9dbd811604e5,0.25,thailand
6d315f5e-4dee-553c-8b01-865e280f5ab2,8567653d-7e9b-5f09-aaae-5a926dd05c7f,7a1cea88-1f00-5ddd-aa46-2b0d47c0ab01,0.25,france
a7404958-fb85-595d-96c2-10f0e6a0aa8e,8567653d-7e9b-5f09-aaae-5a926dd05c7f,088a84f7-aefd-5b23-8a03-c00957bdc570,0.25,india
376f909d-5472-517e-ae37-a8dc40417b48,e147fa49-0efb-53ce-a338-223794156337,f5f28084-80ba-513d-9f36-cfde3b81361b,0.25,canada
27161694-1590-5e4d-8050-228c52e296dc,e147fa49-0efb-53ce-a338-223794156337,52615504-f74f-57a2-890a-9dbd811604e5,0.25,canada
bb4f86e8-9f6c-55f3-a4e7-89501fcfdcdd,e147fa49-0efb-53ce-a338-223794156337,7a1cea88-1f00-5ddd-aa46-2b0d47c0ab01,0.25,united states
e2e70ea1-5bc1-5244-9778-77760c4736d2,e147fa49-0efb-53ce-a338-223794156337,088a84f7-aefd-5b23-8a03-c00957bdc570,0.25,italy
b37ef7c8-0eef-5f35-b3e9-0f787b3e6b93,47240515-76ae-5ff0-a692-1f545459ed40,f5f28084-80ba-513d-9f36-cfde3b81361b,0.25,canada
876cf8ad-cd26-5836-a355-b6a7637ef245,47240515-76ae-5ff0-a692-1f545459ed40,52615504-f74f-57a2-890a-9dbd811604e5,0.25,thailand
eb9138ef-d56f-5421-87cc-ebcbd0d88a50,47240515-76ae-5ff0-a692-1f545459ed40,7a1cea88-1f00-5ddd-aa46-2b0d47c0ab01,0.25,united states
067faed8-23ff-516d-90e8-b0711888e34d,47240515-76ae-5ff0-a692-1f545459ed40,088a84f7-aefd-5b23-8a03-c00957bdc570,0.25,thailand
a9bc6405-1091-5089-b218-53326ab330d5,b68b046c-2e66-5d5b-b238-6d5b134f00d7,f5f28084-80ba-513d-9f36-cfde3b81361b,0.25,india
cc092411-b026-5138-9342-d8fc4df26f04,b68b046c-2e66-5d5b-b238-6d5b134f00d7,52615504-f74f-57a2-890a-9dbd811604e5,0.25,india
9afc6606-5aec-575f-bd39-02c0f9dd8574,b68b046c-2e66-5d5b-b238-6d5b134f00d7,7a1cea88-1f00-5ddd-aa46-2b0d47c0ab01,0.25,france
4af25766-e634-5784-9647-64397b837cbc,b68b046c-2e66-5d5b-b238-6d5b134f00d7,088a84f7-aefd-5b23-8a03-c00957bdc570,0.25,thailand
14f1ef5a-b888-51b3-8538-c66b10a0a09d,be046c34-d3ad-51e3-b7f9-c014c5c055e7,f5f28084-80ba-513d-9f36-cfde3b81361b,0.25,canada
c13cf2da-bdfa-5e1e-9ebc-c54707c9ed93,be046c34-d3ad-51e3-b7f9-c014c5c055e7,52615504-f74f-57a2-890a-9dbd811604e5,0.25,italy
eb8dd333-bbea-58b1-a557-9ce7932747b2,be046c34-d3ad-51e3-b7f9-c014c5c055e7,7a1cea88-1f00-5ddd-aa46-2b0d47c0ab01,0.25,thailand
61040af2-e31a-5380-a089-5f122579dac2,be046c34-d3ad-51e3-b7f9-c014c5c055e7,088a84f7-aefd-5b23-8a03-c00957bdc570,0.25,canada
8c6e9f1c-1b42-5bd1-9a64-c983a56b83c4,3f341112-29a0-5294-a573-dbfd02d38c78,f5f28084-80ba-513d-9f36-cfde3b81361b,0.25,united states
aee80464-7b4f-5ed9-ac90-cf60702a098d,3f341112-29a0-5294-a573-dbfd02d38c78,52615504-f74f-57a2-890a-9dbd811604e5,0.25,thailand
b8469e14-2cf4-5d80-ae43-7906fcea5082,3f341112-29a0-5294-a573-dbfd02d38c78,7a1cea88-1f00-5ddd-aa46-2b0d47c0ab01,0.25,united states
6b3df86f-b7aa-597c-af71-780445754780,3f341112-29a0-5294-a573-dbfd02d38c78,088a84f7-aefd-5b23-8a03-c00957bdc570,0.25,canada
108172aa-0e2b-5977-9e44-a3b058d5aad2,2e829805-0fa2-57f8-bba7-b0d818f07e3f,f5f28084-80ba-513d-9f36-cfde3b81361b,0.25,canada
51d213fd-5dfb-5b12-b990-e4d3cdda8bff,2e829805-0fa2-57f8-bba7-b0d818f07e3f,52615504-f74f-57a2-890a-9dbd811604e5,0.25,canada
8e3e7b52-98b8-5028-bcfc-0e85fdcf06a2,2e829805-0fa2-57f8-bba7-b0d818f07e3f,7a1cea88-1f00-5ddd-aa46-2b0d47c0ab01,0.25,canada
cc0ded79-fc5a-54e6-8843-da1d8666d782,2e829805-0fa2-57f8-bba7-b0d818f07e3f,088a84f7-aefd-5b23-8a03-c00957bdc570,0.25,india
30d3ffce-1e13-5234-88f8-a47db9346a05,656f509d-125b-5828-b75e-71084a11d23b,f5f28084-80ba-513d-9f36-cfde3b81361b,0.25,france
4275340d-eb7f-5c01-bc73-5ed5f90f2fd4,656f509d-125b-5828-b75e-71084a11d23b,52615504-f74f-57a2-890a-9dbd811604e5,0.25,canada
8536ce15-bb2b-5993-a0e4-1a26803f1ee2,656f509d-125b-5828-b75e-71084a11d23b,7a1cea88-1f00-5ddd-aa46-2b0d47c0ab01,0.25,india
0f32fdc6-39b5-5efa-8218-b3a9beabae4d,656f509d-125b-5828-b75e-71084a11d23b,088a84f7-aefd-5b23-8a03-c00957bdc570,0.25,italy
83c5aa46-649e-5b71-acb2-3d110dce0380,b17fb416-7985-556b-93a4-624e3bd5fe22,f5f28084-80ba-513d-9f36-cfde3b81361b,0.25,india
8ad15634-1e7e-574b-9431-f7615711f5cc,b17fb416-7985-556b-93a4-624e3bd5fe22,52615504-f74f-57a2-890a-9dbd811604e5,0.25,united states
102bc197-8533-5a3e-8dd2-e478a2f966cc,b17fb416-7985-556b-93a4-624e3bd5fe22,7a1cea88-1f00-5ddd-aa46-2b0d47c0ab01,0.25,italy
cf594788-f763-59cc-a014-5e70b4eedb22,b17fb416-7985-556b-93a4-624e3bd5fe22,088a84f7-aefd-5b23-8a03-c00957bdc570,0.25,united states
d06f8c4f-3d0c-5ae3-8561-5b397204d3d7,b22cc153-8dd1-5851-8560-ef5821043cc3,f5f28084-80ba-513d-9f36-cfde3b81361b,0.25,france
40f38826-9231-5c16-af39-784f86d7b38f,b22cc153-8dd1-5851-8560-ef5821043cc3,52615504-f74f-57a2-890a-9dbd811604e5,0.25,thailand
da12e396-2a98-5946-933b-d9719acc8e39,b22cc153-8dd1-5851-8560-ef5821043cc3,7a1cea88-1f00-5ddd-aa46-2b0d47c0ab01,0.25,thailand
84befd47-1998-525f-aa9c-7e9242431840,b22cc153-8dd1-5851-8560-ef5821043cc3,088a84f7-aefd-5b23-8a03-c00957bdc570,0.25,india
4be6976c-bc3a-50c0-8b5a-789237cf9995,03b513b6-181e-5e4c-9244-051a9cf1a647,af3e89e6-d37d-54b1-98ef-e7e2173fb36c,0.2,united states
3128339d-2149-57bd-94ec-18cc53d374fd,03b513b6-181e-5e4c-9244-051a9cf1a647,bbe6205b-7591-5fa9-8e24-999c696cfebb,0.2,australia
9c5134b8-a1f7-5936-a762-3d561187bcfe,03b513b6-181e-5e4c-9244-051a9cf1a647,a7ed939b-4caa-5699-a220-f3ea0261fec2,0.2,canada
80354ba7-9222-5709-8a6f-83292a95ac0c,03b513b6-181e-5e4c-9244-051a9cf1a647,088a84f7-aefd-5b23-8a03-c00957bdc570,0.2,australia
5df3f5b0-743e-5bb8-8326-3e7b8f3f42cc,03b513b6-181e-5e4c-9244-051a9cf1a647,34ac7862-3bf1-539b-b296-0c333e800f19,0.2,australia
f30f2837-ed98-5f58-bec0-3f7c7b5ba3ea,e80db4a4-151f-5928-8454-bde22490b069,af3e89e6-d37d-54b1-98ef-e7e2173fb36c,0.2,canada
be5132a6-412f-5d04-b477-07d01ab8e21d,e80db4a4-151f-5928-8454-bde22490b069,bbe6205b-7591-5fa9-8e24-999c696cfebb,0.2,canada
c5814703-aa8a-56a5-82c2-236560207508,e80db4a4-151f-5928-8454-bde22490b069,a7ed939b-4caa-5699-a220-f3ea0261fec2,0.2,united kingdom
77a3f827-5f66-5f75-97a2-785010ddb10d,e80db4a4-151f-5928-8454-bde22490b069,088a84f7-aefd-5b23-8a03-c00957bdc570,0.2,united kingdom
09b43c5d-b6f9-5db3-a416-9ada8d91a99d,e80db4a4-151f-5928-8454-bde22490b069,34ac7862-3bf1-539b-b296-0c333e800f19,0.2,germany
0f73838f-0322-58cc-b2e3-1c548d8a8a5e,0d23c701-f2b2-5376-9807-84a55f974499,af3e89e6-d37d-54b1-98ef-e7e2173fb36c,0.2,united states
a0a36f11-112d-5372-a8cc-af59e9884f53,0d23c701-f2b2-5376-9807-84a55f974499,bbe6205b-7591-5fa9-8e24-999c696cfebb,0.2,canada
a2f4997a-0ab6-56c0-95b6-c55a782f6671,0d23c701-f2b2-5376-9807-84a55f974499,a7ed939b-4caa-5699-a220-f3ea0261fec2,0.2,australia
9d639a46-68c4-5d08-a603-723be10e50a7,0d23c701-f2b2-5376-9807-84a55f974499,088a84f7-aefd-5b23-8a03-c00957bdc570,0.2,united states
b624442a-61d4-5480-acbc-82c9bc02dc9a,0d23c701-f2b2-5376-9807-84a55f974499,34ac7862-3bf1-539b-b296-0c333e800f19,0.2,germany
2b8400fb-bc6d-528f-adf0-8371ef7ba31e,5406a454-a761-50b9-8daf-ccbe07719c1b,af3e89e6-d37d-54b1-98ef-e7e2173fb36c,0.2,australia
432b57a3-40c9-5343-88ac-512155db57f9,5406a454-a761-50b9-8daf-ccbe07719c1b,bbe6205b-7591-5fa9-8e24-999c696cfebb,0.2,france
45d68bc6-247c-563e-85c5-35da8a3a0138,5406a454-a761-50b9-8daf-ccbe07719c1b,a7ed939b-4caa-5699-a220-f3ea0261fec2,0.2,germany
49be016f-0b00-5406-b008-1ee6b0aa6d6f,5406a454-a761-50b9-8daf-ccbe07719c1b,088a84f7-aefd-5b23-8a03-c00957bdc570,0.2,canada
00f288d8-669e-55f0-ad1d-66b464328d60,5406a454-a761-50b9-8daf-ccbe07719c1b,34ac7862-3bf1-539b-b296-0c333e800f19,0.2,france
fb715a25-3362-5980-93c6-7a926be30c32,fd623195-7a13-5d74-86f1-f13941a88c95,af3e89e6-d37d-54b1-98ef-e7e2173fb36c,0.2,france
8c43711c-8655-5d80-97ae-d873f0978347,fd623195-7a13-5d74-86f1-f13941a88c95,bbe6205b-7591-5fa9-8e24-999c696cfebb,0.2,germany
e73d4656-a32b-56a4-bbb1-c2a5a827845a,fd623195-7a13-5d74-86f1-f13941a88c95,a7ed939b-4caa-5699-a220-f3ea0261fec2,0.2,canada
35171445-c715-53f4-a225-ba446cf5cccc,fd623195-7a13-5d74-86f1-f13941a88c95,088a84f7-aefd-5b23-8a03-c00957bdc570,0.2,australia
4bf7860f-0d15-5716-aa77-271d6d15ceb8,fd623195-7a13-5d74-86f1-f13941a88c95,34ac7862-3bf1-539b-b296-0c333e800f19,0.2,france
adb68a33-3f2d-5ebb-891d-cb3880312692,a7857eab-9d46-58c6-b0e3-d6a75e61c8c8,63ee40d6-9ffe-5736-8c2f-d7119e6f6136,0.2,ireland
fee384d7-15a2-547b-b870-2740775ed906,a7857eab-9d46-58c6-b0e3-d6a75e61c8c8,70d86dac-acec-5418-acb5-083e4adebf73,0.2,ireland
feeb248c-2bbc-578d-bcd6-8e9a8f35cc40,a7857eab-9d46-58c6-b0e3-d6a75e61c8c8,088a84f7-aefd-5b23-8a03-c00957bdc570,0.2,denmark
dea36e34-7ce3-559e-a4a9-7a11d3d914c5,a7857eab-9d46-58c6-b0e3-d6a75e61c8c8,ea3b244c-c020-57e7-a4ec-d153d3056d1d,0.2,germany
599ef35a-5a83-56bf-b3b9-7728cb63dec3,a7857eab-9d46-58c6-b0e3-d6a75e61c8c8,33362b48-97e9-5aca-967a-2dcbcd77a5d7,0.2,ireland
11bb2f16-f295-5a23-8c26-879a15bc1615,29db674b-944f-57be-af22-f6f8b6ec8e70,63ee40d6-9ffe-5736-8c2f-d7119e6f6136,0.2,ireland
6f09db8f-4b7c-5a59-be03-369acf113bb1,29db674b-944f-57be-af22-f6f8b6ec8e70,70d86dac-acec-5418-acb5-083e4adebf73,0.2,ireland
5f15c05d-f1dd-50b2-b0a9-b93fe114900b,29db674b-944f-57be-af22-f6f8b6ec8e70,088a84f7-aefd-5b23-8a03-c00957bdc570,0.2,france
7cefbc81-25b5-5a4f-815b-9ec99cff629f,29db674b-944f-57be-af22-f6f8b6ec8e70,ea3b244c-c020-57e7-a4ec-d153d3056d1d,0.2,united kingdom
6f97c527-8080-5fbf-b811-598977fb7af3,29db674b-944f-57be-af22-f6f8b6ec8e70,33362b48-97e9-5aca-967a-2dcbcd77a5d7,0.2,denmark
d9b7d149-649b-5234-b5e7-d57ccff0e2ef,9437b8b9-4a85-59a2-8da2-d1065f2ce4ca,63ee40d6-9ffe-5736-8c2f-d7119e6f6136,0.2,france
71acb2a7-e546-515c-9fd8-138ee347281f,9437b8b9-4a85-59a2-8da2-d1065f2ce4ca,70d86dac-acec-5418-acb5-083e4adebf73,0.2,ireland
d4af832b-d4c5-5c6e-99e4-377c65792775,9437b8b9-4a85-59a2-8da2-d1065f2ce4ca,088a84f7-aefd-5b23-8a03-c00957bdc570,0.2,united kingdom
ae78d7d1-2990-5fb0-b0a3-29bdf95dfe5b,9437b8b9-4a85-59a2-8da2-d1065f2ce4ca,ea3b244c-c020-57e7-a4ec-d153d3056d1d,0.2,denmark
f09c671b-5f7b-5428-b281-24f9c9d4c08c,9437b8b9-4a85-59a2-8da2-d1065f2ce4ca,33362b48-97e9-5aca-967a-2dcbcd77a5d7,0.2,netherlands
e1a29d1b-7ade-592c-aff7-070fbbbfd6c4,6f79d750-375a-5390-abe2-10d806b13c5d,63ee40d6-9ffe-5736-8c2f-d7119e6f6136,0.2,denmark
11ef1f55-6e96-56bd-b7f1-32cc19553ee9,6f79d750-375a-5390-abe2-10d806b13c5d,70d86dac-acec-5418-acb5-083e4adebf73,0.2,france
4c196c11-4059-5df8-b4b3-ea827900ce9c,6f79d750-375a-5390-abe2-10d806b13c5d,088a84f7-aefd-5b23-8a03-c00957bdc570,0.2,france
084d9c7e-c0bb-5bbb-a28b-c9b963c8a6ea,6f79d750-375a-5390-abe2-10d806b13c5d,ea3b244c-c020-57e7-a4ec-d153d3056d1d,0.2,france
951171df-bc66-528d-aacf-5f9796f73d0d,6f79d750-375a-5390-abe2-10d806b13c5d,33362b48-97e9-5aca-967a-2dcbcd77a5d7,0.2,denmark
8effa771-9de4-50be-95bf-f5fc0417030a,0cbcc2d1-979c-5e7a-88a1-858a7bea5c17,ddbe3ee4-e121-5049-a466-5f7d7dde30d3,0.2,thailand
b4f64886-2a3d-5b01-9435-69f67adcdd58,0cbcc2d1-979c-5e7a-88a1-858a7bea5c17,845c4c1d-0f39-5046-8443-5cbb4e7b7025,0.2,scotland
cd6f45ad-76c9-5408-b177-ea5b896a7472,0cbcc2d1-979c-5e7a-88a1-858a7bea5c17,7e1b9efb-b8f2-5365-adbc-d2cab5d22bb0,0.2,peru
17125660-2e5a-5fca-a9cc-31f16cb5134a,0cbcc2d1-979c-5e7a-88a1-858a7bea5c17,a8c5c84a-2d77-5ca8-a10a-744d54757555,0.2,vietnam
e304dac5-eb94-562a-a6fe-030baf3bc957,0cbcc2d1-979c-5e7a-88a1-858a7bea5c17,088a84f7-aefd-5b23-8a03-c00957bdc570,0.2,vietnam
767d29e6-4b46-530e-8830-3527b62b0c61,577541a5-d78d-5379-b8e4-09aee3a5181c,ddbe3ee4-e121-5049-a466-5f7d7dde30d3,0.2,vietnam
aab2454f-e69b-523f-9fe3-316f31ff4ecb,577541a5-d78d-5379-b8e4-09aee3a5181c,845c4c1d-0f39-5046-8443-5cbb4e7b7025,0.2,scotland
e9c85a27-dd66-577b-8cbf-f7548825babf,577541a5-d78d-5379-b8e4-09aee3a5181c,7e1b9efb-b8f2-5365-adbc-d2cab5d22bb0,0.2,norway
e9a849f8-c82e-5bc0-a789-3a9047f3fbe2,577541a5-d78d-5379-b8e4-09aee3a5181c,a8c5c84a-2d77-5ca8-a10a-744d54757555,0.2,iceland
b49a0649-abf3-5df9-b4a4-a91dd6e47dd3,577541a5-d78d-5379-b8e4-09aee3a5181c,088a84f7-aefd-5b23-8a03-c00957bdc570,0.2,scotland
6c4fa077-7a49-595f-a506-ede00b3cb9b0,9152c7ac-0fe5-5818-8005-55f4539f702e,ddbe3ee4-e121-5049-a466-5f7d7dde30d3,0.2,iceland
2df5ad61-1b87-5af7-b184-7bd8dc6d855e,9152c7ac-0fe5-5818-8005-55f4539f702e,845c4c1d-0f39-5046-8443-5cbb4e7b7025,0.2,scotland
ed4efcd6-607e-5dfb-bba5-5d91a8c51920,9152c7ac-0fe5-5818-8005-55f4539f702e,7e1b9efb-b8f2-5365-adbc-d2cab5d22bb0,0.2,iceland
f9ae10a1-264e-5283-adda-37c3769501f8,9152c7ac-0fe5-5818-8005-55f4539f702e,a8c5c84a-2d77-5ca8-a10a-744d54757555,0.2,scotland
6576ef29-171a-51bd-b80a-995e4c81e5f3,9152c7ac-0fe5-5818-8005-55f4539f702e,088a84f7-aefd-5b23-8a03-c00957bdc570,0.2,norway
f6b01238-647f-5142-b4c2-3d532e0bc669,31ceb176-5b65-59e4-849d-c3112a6faeb2,ddbe3ee4-e121-5049-a466-5f7d7dde30d3,0.2,peru
a5b5f629-c318-5991-b8c4-0ead31dba942,31ceb176-5b65-59e4-849d-c3112a6faeb2,845c4c1d-0f39-5046-8443-5cbb4e7b7025,0.2,vietnam
54a59d47-7af7-5ea8-a318-79aff212c562,31ceb176-5b65-59e4-849d-c3112a6faeb2,7e1b9efb-b8f2-5365-adbc-d2cab5d22bb0,0.2,iceland
bb766835-d0c3-57d5-ac74-e38472fef3d7,31ceb176-5b65-59e4-849d-c3112a6faeb2,a8c5c84a-2d77-5ca8-a10a-744d54757555,0.2,scotland
efc711ee-112e-5e23-b676-7cc1b987f25f,31ceb176-5b65-59e4-849d-c3112a6faeb2,088a84f7-aefd-5b23-8a03-c00957bdc570,0.2,norway
e069fa53-b932-588c-8bc8-ee0c389c5fd9,4dbe7a09-8b06-551b-a6b5-51bf5faa225b,ddbe3ee4-e121-5049-a466-5f7d7dde30d3,0.2,norway
a89803ce-bcaa-5a9d-8968-81c79fe5acb7,4dbe7a09-8b06-551b-a6b5-51bf5faa225b,845c4c1d-0f39-5046-8443-5cbb4e7b7025,0.2,vietnam
8a50141b-0685-5e36-bd12-2e96e3576d4b,4dbe7a09-8b06-551b-a6b5-51bf5faa225b,7e1b9efb-b8f2-5365-adbc-d2cab5d22bb0,0.2,scotland
978cead6-b716-5cbb-9ff3-75dab688f848,4dbe7a09-8b06-551b-a6b5-51bf5faa225b,a8c5c84a-2d77-5ca8-a10a-744d54757555,0.2,peru
d4ac331c-e467-519c-a0df-8f588b41e56c,4dbe7a09-8b06-551b-a6b5-51bf5faa225b,088a84f7-aefd-5b23-8a03-c00957bdc570,0.2,iceland
72c19288-8a68-5a34-9cd5-77e28752d334,35b5d23e-debd-50d0-9da5-8f4f252afb07,ddbe3ee4-e121-5049-a466-5f7d7dde30d3,0.2,peru
a843a692-ee0a-5c91-84a8-cdf9e3fbe028,35b5d23e-debd-50d0-9da5-8f4f252afb07,845c4c1d-0f39-5046-8443-5cbb4e7b7025,0.2,thailand
910de17e-9169-5c66-bed0-ced5135731ad,35b5d23e-debd-50d0-9da5-8f4f252afb07,7e1b9efb-b8f2-5365-adbc-d2cab5d22bb0,0.2,norway
416b3edb-0c52-545a-95d8-f77e64fa937a,35b5d23e-debd-50d0-9da5-8f4f252afb07,a8c5c84a-2d77-5ca8-a10a-744d54757555,0.2,norway
04415c4b-94c9-574d-8e24-924ef72ece9c,35b5d23e-debd-50d0-9da5-8f4f252afb07,088a84f7-aefd-5b23-8a03-c00957bdc570,0.2,vietnam
2f283c33-9cc6-53d6-a485-7010c8bf79bd,02f92b2c-8956-525c-bd6e-1c50f67c215f,ddbe3ee4-e121-5049-a466-5f7d7dde30d3,0.2,scotland
95ba849e-2a48-57ee-9b31-3dbfe6981ed0,02f92b2c-8956-525c-bd6e-1c50f67c215f,845c4c1d-0f39-5046-8443-5cbb4e7b7025,0.2,thailand
23bc90c7-568c-50eb-a374-105c6f6a0e3e,02f92b2c-8956-525c-bd6e-1c50f67c215f,7e1b9efb-b8f2-5365-adbc-d2cab5d22bb0,0.2,thailand
d302f740-4730-5a21-b743-a6b026166823,02f92b2c-8956-525c-bd6e-1c50f67c215f,a8c5c84a-2d77-5ca8-a10a-744d54757555,0.2,thailand
a3c1c5a6-b68f-5aa4-907b-085beb2cbe73,02f92b2c-8956-525c-bd6e-1c50f67c215f,088a84f7-aefd-5b23-8a03-c00957bdc570,0.2,scotland
c0e5b1f3-d90b-5cc7-8bf8-3f46b0854e38,f601afe5-6ca8-56ee-90fd-051543b96fb1,ddbe3ee4-e121-5049-a466-5f7d7dde30d3,0.2,iceland
7810f3ef-6549-5796-bd0a-f4033f4f501d,f601afe5-6ca8-56ee-90fd-051543b96fb1,845c4c1d-0f39-5046-8443-5cbb4e7b7025,0.2,norway
bf6d9bf1-5563-5a60-a1c2-24fd5ffbdfee,f601afe5-6ca8-56ee-90fd-051543b96fb1,7e1b9efb-b8f2-5365-adbc-d2cab5d22bb0,0.2,scotland
b410e215-6c40-5c43-b307-2f2b55be4a05,f601afe5-6ca8-56ee-90fd-051543b96fb1,a8c5c84a-2d77-5ca8-a10a-744d54757555,0.2,thailand
6cba2a11-c9ab-55c1-b352-98270a29252b,f601afe5-6ca8-56ee-90fd-051543b96fb1,088a84f7-aefd-5b23-8a03-c00957bdc570,0.2,norway
ecb5ac5b-1208-5eba-8bfe-d14826012a9b,fb1ab256-4435-5df1-9cb1-eb9d4f864c2b,ddbe3ee4-e121-5049-a466-5f7d7dde30d3,0.2,norway
54a26128-da8b-5d47-bb3d-af806b0b99b4,fb1ab256-4435-5df1-9cb1-eb9d4f864c2b,845c4c1d-0f39-5046-8443-5cbb4e7b7025,0.2,thailand
56f55fb8-2363-5ffc-917f-6226227a75f2,fb1ab256-4435-5df1-9cb1-eb9d4f864c2b,7e1b9efb-b8f2-5365-adbc-d2cab5d22bb0,0.2,thailand
d2ee229c-26c5-56a0-a390-bbf59c5d07bd,fb1ab256-4435-5df1-9cb1-eb9d4f864c2b,a8c5c84a-2d77-5ca8-a10a-744d54757555,0.2,norway
1a2e73a3-b7bf-51e4-8cc7-43533380d004,fb1ab256-4435-5df1-9cb1-eb9d4f864c2b,088a84f7-aefd-5b23-8a03-c00957bdc570,0.2,vietnam
b6f6349f-a41c-5bfb-a44d-aa03df07b34a,145e1278-84e0-528d-81ba-6b6ca1f21af4,ddbe3ee4-e121-5049-a466-5f7d7dde30d3,0.2,peru
c722744f-117a-587c-86d2-fc7790d5490a,145e1278-84e0-528d-81ba-6b6ca1f21af4,845c4c1d-0f39-5046-8443-5cbb4e7b7025,0.2,peru
3648e3b1-bd8f-5e8c-ba16-66a4a2194f86,145e1278-84e0-528d-81ba-6b6ca1f21af4,7e1b9efb-b8f2-5365-adbc-d2cab5d22bb0,0.2,norway
19a49b70-03e0-5758-88d4-2a50218469f6,145e1278-84e0-528d-81ba-6b6ca1f21af4,a8c5c84a-2d77-5ca8-a10a-744d54757555,0.2,iceland
9fa9ae12-0eae-5bfa-8de5-5f4a5d15ac56,145e1278-84e0-528d-81ba-6b6ca1f21af4,088a84f7-aefd-5b23-8a03-c00957bdc570,0.2,iceland
3c272643-3c6b-51ac-8f6d-e1cf2b024f7d,dc4050d5-8f94-5a01-8016-4692ae68f4a5,ddbe3ee4-e121-5049-a466-5f7d7dde30d3,0.2,vietnam
7216a2cf-df2e-5ec0-89b0-3126f9676ff7,dc4050d5-8f94-5a01-8016-4692ae68f4a5,845c4c1d-0f39-5046-8443-5cbb4e7b7025,0.2,scotland
69573113-745f-5ebc-8825-c10d45c5807a,dc4050d5-8f94-5a01-8016-4692ae68f4a5,7e1b9efb-b8f2-5365-adbc-d2cab5d22bb0,0.2,norway
665d3707-2705-5223-a8a8-5067278859a9,dc4050d5-8f94-5a01-8016-4692ae68f4a5,a8c5c84a-2d77-5ca8-a10a-744d54757555,0.2,iceland
b60de825-71d3-5f1d-87cf-7d7c159014c0,dc4050d5-8f94-5a01-8016-4692ae68f4a5,088a84f7-aefd-5b23-8a03-c00957bdc570,0.2,norway
fc795caf-acb4-5df3-854c-1eaa08ef5a7a,0d3c7431-2f46-53ec-8606-518beffc86e9,be987686-3519-52c6-8754-55c1548f30cc,0.25,turkey
202cabdb-582e-536c-b6f2-1aaf7e4855b2,0d3c7431-2f46-53ec-8606-518beffc86e9,52615504-f74f-57a2-890a-9dbd811604e5,0.25,france
d6315841-ea84-5ed2-b794-2b5516ec4782,0d3c7431-2f46-53ec-8606-518beffc86e9,088a84f7-aefd-5b23-8a03-c00957bdc570,0.25,turkey
2945a0af-ffb3-5620-889e-5db5beca0f77,0d3c7431-2f46-53ec-8606-518beffc86e9,f410d848-2a2b-5804-b75d-bf43eb97beeb,0.25,turkey
ee6992ae-e4b2-5998-9410-6d682cfb7400,e5a4e723-6fb8-5787-b570-4a0d8f65002f,be987686-3519-52c6-8754-55c1548f30cc,0.25,turkey
58aed6b0-c994-5d19-a2a7-10b175ef33bb,e5a4e723-6fb8-5787-b570-4a0d8f65002f,52615504-f74f-57a2-890a-9dbd811604e5,0.25,spain
69806084-e827-5510-b199-0d57d85d634d,e5a4e723-6fb8-5787-b570-4a0d8f65002f,088a84f7-aefd-5b23-8a03-c00957bdc570,0.25,turkey
f0237254-55ee-5514-8257-e3ac795ebb42,e5a4e723-6fb8-5787-b570-4a0d8f65002f,f410d848-2a2b-5804-b75d-bf43eb97beeb,0.25,france
389a1df6-bb07-59a9-97a4-118a669eb465,439f697a-d4e5-5fd7-840b-63550bb28e3e,be987686-3519-52c6-8754-55c1548f30cc,0.25,france
1978ced9-ef6b-59cc-971d-42b91579a96b,439f697a-d4e5-5fd7-840b-63550bb28e3e,52615504-f74f-57a2-890a-9dbd811604e5,0.25,france
7f933a12-3c89-5547-9812-0790f5177d40,439f697a-d4e5-5fd7-840b-63550bb28e3e,088a84f7-aefd-5b23-8a03-c00957bdc570,0.25,united states
2605020b-2687-57c0-9795-cf83ad0ab981,439f697a-d4e5-5fd7-840b-63550bb28e3e,f410d848-2a2b-5804-b75d-bf43eb97beeb,0.25,turkey
6b2a78c3-5311-5b5f-841a-551a6eb57780,fda4a8cc-e566-59dc-980b-ae6554a20efb,be987686-3519-52c6-8754-55c1548f30cc,0.25,france
31cbbd85-3145-576d-89fd-b833eae4c347,fda4a8cc-e566-59dc-980b-ae6554a20efb,52615504-f74f-57a2-890a-9dbd811604e5,0.25,united states
0d4ee9ba-fcf7-53f1-b480-121b63b74882,fda4a8cc-e566-59dc-980b-ae6554a20efb,088a84f7-aefd-5b23-8a03-c00957bdc570,0.25,turkey
71333dc6-fad1-5a4d-b206-172481af4ed8,fda4a8cc-e566-59dc-980b-ae6554a20efb,f410d848-2a2b-5804-b75d-bf43eb97beeb,0.25,turkey
f11f9e50-d2e4-5f57-9afb-ec97ae2800f4,2538afef-4849-5891-a325-280a613c5a36,be987686-3519-52c6-8754-55c1548f30cc,0.25,italy
286fe7e4-ae12-537f-86a8-70f0490f248d,2538afef-4849-5891-a325-280a613c5a36,52615504-f74f-57a2-890a-9dbd811604e5,0.25,turkey
331ead61-7d6e-54f2-b8cd-f3fcfc9e7b46,2538afef-4849-5891-a325-280a613c5a36,088a84f7-aefd-5b23-8a03-c00957bdc570,0.25,greece
9ecde557-fbb7-581f-b473-a7adc1e497df,2538afef-4849-5891-a325-280a613c5a36,f410d848-2a2b-5804-b75d-bf43eb97beeb,0.25,italy
7d5451cb-f239-568c-9b40-00e3eb1ecd1d,75f5fe44-7053-593d-a240-8b9528ffc2fd,be987686-3519-52c6-8754-55c1548f30cc,0.25,spain
3b2c09b2-8728-5900-afb2-cb01c6d3eaf8,75f5fe44-7053-593d-a240-8b9528ffc2fd,52615504-f74f-57a2-890a-9dbd811604e5,0.25,greece
943473c7-51c2-5382-85e5-c95f3ce44330,75f5fe44-7053-593d-a240-8b9528ffc2fd,088a84f7-aefd-5b23-8a03-c00957bdc570,0.25,spain
3b144c8a-0827-566b-97c7-4c61c2375935,75f5fe44-7053-593d-a240-8b9528ffc2fd,f410d848-2a2b-5804-b75d-bf43eb97beeb,0.25,united states
ed56cf05-5749-550f-959f-785b1f194003,4f8ef1b5-6bcc-5371-8c29-4e0875a531d8,d9f39786-555c-53a0-9a09-0451bf214733,0.2,spain
786770ce-5220-50af-9ea7-329a833f37d1,4f8ef1b5-6bcc-5371-8c29-4e0875a531d8,01b86c89-dd8a-55ad-9554-ad31cc947bcc,0.2,united states
22764511-ae19-54df-910e-d01c45533a43,4f8ef1b5-6bcc-5371-8c29-4e0875a531d8,22434fec-7995-5bcc-869e-1fbffd6a005e,0.2,turkey
e835f91d-c0aa-59bb-8827-80273e7e0ca9,4f8ef1b5-6bcc-5371-8c29-4e0875a531d8,3ce9f173-4fba-5c3a-9606-cb856dc3e358,0.2,turkey
4ccca552-8d15-5933-a01e-39e1482362b7,4f8ef1b5-6bcc-5371-8c29-4e0875a531d8,63ca0fd0-b083-5831-9c45-10cc0a1388f1,0.2,turkey
23b9d7a0-56ea-5f9f-8ee8-1504a003c14f,ffa43b1d-0d10-5883-bdfd-921514e27394,d9f39786-555c-53a0-9a09-0451bf214733,0.2,australia
d06098e3-e1b2-53ef-8e2f-a98b8ae2794c,ffa43b1d-0d10-5883-bdfd-921514e27394,01b86c89-dd8a-55ad-9554-ad31cc947bcc,0.2,united states
8f4fe50f-3114-52a8-b015-b03e1a8a90af,ffa43b1d-0d10-5883-bdfd-921514e27394,22434fec-7995-5bcc-869e-1fbffd6a005e,0.2,turkey
81daae6b-62c1-5f62-af34-f9145dd22fe1,ffa43b1d-0d10-5883-bdfd-921514e27394,3ce9f173-4fba-5c3a-9606-cb856dc3e358,0.2,united states
55379c15-a79f-5e60-81c1-526505d2bd72,ffa43b1d-0d10-5883-bdfd-921514e27394,63ca0fd0-b083-5831-9c45-10cc0a1388f1,0.2,iran
92808219-aa4e-5bd0-a6bc-5aa7e87d3385,c721cf7b-e2fc-55ca-90f0-46d8a3d86672,d9f39786-555c-53a0-9a09-0451bf214733,0.2,iran
22b522b0-083b-590b-9ab5-78642a0520a4,c721cf7b-e2fc-55ca-90f0-46d8a3d86672,01b86c89-dd8a-55ad-9554-ad31cc947bcc,0.2,spain
4d9a79e8-c99f-56ee-abf3-7133fcd2b890,c721cf7b-e2fc-55ca-90f0-46d8a3d86672,22434fec-7995-5bcc-869e-1fbffd6a005e,0.2,australia
1fc37aa1-318e-5ad5-ad2b-2cb502d2bdea,c721cf7b-e2fc-55ca-90f0-46d8a3d86672,3ce9f173-4fba-5c3a-9606-cb856dc3e358,0.2,iran
f654b2c4-3587-50f3-a323-e8b5eda97525,c721cf7b-e2fc-55ca-90f0-46d8a3d86672,63ca0fd0-b083-5831-9c45-10cc0a1388f1,0.2,india
9ba4a515-6ffd-5a74-a676-6aa634787b63,d8d1bef9-ce42-5af9-9c04-fc550a2fe9fb,d9f39786-555c-53a0-9a09-0451bf214733,0.2,united states
cf52c068-7dcd-5d5e-83ce-9d765132f089,d8d1bef9-ce42-5af9-9c04-fc550a2fe9fb,01b86c89-dd8a-55ad-9554-ad31cc947bcc,0.2,turkey
6e800e55-7e00-5580-a194-73534bce0392,d8d1bef9-ce42-5af9-9c04-fc550a2fe9fb,22434fec-7995-5bcc-869e-1fbffd6a005e,0.2,india
c8b051d8-ec84-5ffb-92bf-0812af240484,d8d1bef9-ce42-5af9-9c04-fc550a2fe9fb,3ce9f173-4fba-5c3a-9606-cb856dc3e358,0.2,spain
78335001-44ea-5a77-b470-d310a690bbdf,d8d1bef9-ce42-5af9-9c04-fc550a2fe9fb,63ca0fd0-b083-5831-9c45-10cc0a1388f1,0.2,india
929adc30-3b3a-5976-a3e7-6f5b85c273ce,a1a8a130-7200-5974-a918-0e1a375423ac,d9f39786-555c-53a0-9a09-0451bf214733,0.2,spain
994b6215-f769-519f-abc5-22172f3203f5,a1a8a130-7200-5974-a918-0e1a375423ac,01b86c89-dd8a-55ad-9554-ad31cc947bcc,0.2,iran
3a981a24-1382-54b6-84be-c3e58d3d0593,a1a8a130-7200-5974-a918-0e1a375423ac,22434fec-7995-5bcc-869e-1fbffd6a005e,0.2,united states
b13eb4ec-1927-5eef-b017-d2dee3336e1c,a1a8a130-7200-5974-a918-0e1a375423ac,3ce9f173-4fba-5c3a-9606-cb856dc3e358,0.2,spain
6271762b-3d34-5319-8400-d87a1702fb61,a1a8a130-7200-5974-a918-0e1a375423ac,63ca0fd0-b083-5831-9c45-10cc0a1388f1,0.2,turkey
c531a647-05f6-58c5-9236-38249c626b51,6e0028a3-2753-59f2-a59f-e404fe9a9f1e,d9f39786-555c-53a0-9a09-0451bf214733,0.2,india
e2a62a24-0cef-5227-9143-0ad65d0d8254,6e0028a3-2753-59f2-a59f-e404fe9a9f1e,01b86c89-dd8a-55ad-9554-ad31cc947bcc,0.2,spain
0d3503d7-98d5-55b9-8da1-36fe7fedf45e,6e0028a3-2753-59f2-a59f-e404fe9a9f1e,22434fec-7995-5bcc-869e-1fbffd6a005e,0.2,australia
ad857fb4-48a5-5d1e-bea7-b185d016e9e0,6e0028a3-2753-59f2-a59f-e404fe9a9f1e,3ce9f173-4fba-5c3a-9606-cb856dc3e358,0.2,spain
56700bf5-e17d-5a26-83fe-a2a8900aaed8,6e0028a3-2753-59f2-a59f-e404fe9a9f1e,63ca0fd0-b083-5831-9c45-10cc0a1388f1,0.2,turkey
20cfef22-5f43-58a9-b824-85e67a628727,260a1874-2495-598f-ac9a-6664aa2bf7b3,d9f39786-555c-53a0-9a09-0451bf214733,0.2,iran
320cfbfd-7e4b-5561-b2b2-562aeb4e8195,260a1874-2495-598f-ac9a-6664aa2bf7b3,01b86c89-dd8a-55ad-9554-ad31cc947bcc,0.2,united states
0eac0ba7-629a-562d-baaa-c9f3acb4b5b0,260a1874-2495-598f-ac9a-6664aa2bf7b3,22434fec-7995-5bcc-869e-1fbffd6a005e,0.2,australia
926340ab-4291-5892-82f5-517ba34cd0d5,260a1874-2495-598f-ac9a-6664aa2bf7b3,3ce9f173-4fba-5c3a-9606-cb856dc3e358,0.2,turkey
c0584c7b-a02a-594b-a8a9-b1d3801d7e60,260a1874-2495-598f-ac9a-6664aa2bf7b3,63ca0fd0-b083-5831-9c45-10cc0a1388f1,0.2,spain
ab2c00e1-a488-5c7a-bb26-836e8a654c76,901bc879-8116-5222-aa5d-3f40a47bb5ac,be987686-3519-52c6-8754-55c1548f30cc,0.2,united kingdom
068546e5-3394-5fc0-ad53-047411065bd9,901bc879-8116-5222-aa5d-3f40a47bb5ac,52ee3847-2ee0-522a-ac26-1c607eb16e30,0.2,france
f64ee775-dfce-5434-9381-ac89a835ef77,901bc879-8116-5222-aa5d-3f40a47bb5ac,a7ed939b-4caa-5699-a220-f3ea0261fec2,0.2,united kingdom
77614746-340e-5727-b0be-12b4a44bc54d,901bc879-8116-5222-aa5d-3f40a47bb5ac,088a84f7-aefd-5b23-8a03-c00957bdc570,0.2,italy
2c355400-578e-59a4-b416-55bde1c25f3e,901bc879-8116-5222-aa5d-3f40a47bb5ac,1cdb6974-7235-55c5-ad04-78ca1da3f938,0.2,italy
67ccb5c0-c702-5fe2-acd1-1f2a0a855613,75a30741-3e8b-55ed-b544-120d83fab5f9,be987686-3519-52c6-8754-55c1548f30cc,0.2,united kingdom
0403ccf9-06b8-5f48-9572-64fd4e435bfd,75a30741-3e8b-55ed-b544-120d83fab5f9,52ee3847-2ee0-522a-ac26-1c607eb16e30,0.2,france
d8f8d3b3-d8cd-5fef-92c5-7b10ce4f24fa,75a30741-3e8b-55ed-b544-120d83fab5f9,a7ed939b-4caa-5699-a220-f3ea0261fec2,0.2,united states
64213ed5-61f8-5a1b-883f-1e6b313e6477,75a30741-3e8b-55ed-b544-120d83fab5f9,088a84f7-aefd-5b23-8a03-c00957bdc570,0.2,thailand
9ea9edcb-cc05-536e-91c9-6da1a563af2f,75a30741-3e8b-55ed-b544-120d83fab5f9,1cdb6974-7235-55c5-ad04-78ca1da3f938,0.2,united states
020270f8-2759-518c-9723-58beea1471b3,2d679fa7-22ed-5bf0-80d6-4bbf6de4a706,be987686-3519-52c6-8754-55c1548f30cc,0.2,france
9ef2d689-7bfa-5c62-874e-e270decb2b1f,2d679fa7-22ed-5bf0-80d6-4bbf6de4a706,52ee3847-2ee0-522a-ac26-1c607eb16e30,0.2,germany
4249ad8e-2df9-583d-aba3-55232c5526d6,2d679fa7-22ed-5bf0-80d6-4bbf6de4a706,a7ed939b-4caa-5699-a220-f3ea0261fec2,0.2,italy
6b36c825-fe5b-5255-a5c7-e86e7af2fa51,2d679fa7-22ed-5bf0-80d6-4bbf6de4a706,088a84f7-aefd-5b23-8a03-c00957bdc570,0.2,germany
448fe87e-5425-5cf5-ace9-82edc75118c0,2d679fa7-22ed-5bf0-80d6-4bbf6de4a706,1cdb6974-7235-55c5-ad04-78ca1da3f938,0.2,thailand
45effbb0-d7d9-51ad-9444-877532d8db0e,c372838f-f176-58b5-b824-e447e4614b20,be987686-3519-52c6-8754-55c1548f30cc,0.2,france
8ea8cc79-f223-5a51-ad64-324da5521df8,c372838f-f176-58b5-b824-e447e4614b20,52ee3847-2ee0-522a-ac26-1c607eb16e30,0.2,thailand
bb8f1309-9a18-5eff-ae7b-43bd4e35b38c,c372838f-f176-58b5-b824-e447e4614b20,a7ed939b-4caa-5699-a220-f3ea0261fec2,0.2,germany
8e0cf51a-ccdf-59d8-aee8-20a8c13ac9e3,c372838f-f176-58b5-b824-e447e4614b20,088a84f7-aefd-5b23-8a03-c00957bdc570,0.2,france
8035977b-49d5-5dd5-a1c7-1e48ea3dd37c,c372838f-f176-58b5-b824-e447e4614b20,1cdb6974-7235-55c5-ad04-78ca1da3f938,0.2,united states
e13b09e5-ce1b-5bd1-92af-bea0d04e9f19,e425f008-fb36-5707-84ed-c1cbe95477e7,be987686-3519-52c6-8754-55c1548f30cc,0.2,united states
ece78025-98fc-5e62-b06d-cb5509b8eec9,e425f008-fb36-5707-84ed-c1cbe95477e7,52ee3847-2ee0-522a-ac26-1c607eb16e30,0.2,germany
3f8cde61-889b-54e2-a8ac-fa95b0377de5,e425f008-fb36-5707-84ed-c1cbe95477e7,a7ed939b-4caa-5699-a220-f3ea0261fec2,0.2,germany
d04f24e2-2394-52b8-b455-044673f82a33,e425f008-fb36-5707-84ed-c1cbe95477e7,088a84f7-aefd-5b23-8a03-c00957bdc570,0.2,italy
8993b8b7-590b-51b5-b5c5-ad58e039f401,e425f008-fb36-5707-84ed-c1cbe95477e7,1cdb6974-7235-55c5-ad04-78ca1da3f938,0.2,united states
5c674293-df76-5343-90c7-21e6633e6331,732bce27-afeb-5aef-81d1-3c351228d091,be987686-3519-52c6-8754-55c1548f30cc,0.2,italy
fd9ee309-7d3d-587b-94db-794491f2335c,732bce27-afeb-5aef-81d1-3c351228d091,52ee3847-2ee0-522a-ac26-1c607eb16e30,0.2,germany
37a30e74-f91b-53e7-8280-8a8962c1e574,732bce27-afeb-5aef-81d1-3c351228d091,a7ed939b-4caa-5699-a220-f3ea0261fec2,0.2,thailand
237e51c5-1db0-53d8-a0d6-6ece4179719b,732bce27-afeb-5aef-81d1-3c351228d091,088a84f7-aefd-5b23-8a03-c00957bdc570,0.2,france
83119a27-4afe-5e21-b27e-f3f3bc8a1340,732bce27-afeb-5aef-81d1-3c351228d091,1cdb6974-7235-55c5-ad04-78ca1da3f938,0.2,united states
db931663-541f-5c57-be46-0ebc6dbf4561,4d93ba79-4f41-5c89-a87c-d684989dadf8,453afb53-e565-50d4-9714-110398d066f6,0.2,spain
ca18e52f-dad1-5863-ad3f-f968c01b58a0,4d93ba79-4f41-5c89-a87c-d684989dadf8,0dd7627b-b135-5c0c-a968-66c8e2399bdd,0.2,france
4daead90-cf30-5a4e-811f-8a77309669ef,4d93ba79-4f41-5c89-a87c-d684989dadf8,a7ed939b-4caa-5699-a220-f3ea0261fec2,0.2,france
05aa31ab-6a14-5f6d-aa89-bd731921282b,4d93ba79-4f41-5c89-a87c-d684989dadf8,f96d47ab-13ca-5ac5-be42-0ce7c704bdd9,0.2,united kingdom
5ed665e6-6884-588b-ad4d-72f7c7ecb4fe,4d93ba79-4f41-5c89-a87c-d684989dadf8,d4ca3ef1-aa5e-5f83-9e5e-0293cb874a4f,0.2,netherlands
0e38cfad-1c6e-5e3f-8db2-b0d592ff8813,5ee10789-cc05-5572-b2c7-1505e4fe0e4e,453afb53-e565-50d4-9714-110398d066f6,0.2,germany
8ba2ab8b-52c5-581b-8428-dea42f0479c8,5ee10789-cc05-5572-b2c7-1505e4fe0e4e,0dd7627b-b135-5c0c-a968-66c8e2399bdd,0.2,germany
48637322-9cc2-5ddd-bb0c-d73e457127da,5ee10789-cc05-5572-b2c7-1505e4fe0e4e,a7ed939b-4caa-5699-a220-f3ea0261fec2,0.2,france
e2de5376-933c-51c6-b343-b5fcc2913743,5ee10789-cc05-5572-b2c7-1505e4fe0e4e,f96d47ab-13ca-5ac5-be42-0ce7c704bdd9,0.2,netherlands
c1fd5d4b-6c40-5e47-87df-d75d693e2f24,5ee10789-cc05-5572-b2c7-1505e4fe0e4e,d4ca3ef1-aa5e-5f83-9e5e-0293cb874a4f,0.2,spain
155daec5-4b8c-5537-b53c-6add9bb1ad39,67a4fc62-dcf6-589f-a1bb-c62deb9e13a1,453afb53-e565-50d4-9714-110398d066f6,0.2,germany
df996c19-6da1-5a1a-8bac-495ea827cceb,67a4fc62-dcf6-589f-a1bb-c62deb9e13a1,0dd7627b-b135-5c0c-a968-66c8e2399bdd,0.2,france
10791775-e451-5b85-aa21-dd0bc253479c,67a4fc62-dcf6-589f-a1bb-c62deb9e13a1,a7ed939b-4caa-5699-a220-f3ea0261fec2,0.2,united kingdom
e2f464a1-f31a-534a-8fda-9a6daa680199,67a4fc62-dcf6-589f-a1bb-c62deb9e13a1,f96d47ab-13ca-5ac5-be42-0ce7c704bdd9,0.2,poland
fcf14eb2-fb75-5b0c-8109-83a139639c29,67a4fc62-dcf6-589f-a1bb-c62deb9e13a1,d4ca3ef1-aa5e-5f83-9e5e-0293cb874a4f,0.2,germany
701794c7-9dc9-5b41-8945-8b6d22c8245a,427ba315-0d2f-5483-acfa-a96183bfcfd2,453afb53-e565-50d4-9714-110398d066f6,0.2,netherlands
94467e53-204b-5aef-b612-543ba7936c97,427ba315-0d2f-5483-acfa-a96183bfcfd2,0dd7627b-b135-5c0c-a968-66c8e2399bdd,0.2,poland
6615b1eb-8d25-5b47-ac30-9655a991ccd1,427ba315-0d2f-5483-acfa-a96183bfcfd2,a7ed939b-4caa-5699-a220-f3ea0261fec2,0.2,spain
c86cf874-4be3-5510-b985-f1b140e83b16,427ba315-0d2f-5483-acfa-a96183bfcfd2,f96d47ab-13ca-5ac5-be42-0ce7c704bdd9,0.2,united kingdom
b4d27ce8-f5df-5ce9-95a2-963edb101a10,427ba315-0d2f-5483-acfa-a96183bfcfd2,d4ca3ef1-aa5e-5f83-9e5e-0293cb874a4f,0.2,germany
5c6c5813-fe01-5b1e-8e41-8d0760263b96,de00d978-3c4c-57fc-9315-69100061fa6c,a8880066-1533-5b3e-b21b-7c3014fd8165,0.2,belgium
53e8f5b3-1eb0-552d-9392-cdc2b2ad7b47,de00d978-3c4c-57fc-9315-69100061fa6c,97ae17d3-a5a9-56b0-b5ec-b88367e98c15,0.2,kenya
ac2e9f4d-a651-5279-a763-4eff3bac8a27,de00d978-3c4c-57fc-9315-69100061fa6c,19ead09a-2408-5c7c-bcd4-a85403c2fc91,0.2,belgium
322998ea-5430-5506-995d-72057185b79c,de00d978-3c4c-57fc-9315-69100061fa6c,e1d14d86-8b5a-5d05-9dce-b2ef6d0ab991,0.2,united kingdom
63369aa2-d0f0-58a3-a5ec-86976e1d00ed,de00d978-3c4c-57fc-9315-69100061fa6c,c3a5af10-40f7-5b3b-8fce-200646e57080,0.2,belgium
27d6f0c2-cf1c-5594-8798-bbb3a8746789,4cdd34f7-d9ad-5967-b141-e5e41f232c3d,a8880066-1533-5b3e-b21b-7c3014fd8165,0.2,france
4c2058b6-dcc0-5e3c-b2e6-d909a7da8dd3,4cdd34f7-d9ad-5967-b141-e5e41f232c3d,97ae17d3-a5a9-56b0-b5ec-b88367e98c15,0.2,belgium
570fde7e-7edd-5a94-9c4c-cb53798b0edd,4cdd34f7-d9ad-5967-b141-e5e41f232c3d,19ead09a-2408-5c7c-bcd4-a85403c2fc91,0.2,france
c7a565fa-e597-5d10-9a81-1ab250d7e343,4cdd34f7-d9ad-5967-b141-e5e41f232c3d,e1d14d86-8b5a-5d05-9dce-b2ef6d0ab991,0.2,france
a5f9ea5b-db5c-5f8f-83f1-9ab682e7281f,4cdd34f7-d9ad-5967-b141-e5e41f232c3d,c3a5af10-40f7-5b3b-8fce-200646e57080,0.2,kenya
8fd94213-6fa1-580f-86fb-4dd1719e28d4,428fc8cc-d042-53d2-9b4e-05aecb06dbe5,52615504-f74f-57a2-890a-9dbd811604e5,0.2,united kingdom
b07ad84a-00af-51f9-9ee4-ae28b6acad60,428fc8cc-d042-53d2-9b4e-05aecb06dbe5,a7ed939b-4caa-5699-a220-f3ea0261fec2,0.2,ireland
12d971d5-3b1b-583a-9133-f913b45ec5ec,428fc8cc-d042-53d2-9b4e-05aecb06dbe5,75e9d088-33e9-5f95-911b-2c835673eb28,0.2,germany
a3c5001b-f3bc-5f85-9242-b540c232a234,428fc8cc-d042-53d2-9b4e-05aecb06dbe5,f410d848-2a2b-5804-b75d-bf43eb97beeb,0.2,belgium
ce30ccf3-931b-5208-a4f8-c8b575387e02,428fc8cc-d042-53d2-9b4e-05aecb06dbe5,24bbf7b9-6ec2-5acc-a9cd-d64bd2819d0d,0.2,united states
6446e86b-6dbe-5b03-bf66-8de325f1c5b3,25486be2-ebd8-5a7d-b4b9-81b55d991404,52615504-f74f-57a2-890a-9dbd811604e5,0.2,belgium
49062caf-5637-5620-a124-7c231febbf2b,25486be2-ebd8-5a7d-b4b9-81b55d991404,a7ed939b-4caa-5699-a220-f3ea0261fec2,0.2,germany
9609b137-df8f-52f8-9d1e-349726e09392,25486be2-ebd8-5a7d-b4b9-81b55d991404,75e9d088-33e9-5f95-911b-2c835673eb28,0.2,united states
e7a311eb-9cc9-52f5-aba4-a012f5c0773d,25486be2-ebd8-5a7d-b4b9-81b55d991404,f410d848-2a2b-5804-b75d-bf43eb97beeb,0.2,belgium
fc306035-2cee-5b7d-9b72-5936d269a918,25486be2-ebd8-5a7d-b4b9-81b55d991404,24bbf7b9-6ec2-5acc-a9cd-d64bd2819d0d,0.2,france
1ded5e88-1c05-533f-9741-49a7539fbf2f,6281f2ce-ec4e-5531-9ce4-51e5c93512a6,52615504-f74f-57a2-890a-9dbd811604e5,0.2,united kingdom
20aed036-f5b3-534e-9704-2642fef6030e,6281f2ce-ec4e-5531-9ce4-51e5c93512a6,a7ed939b-4caa-5699-a220-f3ea0261fec2,0.2,belgium
25b093ee-8a54-5165-a15d-200a50ad0db9,6281f2ce-ec4e-5531-9ce4-51e5c93512a6,75e9d088-33e9-5f95-911b-2c835673eb28,0.2,united kingdom
9277cbe9-8c96-5299-8d37-ea5ea4a684ee,6281f2ce-ec4e-5531-9ce4-51e5c93512a6,f410d848-2a2b-5804-b75d-bf43eb97beeb,0.2,germany
4af60485-d5b7-5a70-ac01-259b8f1c2674,6281f2ce-ec4e-5531-9ce4-51e5c93512a6,24bbf7b9-6ec2-5acc-a9cd-d64bd2819d0d,0.2,germany
46aad996-b242-5fa6-bfc1-d603de85e288,ead09ed8-1c5c-5c87-b1dd-96b3f46868f5,52615504-f74f-57a2-890a-9dbd811604e5,0.2,germany
b5bb2b67-6593-5e22-b46c-71e077674deb,ead09ed8-1c5c-5c87-b1dd-96b3f46868f5,a7ed939b-4caa-5699-a220-f3ea0261fec2,0.2,united kingdom
3d65694f-e44b-5483-ab13-ec2330865851,ead09ed8-1c5c-5c87-b1dd-96b3f46868f5,75e9d088-33e9-5f95-911b-2c835673eb28,0.2,belgium
c3d80494-b8bd-5af1-98b8-f3d3dd0e2403,ead09ed8-1c5c-5c87-b1dd-96b3f46868f5,f410d848-2a2b-5804-b75d-bf43eb97beeb,0.2,france
44ecd801-284d-5420-98d5-cb69a7263c9f,ead09ed8-1c5c-5c87-b1dd-96b3f46868f5,24bbf7b9-6ec2-5acc-a9cd-d64bd2819d0d,0.2,united kingdom
a7beffe2-2970-532d-874b-1a0d1680a9f8,88b01c5b-56eb-5901-a5f4-ed581728e3d8,52615504-f74f-57a2-890a-9dbd811604e5,0.2,united states
25056256-0323-57b9-9461-8d7db37e37e9,88b01c5b-56eb-5901-a5f4-ed581728e3d8,a7ed939b-4caa-5699-a220-f3ea0261fec2,0.2,france
98b9da2e-2985-586d-96ea-a9d6a2409156,88b01c5b-56eb-5901-a5f4-ed581728e3d8,75e9d088-33e9-5f95-911b-2c835673eb28,0.2,belgium
a41aa541-eb12-5ec3-951d-203b7d32c6f9,88b01c5b-56eb-5901-a5f4-ed581728e3d8,f410d848-2a2b-5804-b75d-bf43eb97beeb,0.2,belgium
9376b8e3-702c-5e63-9268-0e5e72354d2a,88b01c5b-56eb-5901-a5f4-ed581728e3d8,24bbf7b9-6ec2-5acc-a9cd-d64bd2819d0d,0.2,united kingdom
2f3c7f3b-3a5d-5d99-9ef9-d520bd59be98,bad98d9b-4e91-5923-a954-1c1764c550b7,52615504-f74f-57a2-890a-9dbd811604e5,0.2,ireland
39ff495c-6fd1-514f-96bb-4283115acc05,bad98d9b-4e91-5923-a954-1c1764c550b7,a7ed939b-4caa-5699-a220-f3ea0261fec2,0.2,france
4e0cc887-77d8-5d81-ad19-d8af746fc6d9,bad98d9b-4e91-5923-a954-1c1764c550b7,75e9d088-33e9-5f95-911b-2c835673eb28,0.2,germany
424efff3-5569-5d3c-a403-6ad2b8b2e187,bad98d9b-4e91-5923-a954-1c1764c550b7,f410d848-2a2b-5804-b75d-bf43eb97beeb,0.2,france
1bc7cfb1-0e89-5448-a7a2-cee8ea6886e9,bad98d9b-4e91-5923-a954-1c1764c550b7,24bbf7b9-6ec2-5acc-a9cd-d64bd2819d0d,0.2,belgium
24c9f401-39ae-5fb3-a7fd-f007a89494c8,fce8f192-a8e8-55aa-af70-cb23af658d0b,52615504-f74f-57a2-890a-9dbd811604e5,0.2,united states
7324275e-28d3-5442-a8ed-815909556ae7,fce8f192-a8e8-55aa-af70-cb23af658d0b,a7ed939b-4caa-5699-a220-f3ea0261fec2,0.2,belgium
b544eb0b-a411-54bb-8c98-0912d98066b7,fce8f192-a8e8-55aa-af70-cb23af658d0b,75e9d088-33e9-5f95-911b-2c835673eb28,0.2,united kingdom
1c6f4fb7-6e69-55fe-8633-2985160f2fe7,fce8f192-a8e8-55aa-af70-cb23af658d0b,f410d848-2a2b-5804-b75d-bf43eb97beeb,0.2,ireland
1e2bb19a-99b5-5af4-ae55-86aac7b581e8,fce8f192-a8e8-55aa-af70-cb23af658d0b,24bbf7b9-6ec2-5acc-a9cd-d64bd2819d0d,0.2,germany
64b9e8b4-f45c-5ea8-941e-47180b8416f1,d4d906b9-3553-52ae-a1df-3188bc1844c0,13ee93de-2671-5e65-b3a1-d586e44ebf6a,0.25,chile
101c1622-39dc-5d7e-b15c-6e65852f6b59,d4d906b9-3553-52ae-a1df-3188bc1844c0,74ecb67e-0819-5aa3-b68e-cd1394c607c3,0.25,italy
9e943973-ec10-5935-a1bc-05e82dd4e6ab,d4d906b9-3553-52ae-a1df-3188bc1844c0,bf0b4bac-c922-55b0-b490-7a30a8e18b30,0.25,spain
2464e63e-89b3-52af-aa0a-008ac28d5472,d4d906b9-3553-52ae-a1df-3188bc1844c0,cbad3dc3-cc5d-53e2-aefd-3137c4d9f4a1,0.25,australia
ee5bbd08-c62e-5645-8478-405ffdc943af,27694370-16ae-55b0-9b23-8945295268a3,13ee93de-2671-5e65-b3a1-d586e44ebf6a,0.25,argentina
813252ae-8faa-5ab3-be74-0fae3addb2ba,27694370-16ae-55b0-9b23-8945295268a3,74ecb67e-0819-5aa3-b68e-cd1394c607c3,0.25,australia
e5d1229d-f4c2-5cca-8ba5-f449ac38047b,27694370-16ae-55b0-9b23-8945295268a3,bf0b4bac-c922-55b0-b490-7a30a8e18b30,0.25,france
eba5b11e-9d00-5090-8fda-beb341b3a7f6,27694370-16ae-55b0-9b23-8945295268a3,cbad3dc3-cc5d-53e2-aefd-3137c4d9f4a1,0.25,france
208eac0c-8abf-5c45-adee-df771d98bf7f,597fc0b7-11ca-52a9-a65b-187bedb2f7c4,13ee93de-2671-5e65-b3a1-d586e44ebf6a,0.25,argentina
155088dd-2e38-5ed1-b3b5-ea7f96b32fd6,597fc0b7-11ca-52a9-a65b-187bedb2f7c4,74ecb67e-0819-5aa3-b68e-cd1394c607c3,0.25,chile
2a08b997-c7c7-5899-840e-35e599c1ed13,597fc0b7-11ca-52a9-a65b-187bedb2f7c4,bf0b4bac-c922-55b0-b490-7a30a8e18b30,0.25,italy
791491c1-3559-5cf1-9ace-45114758f3d7,597fc0b7-11ca-52a9-a65b-187bedb2f7c4,cbad3dc3-cc5d-53e2-aefd-3137c4d9f4a1,0.25,argentina
4900e7d9-3cb8-51bc-a41d-b4d515cf8ff6,1e8a3afe-8626-5569-9359-c9f41cb88845,13ee93de-2671-5e65-b3a1-d586e44ebf6a,0.25,italy
e5096376-9847-5b66-b48d-74f84f051030,1e8a3afe-8626-5569-9359-c9f41cb88845,74ecb67e-0819-5aa3-b68e-cd1394c607c3,0.25,spain
e47145f8-116d-556b-a641-2cc62414a3b3,1e8a3afe-8626-5569-9359-c9f41cb88845,bf0b4bac-c922-55b0-b490-7a30a8e18b30,0.25,chile
aa68ecb6-ad78-5c35-a68b-c85f7c9f3632,1e8a3afe-8626-5569-9359-c9f41cb88845,cbad3dc3-cc5d-53e2-aefd-3137c4d9f4a1,0.25,france
03033f6d-77fc-5511-8a47-37a7c36d2c1f,9a92134c-64a8-52d4-9bc7-d427e11e157f,13ee93de-2671-5e65-b3a1-d586e44ebf6a,0.25,chile
9ff051df-2f82-51a8-b4a5-24af0b428e5b,9a92134c-64a8-52d4-9bc7-d427e11e157f,74ecb67e-0819-5aa3-b68e-cd1394c607c3,0.25,australia
7a080c0d-9180-591f-a4a2-b5a036b581b6,9a92134c-64a8-52d4-9bc7-d427e11e157f,bf0b4bac-c922-55b0-b490-7a30a8e18b30,0.25,france
bd3ada89-6788-540b-a609-0e70ee294a81,9a92134c-64a8-52d4-9bc7-d427e11e157f,cbad3dc3-cc5d-53e2-aefd-3137c4d9f4a1,0.25,italy
02f63b43-3727-5003-92fb-be816b9be7ae,85dfacaf-0018-5f68-b060-ba2e8f7f3018,52615504-f74f-57a2-890a-9dbd811604e5,0.2,united kingdom
745e3c33-b4dd-5c51-97e6-f09ee147ebba,85dfacaf-0018-5f68-b060-ba2e8f7f3018,0805f9a7-7fff-54ba-9f3f-448c75d304b1,0.2,ireland
8f356a3a-f819-5df2-9366-c7e04a182a7a,85dfacaf-0018-5f68-b060-ba2e8f7f3018,e41eb6e4-231f-58ea-bd08-1ab209b82bdb,0.2,united kingdom
4995fe3b-a366-5884-b820-44d2ff42c7d0,85dfacaf-0018-5f68-b060-ba2e8f7f3018,bf0b4bac-c922-55b0-b490-7a30a8e18b30,0.2,netherlands
bd4de558-be25-538c-9b6e-de2598b410e8,85dfacaf-0018-5f68-b060-ba2e8f7f3018,c18ffc14-eb5f-5f73-aba1-1d5120469101,0.2,germany
05f1aba8-f813-58ed-aec0-8da070e51a4f,3549676c-da77-5dd0-b244-ccf44bacc519,52615504-f74f-57a2-890a-9dbd811604e5,0.2,ireland
8497de63-e973-5d28-b281-c911c5e70450,3549676c-da77-5dd0-b244-ccf44bacc519,0805f9a7-7fff-54ba-9f3f-448c75d304b1,0.2,netherlands
9e90028c-011d-5b93-a4a6-085edfa5d3f7,3549676c-da77-5dd0-b244-ccf44bacc519,e41eb6e4-231f-58ea-bd08-1ab209b82bdb,0.2,belgium
257a4c85-0afa-5e34-80f5-98395a12c429,3549676c-da77-5dd0-b244-ccf44bacc519,bf0b4bac-c922-55b0-b490-7a30a8e18b30,0.2,czech republic
d0d5f1bf-6e17-564b-bba1-e4c574416693,3549676c-da77-5dd0-b244-ccf44bacc519,c18ffc14-eb5f-5f73-aba1-1d5120469101,0.2,netherlands
17701db6-2712-5e2e-a95e-9e69960783ef,396c7a99-0fed-5294-a174-d7a86d5ad105,52615504-f74f-57a2-890a-9dbd811604e5,0.2,belgium
8c4d6555-c146-56f9-b962-3455836ab3fc,396c7a99-0fed-5294-a174-d7a86d5ad105,0805f9a7-7fff-54ba-9f3f-448c75d304b1,0.2,ireland
134f18a3-ce6a-593f-9b41-88331fc70732,396c7a99-0fed-5294-a174-d7a86d5ad105,e41eb6e4-231f-58ea-bd08-1ab209b82bdb,0.2,ireland
fbdd66e2-66cd-5d10-8c30-33dbe04f5021,396c7a99-0fed-5294-a174-d7a86d5ad105,bf0b4bac-c922-55b0-b490-7a30a8e18b30,0.2,ireland
d9172e84-3090-5a11-a9df-0b2206f345de,396c7a99-0fed-5294-a174-d7a86d5ad105,c18ffc14-eb5f-5f73-aba1-1d5120469101,0.2,germany
64d1b9ef-a321-5ef3-8dad-6b3a43318f7a,4bbd0583-496d-54de-87ec-73c9821a158a,52615504-f74f-57a2-890a-9dbd811604e5,0.2,ireland
33319282-3309-56d4-8b02-68fa3d718629,4bbd0583-496d-54de-87ec-73c9821a158a,0805f9a7-7fff-54ba-9f3f-448c75d304b1,0.2,czech republic
6bb1d365-0101-55a0-a99b-15bed3e74a39,4bbd0583-496d-54de-87ec-73c9821a158a,e41eb6e4-231f-58ea-bd08-1ab209b82bdb,0.2,germany
75e2a9c2-42f1-527a-a4e4-6517abd036c8,4bbd0583-496d-54de-87ec-73c9821a158a,bf0b4bac-c922-55b0-b490-7a30a8e18b30,0.2,ireland
d660b902-4df3-5e0e-ae41-b021b14e21e9,4bbd0583-496d-54de-87ec-73c9821a158a,c18ffc14-eb5f-5f73-aba1-1d5120469101,0.2,germany
cc2e7ccd-49c8-547a-881e-13aee471fdfa,90be0b72-53e8-5485-972a-1063ebe5cba6,52615504-f74f-57a2-890a-9dbd811604e5,0.2,czech republic
8d98abc5-233b-5389-98b0-5abc2392564e,90be0b72-53e8-5485-972a-1063ebe5cba6,0805f9a7-7fff-54ba-9f3f-448c75d304b1,0.2,czech republic
106147c4-e171-569b-a732-37c903b86ccf,90be0b72-53e8-5485-972a-1063ebe5cba6,e41eb6e4-231f-58ea-bd08-1ab209b82bdb,0.2,netherlands
375ae273-1e45-52d1-b649-c61fb2b5d3df,90be0b72-53e8-5485-972a-1063ebe5cba6,bf0b4bac-c922-55b0-b490-7a30a8e18b30,0.2,germany
d8238bfc-c5a5-5618-8461-c514790c5e35,90be0b72-53e8-5485-972a-1063ebe5cba6,c18ffc14-eb5f-5f73-aba1-1d5120469101,0.2,united kingdom
b5814bb3-21b0-53fb-8eeb-7d4e399d3b17,85a9d2bd-f2df-5c17-a6b7-aa7c5d7c8916,52615504-f74f-57a2-890a-9dbd811604e5,0.2,belgium
000149e3-27f7-5353-bee7-47855be0c390,85a9d2bd-f2df-5c17-a6b7-aa7c5d7c8916,0805f9a7-7fff-54ba-9f3f-448c75d304b1,0.2,ireland
77bcce63-8d14-5484-8590-6db2072b6ece,85a9d2bd-f2df-5c17-a6b7-aa7c5d7c8916,e41eb6e4-231f-58ea-bd08-1ab209b82bdb,0.2,belgium
be5bb51b-89b7-59c7-9770-e63f42b383d1,85a9d2bd-f2df-5c17-a6b7-aa7c5d7c8916,bf0b4bac-c922-55b0-b490-7a30a8e18b30,0.2,czech republic
7d20f476-e983-5331-aa41-fc1c86878ee3,85a9d2bd-f2df-5c17-a6b7-aa7c5d7c8916,c18ffc14-eb5f-5f73-aba1-1d5120469101,0.2,belgium
b518d9a5-b985-530e-b4b1-a5d248c4d391,a05bec0a-81f5-5448-b44e-a38874c3cf5f,5d1f1447-1cab-5b7f-823f-277bb217cd6f,0.2,india
fd60403a-5036-5a92-81a9-3dc85f891dc2,a05bec0a-81f5-5448-b44e-a38874c3cf5f,240a1546-c691-564c-bc94-347399a91c37,0.2,indonesia
0d0b7a72-e9e3-5395-99d5-7485a9b18399,a05bec0a-81f5-5448-b44e-a38874c3cf5f,f092718b-a5d2-5294-a079-109cba36d979,0.2,spain
3d1e1609-051d-506f-a5be-55b138fac74d,a05bec0a-81f5-5448-b44e-a38874c3cf5f,8a2a2e99-d5d8-5eb4-a28e-dec194016808,0.2,indonesia
82f8fc8f-eab4-5215-829a-4b46b7fda6b1,a05bec0a-81f5-5448-b44e-a38874c3cf5f,01dab6b2-6c30-56af-80e9-0d94acce3e01,0.2,mexico
