stage_uuid,stage_id,product_uuid,sequence,stage_name,from_node,to_node,value_share
638d3fa1-65fe-5003-a3b0-4757fb68c72a,3001,1f89eb52-0405-5468-83f6-bd7582a34797,1,orchard to supermarket,c0668ce2-0ceb-5e95-a641-4e78ba160f3a,6082428b-e916-559a-9ef8-309ded64b26a,1.0
a29ded61-1399-527e-ab5d-52dedf1db659,3002,d6623382-73e6-5712-90c2-6cb3e6bd5d5f,1,orchard to food processing plant,d5f9dabd-078b-53c4-a821-5f2cec8ea27e,dc717d48-a87e-5576-a13c-9911aab17f51,0.4
1b425c30-96cb-5868-a9be-a207f9df0d3d,3003,d6623382-73e6-5712-90c2-6cb3e6bd5d5f,2,food processing plant to supermarket,dc717d48-a87e-5576-a13c-9911aab17f51,7a7dd784-fd3b-5a9a-8674-a0b8429849cf,0.6
95d114e0-75d2-5ece-a126-199f15ebf9be,3004,3b6523f2-cd26-55a7-80b5-8aee6f15197e,1,orchard to supermarket,d4417cd7-442d-5bb6-b0a8-6011772927ac,6082428b-e916-559a-9ef8-309ded64b26a,1.0
092694ca-d8d6-5377-afdc-ef335a7ba4ba,3005,636141a5-bbc2-5a05-9b79-0bd2f8028c78,1,orchard to supermarket,1c97f890-faa6-5f22-b891-37072eea2928,8f81a29d-d12c-59d3-9a4b-f53935f5986f,1.0
cbb41165-9b17-57fb-97f3-c5f58b7a2b48,3006,ee3227f0-e29b-5e4e-931d-9e8ac1f5c245,1,orchard to supermarket,1c97f890-faa6-5f22-b891-37072eea2928,e6d4c891-9999-55cd-9a87-e1957e5a9c12,1.0
ce465a3b-5bd1-57b7-b5bc-86789581e13e,3007,540eefd0-a860-56ff-bc37-a12b34e12f8e,1,orchard to supermarket,1c97f890-faa6-5f22-b891-37072eea2928,78916400-bb9d-5b7a-8bc4-feb947487329,1.0
dc932d80-78e9-5245-8df1-837f9b97a31e,3008,2281aa3b-302b-5b42-95c9-ec1bfe50ae44,1,orchard to supermarket,1c97f890-faa6-5f22-b891-37072eea2928,6082428b-e916-559a-9ef8-309ded64b26a,1.0
7b44c104-f05f-5e2a-ab89-a7958643b185,3009,1a818840-e58d-5863-a570-867e6940b4f9,1,orchard to supermarket,47311212-1c8a-53e4-af9e-dcca322465da,78916400-bb9d-5b7a-8bc4-feb947487329,1.0
e53cd1c2-420a-55c8-a7a8-9d84d0fc4d13,3010,e623e25e-22bc-5cdf-ba82-310cb8d9c060,1,orchard to food processing plant,91519e69-8712-52c3-8e59-8bdbb8ddf91b,01a4867e-2a4b-5b10-a4e7-4564391585a1,0.4
25a9cb76-677e-5e7f-b26a-eef706b896f8,3011,e623e25e-22bc-5cdf-ba82-310cb8d9c060,2,food processing plant to supermarket,01a4867e-2a4b-5b10-a4e7-4564391585a1,7a7dd784-fd3b-5a9a-8674-a0b8429849cf,0.6
798a4b3f-61a7-5ca3-9396-ad8958bfc669,3012,d1aaf5c8-8cb6-5320-a000-aecf428b7a1c,1,orchard to supermarket,d4417cd7-442d-5bb6-b0a8-6011772927ac,689a3162-d717-5a03-afe2-679aef03e07b,1.0
36fb5fdb-a298-5506-b826-980ab29dffca,3013,8bdb0aa5-c595-5ae2-a847-a05e932417fc,1,orchard to supermarket,1c97f890-faa6-5f22-b891-37072eea2928,6082428b-e916-559a-9ef8-309ded64b26a,1.0
4269047c-4b88-5410-8577-60d75e55babf,3014,e4d6eb7e-1984-594e-afea-fd7a5f396ffc,1,orchard to supermarket,d4417cd7-442d-5bb6-b0a8-6011772927ac,6082428b-e916-559a-9ef8-309ded64b26a,1.0
a2c6f3d1-c698-51e4-8b98-6c97e2618c61,3015,fcc5b1a8-ba84-560e-b6b4-dcafd2e6bb27,1,olive grove to olive oil mill,dba35c80-7cbc-5b21-8d4b-fce14cf2673b,8553f58b-d01b-52cc-a0c1-b1810f2d0f32,0.4
8c772e3a-f1f5-589a-90a1-eff24f0e6424,3016,fcc5b1a8-ba84-560e-b6b4-dcafd2e6bb27,2,olive oil mill to supermarket,8553f58b-d01b-52cc-a0c1-b1810f2d0f32,e6d4c891-9999-55cd-9a87-e1957e5a9c12,0.6
92e55ebc-ca50-5018-a0ca-c786ca86567c,3017,2f5aaf4d-f290-52b2-ae38-e6cb07f8ba63,1,olive grove to olive oil mill,dba35c80-7cbc-5b21-8d4b-fce14cf2673b,8553f58b-d01b-52cc-a0c1-b1810f2d0f32,0.25
e9299b4f-959c-506d-96db-c1f0bfac552f,3018,2f5aaf4d-f290-52b2-ae38-e6cb07f8ba63,2,olive oil mill to food processing plant,8553f58b-d01b-52cc-a0c1-b1810f2d0f32,cd8e000d-ea7b-567d-8f85-209c307ca350,0.35
86513cd7-29df-5c59-bb01-8cbde3f13c89,3019,2f5aaf4d-f290-52b2-ae38-e6cb07f8ba63,3,food processing plant to supermarket,cd8e000d-ea7b-567d-8f85-209c307ca350,81a64a8e-daf7-5a7a-b946-248943a69755,0.4
fa936520-6d38-5b2f-ae72-efa7ec1f6838,3020,b23b6fc9-9c23-5e6d-bcd7-7db42db4fa00,1,olive grove to olive oil mill,b5c63658-82a0-572d-93e5-d814444a1716,084caf04-db81-5b2a-b21d-5e6991137750,0.4
f5422d83-cf1f-50e2-82ea-49284c5f5093,3021,b23b6fc9-9c23-5e6d-bcd7-7db42db4fa00,2,olive oil mill to supermarket,084caf04-db81-5b2a-b21d-5e6991137750,81a64a8e-daf7-5a7a-b946-248943a69755,0.6
2ba969c2-1845-5388-9003-71a9c4d07066,3022,5405ddf3-f069-5d01-8c2d-85fc9656e000,1,olive grove to olive oil mill,b5c63658-82a0-572d-93e5-d814444a1716,084caf04-db81-5b2a-b21d-5e6991137750,0.4
c1b0dd6b-12a3-5a12-bea8-dee85de57c2c,3023,5405ddf3-f069-5d01-8c2d-85fc9656e000,2,olive oil mill to supermarket,084caf04-db81-5b2a-b21d-5e6991137750,81a64a8e-daf7-5a7a-b946-248943a69755,0.6
3a2fac49-7668-557d-ad1d-a16936feb045,3024,a813183b-0597-513e-b963-3f339221a4f1,1,olive grove to olive oil mill,dba35c80-7cbc-5b21-8d4b-fce14cf2673b,b8aafcb7-01ef-5fe4-8175-07bfdaadbe20,0.4
af489257-2f78-5f2b-be60-8ac6d3e88812,3025,a813183b-0597-513e-b963-3f339221a4f1,2,olive oil mill to supermarket,b8aafcb7-01ef-5fe4-8175-07bfdaadbe20,6082428b-e916-559a-9ef8-309ded64b26a,0.6
37617253-049e-5893-8479-9abf8690be0e,3026,d422e9a5-6975-5596-aff5-001b831baae3,1,olive grove to olive oil mill,c6af5099-9006-529d-a387-1fac6de50cda,8c4cf6e7-260e-545d-ad84-84267da0b980,0.4
7f6d9bf6-05b8-505d-97a9-e01ccd5b9b4e,3027,d422e9a5-6975-5596-aff5-001b831baae3,2,olive oil mill to supermarket,8c4cf6e7-260e-545d-ad84-84267da0b980,81a64a8e-daf7-5a7a-b946-248943a69755,0.6
ce8e1054-ebcc-5efd-91e3-01e5f8b935c2,3028,654bce11-3fb7-5f7e-b356-880ca1f8da1f,1,olive grove to olive oil mill,dba35c80-7cbc-5b21-8d4b-fce14cf2673b,8553f58b-d01b-52cc-a0c1-b1810f2d0f32,0.4
cb4f405b-4b2c-59e3-bd42-2ed47dd025de,3029,654bce11-3fb7-5f7e-b356-880ca1f8da1f,2,olive oil mill to supermarket,8553f58b-d01b-52cc-a0c1-b1810f2d0f32,81a64a8e-daf7-5a7a-b946-248943a69755,0.6
94c153b5-7b66-550a-8d71-3de7ec156fa7,3030,1af5443d-c28c-5c21-b16a-abf2419a836f,1,olive grove to olive oil mill,dba35c80-7cbc-5b21-8d4b-fce14cf2673b,8553f58b-d01b-52cc-a0c1-b1810f2d0f32,0.4
5d4314c5-ac16-5d9b-adde-fa1997a2628c,3031,1af5443d-c28c-5c21-b16a-abf2419a836f,2,olive oil mill to supermarket,8553f58b-d01b-52cc-a0c1-b1810f2d0f32,6082428b-e916-559a-9ef8-309ded64b26a,0.6
23d1ef68-0286-50b1-babc-a1f93d8a90f1,3032,eabfe782-d96b-5092-b568-988710c2a215,1,olive grove to olive oil mill,b5c63658-82a0-572d-93e5-d814444a1716,084caf04-db81-5b2a-b21d-5e6991137750,0.4
3d5c27e7-27cf-5c56-809f-e1762ba3c8db,3033,eabfe782-d96b-5092-b568-988710c2a215,2,olive oil mill to supermarket,084caf04-db81-5b2a-b21d-5e6991137750,81a64a8e-daf7-5a7a-b946-248943a69755,0.6
18a88a66-485c-5a8c-b109-5b1b3e4974aa,3034,92e0d302-ffa7-564f-8e9b-20af711d405f,1,olive grove to olive oil mill,dba35c80-7cbc-5b21-8d4b-fce14cf2673b,8553f58b-d01b-52cc-a0c1-b1810f2d0f32,0.4
33ca953a-5fad-5c41-9218-ef61f5f46f54,3035,92e0d302-ffa7-564f-8e9b-20af711d405f,2,olive oil mill to supermarket,8553f58b-d01b-52cc-a0c1-b1810f2d0f32,78916400-bb9d-5b7a-8bc4-feb947487329,0.6
cac07748-8525-5984-98a9-06c8ace7cdf2,3036,0a15de31-291b-5958-9ae3-df33a8ddc1aa,1,olive grove to olive oil mill,b5c63658-82a0-572d-93e5-d814444a1716,084caf04-db81-5b2a-b21d-5e6991137750,0.4
c94161bf-e14e-55b7-b8fd-48ec63e6b141,3037,0a15de31-291b-5958-9ae3-df33a8ddc1aa,2,olive oil mill to supermarket,084caf04-db81-5b2a-b21d-5e6991137750,81a64a8e-daf7-5a7a-b946-248943a69755,0.6
897d17e5-6cf5-5581-89e4-f5f69331104b,3038,3002c67f-58b6-5264-8f3c-a18c781119c3,1,olive grove to olive oil mill,dba35c80-7cbc-5b21-8d4b-fce14cf2673b,8553f58b-d01b-52cc-a0c1-b1810f2d0f32,0.4
ef4d12b6-230e-5afe-8f41-8ecbd7337135,3039,3002c67f-58b6-5264-8f3c-a18c781119c3,2,olive oil mill to supermarket,8553f58b-d01b-52cc-a0c1-b1810f2d0f32,81a64a8e-daf7-5a7a-b946-248943a69755,0.6
6153fa12-b735-5a8d-9ba8-5a929f4abf3f,3040,106f6d0c-6738-5d2e-b830-2995d5247f0b,1,olive grove to olive oil mill,29e1aef6-b60d-5dae-9429-be8eea4ac7a0,b9587587-04bd-5ae3-9eca-8c383cd79acd,0.4
9409dcea-7fe1-576e-9cc7-e353d67f44bb,3041,106f6d0c-6738-5d2e-b830-2995d5247f0b,2,olive oil mill to supermarket,b9587587-04bd-5ae3-9eca-8c383cd79acd,81a64a8e-daf7-5a7a-b946-248943a69755,0.6
91496971-d9bc-5479-a6da-001f51d0332c,3042,ed34d684-f88b-5d1f-97e1-43270f576238,1,olive grove to olive oil mill,dba35c80-7cbc-5b21-8d4b-fce14cf2673b,8553f58b-d01b-52cc-a0c1-b1810f2d0f32,0.3
5ca7d7c2-fe6f-5c80-931f-e7292e51f41f,3043,ed34d684-f88b-5d1f-97e1-43270f576238,2,olive oil mill to farm,8553f58b-d01b-52cc-a0c1-b1810f2d0f32,b445a6af-cab9-5be1-a725-76181d364ee3,0.2
da3120aa-d96f-5273-baeb-2676b1aff032,3044,ed34d684-f88b-5d1f-97e1-43270f576238,3,farm to food plant,b445a6af-cab9-5be1-a725-76181d364ee3,2be84401-7717-5cc0-aa44-0dbaa5bc81cc,0.25
34d75a8a-c592-5e1d-bde0-8688ce5b95f6,3045,ed34d684-f88b-5d1f-97e1-43270f576238,4,food plant to supermarket,2be84401-7717-5cc0-aa44-0dbaa5bc81cc,81a64a8e-daf7-5a7a-b946-248943a69755,0.25
a1c700ac-299e-5126-9da5-44e5cb26eb5e,3046,0125daac-d72b-5f25-b5d7-22da72fff972,1,olive grove to olive oil mill,dba35c80-7cbc-5b21-8d4b-fce14cf2673b,8553f58b-d01b-52cc-a0c1-b1810f2d0f32,0.4
647d6828-c37f-5f53-849c-7fc062c5066b,3047,0125daac-d72b-5f25-b5d7-22da72fff972,2,olive oil mill to supermarket,8553f58b-d01b-52cc-a0c1-b1810f2d0f32,6082428b-e916-559a-9ef8-309ded64b26a,0.6
894c5ac0-daba-5d10-8bac-9b694e77a6b6,3048,78405b39-97ea-53d1-b5fe-530d85d69d40,1,farm to cooperative,93cdd118-6620-5025-9210-7a01fc5a0a6a,3846ecf5-b4cc-577b-a5dd-cfe51bd5b12d,0.23
3776f6fb-1ab9-5251-af7e-1abd88a12193,3049,78405b39-97ea-53d1-b5fe-530d85d69d40,2,cooperative to roaster,99daba6b-a852-5de3-86f8-4e4837aace26,700afa92-35dd-5f54-8b89-225754f7720d,0.26
97516bb9-7409-5197-a3c4-82cc54c07fbf,3050,78405b39-97ea-53d1-b5fe-530d85d69d40,3,roaster to distributor,72093812-6992-5e2a-b399-b7b8fe8404a0,c44c2104-37a0-5a7e-b21b-4502f5382882,0.31
1c2183e7-d0c5-5ec0-a233-653cbd82447e,3051,78405b39-97ea-53d1-b5fe-530d85d69d40,4,distributor to retailer,4ff5d4b7-19c0-551f-905c-e925106ffbba,39618516-09dc-5856-9d5c-fd79bd0fd05b,0.2
4ef6e02e-c5f2-5a73-841e-e0dd9a75fd9a,3052,dddbada0-5761-57c9-902c-b60a13e7d9c2,1,farm to cooperative,107ed033-bffd-525b-9859-112982397af5,d0514e5c-d1f2-554f-b2cc-65acce57c157,0.1
62a8a70a-79f3-5c64-a081-d95a2cd67a77,3053,dddbada0-5761-57c9-902c-b60a13e7d9c2,2,cooperative to roaster,50c069fa-57c5-5283-96b8-172478cba003,f939b899-0898-5a02-a98a-97a325f219ec,0.3
df3ca879-9944-509f-a93f-66a929d2a021,3054,dddbada0-5761-57c9-902c-b60a13e7d9c2,3,roaster to distributor,027e9790-8866-5cf2-afcd-ffa39c869a5e,c44c2104-37a0-5a7e-b21b-4502f5382882,0.29
5272a038-7e84-5c90-ac98-9d8dcce64dd8,3055,dddbada0-5761-57c9-902c-b60a13e7d9c2,4,distributor to retailer,6adacd0c-daae-58e4-9049-cd3b893f8764,3463d30c-175a-54f6-b3c4-902bd313c4be,0.31
35411d9c-d5a0-5be2-8dde-0ce033baf79f,3056,0f4da2d5-6632-56c3-9779-5fc1f808e27d,1,farm to cooperative,ca78a04e-5aea-5dcd-a535-43e86c420556,5fbf5418-8344-594c-b00f-a6e42e8f6af7,0.24
49eedcfd-4f8a-573b-8cb8-e79292f03be5,3057,0f4da2d5-6632-56c3-9779-5fc1f808e27d,2,cooperative to roaster,ebd48fcb-e753-5440-93ca-f253ce86b67b,861e5607-7c8e-5071-ba2e-3a0450cb6365,0.33
bc5df6d4-030a-53c5-b952-c997c0390cd8,3058,0f4da2d5-6632-56c3-9779-5fc1f808e27d,3,roaster to distributor,0262eea2-ef2b-5897-8f62-090e84f9f82c,7325d674-5b55-50c0-af28-4f2299cace1a,0.16
53fc5240-d42c-5a87-a8db-de6ab47e9dc5,3059,0f4da2d5-6632-56c3-9779-5fc1f808e27d,4,distributor to retailer,c44c2104-37a0-5a7e-b21b-4502f5382882,096c265c-d191-5bd1-bef5-bb32ea1583bd,0.27
c1e5b850-3bf2-58dc-aa07-56d0030e89b2,3060,8ff7461c-f715-50b5-af20-94f94eac627b,1,farm to cooperative,aecd38a0-23f1-5486-a0bb-8a403b7704c4,6f4a171c-41aa-5135-b9a3-8e14050b9b64,0.12
45540681-3da1-5c9a-93cd-0dcbcffe28e4,3061,8ff7461c-f715-50b5-af20-94f94eac627b,2,cooperative to roaster,af0edc82-e2bf-5b33-bd69-a636bfcdc539,0291f084-f8ec-59e1-8ba6-06a6e569911d,0.13
b401ae17-0835-5429-b6ca-bff0ba0dd940,3062,8ff7461c-f715-50b5-af20-94f94eac627b,3,roaster to distributor,c75a1838-a321-567c-8107-ce6cfaaa6b55,6adacd0c-daae-58e4-9049-cd3b893f8764,0.32
99990687-f7fc-5dae-8cc3-08f068184b21,3063,8ff7461c-f715-50b5-af20-94f94eac627b,4,distributor to retailer,6adacd0c-daae-58e4-9049-cd3b893f8764,4173ab46-b88e-5c37-b38a-dd95e4580f2d,0.43
36fa3c32-ba69-5dc2-8557-443e7b7b22e8,3064,4a5e0aa7-ba80-502b-aef7-b3c508c3a15d,1,farm to cooperative,ba3fa82e-91a5-5fc2-8b98-93d104ab1161,f5905f48-bf3f-5122-bd8e-1c87ebad0e3f,0.39
42aec69d-7603-559f-a871-85445e4e0cdf,3065,4a5e0aa7-ba80-502b-aef7-b3c508c3a15d,2,cooperative to roaster,3acdf86f-2521-5c58-9d3b-2eb2a8ad0e3a,69240fbb-4d71-5ccf-af7c-3d0bb3e965eb,0.22
3311ab57-bafb-574f-a17c-86b99a9385d9,3066,4a5e0aa7-ba80-502b-aef7-b3c508c3a15d,3,roaster to distributor,44db27bc-6bf4-5106-a251-5128f7c8ca3b,4ff5d4b7-19c0-551f-905c-e925106ffbba,0.24
141e9ceb-c3b5-56b1-8f5d-b7b1b4bce732,3067,4a5e0aa7-ba80-502b-aef7-b3c508c3a15d,4,distributor to retailer,c44c2104-37a0-5a7e-b21b-4502f5382882,da074142-bbb3-59ba-88f1-cd35ccb7cfba,0.15
1522a415-29c5-5fe2-ab32-0adc43267df3,3068,c95520f4-65c0-569f-b1d4-8da67cf2d449,1,farm to cooperative,4b5bdfb5-f887-5428-960a-ea0db3fb09cd,713688e7-b48b-5fbd-b441-15b4f48f4d5d,0.19
3e2eb8a6-3dea-5b05-94d1-f8e53f913a08,3069,c95520f4-65c0-569f-b1d4-8da67cf2d449,2,cooperative to roaster,d0cd5894-ebe6-5260-a1f7-5c03e68cd205,6ada1d7b-52be-554d-8b1d-13f5fc3834ab,0.32
2cbc68f6-3cfe-58c2-90b3-15fea8ae2878,3070,c95520f4-65c0-569f-b1d4-8da67cf2d449,3,roaster to distributor,d837cd66-9a1d-529a-a6ac-cb9fa7850893,c44c2104-37a0-5a7e-b21b-4502f5382882,0.24
d5010bf3-8fd7-55b9-a830-efc468b87195,3071,c95520f4-65c0-569f-b1d4-8da67cf2d449,4,distributor to retailer,7325d674-5b55-50c0-af28-4f2299cace1a,790f93aa-9203-5d4e-a835-8e44ad6bad68,0.25
8bb0bc88-7327-5d8a-a8cb-49329cdfd167,3072,003f4e82-b4e2-5a44-98f2-f1afec956d5f,1,farm to cooperative,fd500181-3ebd-58ad-b343-0307aaa83522,6c9a5070-de4a-55ad-97af-96c66d86d927,0.31
45de73d3-49b5-570c-9753-373d79e56049,3073,003f4e82-b4e2-5a44-98f2-f1afec956d5f,2,cooperative to fermentation plant,bad3eebd-4a49-51f0-935b-30d3ba6208f5,c2c0db91-6de4-5cc7-8588-ec9fd5d64e3d,0.14
298e9c74-1494-5951-b323-89a17d33bb9c,3074,003f4e82-b4e2-5a44-98f2-f1afec956d5f,3,fermentation plant to factory,1287c7f5-ad18-5460-a907-154695df1ab6,88c3612e-ee27-5608-aa8e-a68bc5b5c3bc,0.19
fb2b6752-8f19-517b-8dc9-0e5be264e864,3075,003f4e82-b4e2-5a44-98f2-f1afec956d5f,4,factory to distributor,b06ab02c-1dea-5d00-9aed-74f4a76828c3,01b19b67-943f-5aaa-8e22-ac99770bd52e,0.21
44266caa-c919-52f5-93f8-f70d32cb88fe,3076,003f4e82-b4e2-5a44-98f2-f1afec956d5f,5,distributor to retailer,c44c2104-37a0-5a7e-b21b-4502f5382882,0bd700ff-a0c0-58bb-9b35-fc283d9cd3ff,0.15
1002d6eb-ffd6-578e-95ab-24b5c15b15ea,3077,f9f68da6-9b15-5435-abb9-6b15107c0f7d,1,farm to cooperative,152b9d4d-3c98-5bde-9142-40494bbfcd15,389bb77c-59c5-5b34-9e47-d99c30655262,0.28
923233a9-e2be-52a9-8326-413e1478497b,3078,f9f68da6-9b15-5435-abb9-6b15107c0f7d,2,cooperative to fermentation plant,d2aaf108-ae74-55b6-9f3f-900ab1cfd9c8,a5845e3f-e66a-5be3-b042-a239a7f34231,0.15
e99a1f7b-cd8f-54d5-8308-3b7499585b40,3079,f9f68da6-9b15-5435-abb9-6b15107c0f7d,3,fermentation plant to factory,e578b91b-557b-56f9-bc90-32f8151e409e,0f585b72-5e71-521f-8080-61a86a9f0170,0.29
2359703a-abba-5bce-8480-eb3dc8a72279,3080,f9f68da6-9b15-5435-abb9-6b15107c0f7d,4,factory to distributor,51d141aa-9506-5509-8f4b-385cebd46eda,7325d674-5b55-50c0-af28-4f2299cace1a,0.15
150807c8-ec1a-5927-8418-663e1be93421,3081,f9f68da6-9b15-5435-abb9-6b15107c0f7d,5,distributor to retailer,c44c2104-37a0-5a7e-b21b-4502f5382882,3463d30c-175a-54f6-b3c4-902bd313c4be,0.13
4d524442-ee00-5b2d-87d9-de53955417cc,3082,5271b173-1b57-5ace-bb35-4253a712a456,1,farm to cooperative,4f14cd93-d107-53d4-a612-7bb96a937fe6,c7784b45-6ba9-59d2-80bd-a613b0a7aab5,0.12
6e0161ba-e913-5e80-aa13-d8fa90e1cbbb,3083,5271b173-1b57-5ace-bb35-4253a712a456,2,cooperative to fermentation plant,68d91cf5-ff09-5c7a-9b6c-adb7fb80d8e4,9fa0921e-6367-57c3-bc8f-68fed0a897d7,0.26
050200a1-7476-511a-a7ec-61d25b1c7c9c,3084,5271b173-1b57-5ace-bb35-4253a712a456,3,fermentation plant to factory,6602b575-96b0-5c3a-afb5-dd5ea53e9929,903a19f1-5393-55fa-ae9d-4adf19154e4a,0.27
9178c0e0-aa2d-5791-af3c-1302a2297910,3085,5271b173-1b57-5ace-bb35-4253a712a456,4,factory to distributor,775dd4f2-8bec-5f1f-9145-211791bd7a85,c44c2104-37a0-5a7e-b21b-4502f5382882,0.16
93a9ba6c-aaaa-563b-893a-972126357bc7,3086,5271b173-1b57-5ace-bb35-4253a712a456,5,distributor to retailer,01b19b67-943f-5aaa-8e22-ac99770bd52e,4173ab46-b88e-5c37-b38a-dd95e4580f2d,0.19
c4f4ee72-c8a4-54f2-aa6d-e968acbb5f49,3087,0caebd2f-fcdc-5ed7-81c6-f4c16e982e3c,1,farm to cooperative,05996e28-0fca-5b80-ad28-aa6bad38e420,4040aabd-71d2-5776-aaad-59468ebef381,0.15
c1f3bbe7-3aaf-5b84-bf14-73432c722ef5,3088,0caebd2f-fcdc-5ed7-81c6-f4c16e982e3c,2,cooperative to fermentation plant,4702ceb9-6cd1-5980-a806-0ce5be5a8017,d17e1a2d-982a-53ef-8ee1-c6474034c64a,0.25
bfcf074c-5625-54c4-a954-32a94aefda4d,3089,0caebd2f-fcdc-5ed7-81c6-f4c16e982e3c,3,fermentation plant to factory,562eb118-bbd4-55cd-8b31-abd21e73cbc1,dc755f10-4d02-5140-a233-16d1be18f659,0.2
df6b278a-b409-5109-ab07-5b026a766db6,3090,0caebd2f-fcdc-5ed7-81c6-f4c16e982e3c,4,factory to distributor,91ffd45b-d752-566d-b0ba-54c9708ca77e,4ff5d4b7-19c0-551f-905c-e925106ffbba,0.16
0a0c41c4-cee0-5b2b-aebc-91edb9e6566d,3091,0caebd2f-fcdc-5ed7-81c6-f4c16e982e3c,5,distributor to retailer,6adacd0c-daae-58e4-9049-cd3b893f8764,790f93aa-9203-5d4e-a835-8e44ad6bad68,0.24
8ca9897b-960f-5a20-be67-6902bdd5ee7e,3092,fa0f8c2e-a6fe-5906-a148-ae3a1ecf42a9,1,farm to cooperative,26efee29-ea0a-544f-887b-7a0118e789b5,3f7007d9-1c43-5191-8dbd-be95e98ada74,0.28
be5d5f8c-f86e-53e6-9f9b-b181b7d11c0b,3093,fa0f8c2e-a6fe-5906-a148-ae3a1ecf42a9,2,cooperative to fermentation plant,0586602a-77c0-59c7-a110-3c0ac6f26080,d344984d-109d-58f1-967a-c10b8e96dad7,0.15
eefc1c42-cd2d-55eb-bbe3-06b7ac0898c8,3094,fa0f8c2e-a6fe-5906-a148-ae3a1ecf42a9,3,fermentation plant to factory,5ea06734-4145-5639-b75e-87aa70440c55,60446dfd-8a66-59af-a9c8-71d6ee6c5da4,0.17
fba29b8a-b0aa-5bc5-a59b-2f20b94cb0b0,3095,fa0f8c2e-a6fe-5906-a148-ae3a1ecf42a9,4,factory to distributor,1da372c8-d952-5ca1-ac47-72dd9480bf08,c44c2104-37a0-5a7e-b21b-4502f5382882,0.11
ba1f897c-4762-5594-ae05-b74aee9e2311,3096,fa0f8c2e-a6fe-5906-a148-ae3a1ecf42a9,5,distributor to retailer,6adacd0c-daae-58e4-9049-cd3b893f8764,790f93aa-9203-5d4e-a835-8e44ad6bad68,0.29
eaf19b6e-6abe-5082-ba12-a6d68ceb7a0a,3097,fef23aa6-b573-5344-ab81-88eac69e1829,1,farm to cooperative,24ae9efe-971c-54ce-bc62-21043d039183,7f35946d-8672-5c68-9cd2-ec078b48fd92,0.21
0a1dca3d-c1ff-56d6-bcc3-a2d6348b0204,3098,fef23aa6-b573-5344-ab81-88eac69e1829,2,cooperative to fermentation plant,0acb0d3a-9ce6-5757-890a-d3cc75499177,68c37bf6-5a85-574f-80f1-2c427a28ca52,0.29
562c7f58-78c7-5849-8708-faf0cc7fb6d4,3099,fef23aa6-b573-5344-ab81-88eac69e1829,3,fermentation plant to factory,a78a2f12-9d1f-54ec-85f7-8f4aec08463d,ae0f6681-9635-54d5-b593-14f53cac9ac9,0.14
0cf5dfcd-bfd3-512e-8161-b8dc4cc5b5c3,3100,fef23aa6-b573-5344-ab81-88eac69e1829,4,factory to distributor,155dc067-8576-5ab9-93f0-6f447a354178,6adacd0c-daae-58e4-9049-cd3b893f8764,0.23
996b8340-c57f-5cb5-8bd4-3fac39d3f2bd,3101,fef23aa6-b573-5344-ab81-88eac69e1829,5,distributor to retailer,4ff5d4b7-19c0-551f-905c-e925106ffbba,da074142-bbb3-59ba-88f1-cd35ccb7cfba,0.13
9eb5adde-98a8-59dc-9b19-e9e106df6faa,3102,1723325b-fef7-503e-b9d7-846e7c92802b,1,farm to cooperative,5bed2ac1-e6e0-54c6-9a35-d36a20cc7976,5d5f5556-66f6-5c76-a96e-fa018ba4aa13,0.27
2f8f1c09-1a95-50ef-9297-b917a64425c8,3103,1723325b-fef7-503e-b9d7-846e7c92802b,2,cooperative to fermentation plant,6a4571ea-0d90-54e3-a9fd-35fdd7f35acd,0c62e1d1-1cb5-5633-b979-b73bdf98bf81,0.08
3b6020a4-9c5e-5f6b-b70f-d84bf25c4f82,3104,1723325b-fef7-503e-b9d7-846e7c92802b,3,fermentation plant to factory,cbca4d53-f3ed-53e2-92ff-7e32327b195d,833cc820-1523-5fae-abc4-3dfdb5285f7e,0.14
2ffa3a8a-ad52-5379-82cb-158ed08b6fa6,3105,1723325b-fef7-503e-b9d7-846e7c92802b,4,factory to distributor,203d8246-d14e-5b01-bea2-eb6c4c7e4e6d,7325d674-5b55-50c0-af28-4f2299cace1a,0.28
c8b40571-b118-5d14-ace4-0a40bdf33df1,3106,1723325b-fef7-503e-b9d7-846e7c92802b,5,distributor to retailer,4ff5d4b7-19c0-551f-905c-e925106ffbba,0ebfb33d-b894-5771-918e-632c9379113d,0.23
49baf03d-544c-5b1e-953c-cdffd1313606,3107,b79bf84a-4cec-5a85-8a73-c88019ba0a54,1,farm to cooperative,049ec500-7d05-5758-814b-fb75b44728b0,b5aab403-6437-5739-ad5e-d7d6e39e5e94,0.29
5f8e60f4-b158-5d51-8b2d-4b85dadb78b6,3108,b79bf84a-4cec-5a85-8a73-c88019ba0a54,2,cooperative to fermentation plant,bd082fe1-bd71-588d-9a78-08b5a116baf8,5c8bedf0-e4d9-5eba-b470-b3d7c9c8867f,0.11
c5aac7ab-90df-51e5-8af0-bc3b4e63a276,3109,b79bf84a-4cec-5a85-8a73-c88019ba0a54,3,fermentation plant to factory,04233726-2e5f-5b1b-a35a-45a400c91f8e,d70b53eb-433a-5ba7-8c7d-73898f69ab94,0.1
a1e1e7aa-57f9-5a55-ba08-5134001e2773,3110,b79bf84a-4cec-5a85-8a73-c88019ba0a54,4,factory to distributor,a64449df-c0ea-5daf-a7b0-5a514054a669,7325d674-5b55-50c0-af28-4f2299cace1a,0.33
51848d62-fc32-5be0-849a-c4cc6a5174e7,3111,b79bf84a-4cec-5a85-8a73-c88019ba0a54,5,distributor to retailer,01b19b67-943f-5aaa-8e22-ac99770bd52e,da074142-bbb3-59ba-88f1-cd35ccb7cfba,0.17
6eb84985-d2b9-5d3f-92e9-55bee08d150a,3112,f4f300ef-b389-5560-bb6e-c3c451b7de68,1,estate to processor,5fe47fb5-8ee4-584b-9dc3-346d85caa377,c2bef029-63be-5c38-a658-6bcc0d8a2c72,0.15
ad8d2b62-f29a-56b5-89be-238b19fd7409,3113,f4f300ef-b389-5560-bb6e-c3c451b7de68,2,processor to blender,955c8062-e6d9-5ad7-8f9d-1638de2577fe,92e29e8a-e40d-5b73-974e-11ea0012bac8,0.29
4a2f2a86-19db-5b00-a0f4-fca91a027d89,3114,f4f300ef-b389-5560-bb6e-c3c451b7de68,3,blender to distributor,d558d95b-373e-56d7-9356-0048e21c371e,6adacd0c-daae-58e4-9049-cd3b893f8764,0.44
08cc1d9a-922a-5ebc-9377-bf6763d71402,3115,f4f300ef-b389-5560-bb6e-c3c451b7de68,4,distributor to retailer,c44c2104-37a0-5a7e-b21b-4502f5382882,790f93aa-9203-5d4e-a835-8e44ad6bad68,0.12
b1189037-e28c-5d38-bc13-d22e5885ce70,3116,dca58130-590f-5720-8bf7-275a44323630,1,estate to processor,a634abc1-4344-5e5e-900e-5f7254c05b3d,4749e7b4-22be-5f17-bbe6-c8a2ba9e8225,0.19
c2be181b-eae3-565f-b255-cd03dba0d2e9,3117,dca58130-590f-5720-8bf7-275a44323630,2,processor to blender,8ee13622-4fbb-50b3-a392-80d11bf6e214,bf3a71b1-f337-5110-8ade-e879b8afee7e,0.19
7090d3ea-9d55-5ff0-998b-6d8f1364b7ff,3118,dca58130-590f-5720-8bf7-275a44323630,3,blender to distributor,4c844dda-ffbd-564a-aa83-9432fbf3762c,6adacd0c-daae-58e4-9049-cd3b893f8764,0.44
0cc9c94a-959a-54e2-ad9c-9943680a6453,3119,dca58130-590f-5720-8bf7-275a44323630,4,distributor to retailer,6adacd0c-daae-58e4-9049-cd3b893f8764,096c265c-d191-5bd1-bef5-bb32ea1583bd,0.18
7d604ba5-f54b-5406-82d0-26181420cc2c,3120,c28fabe1-ef52-5c2b-bed5-17ae0f6fd5b2,1,estate to processor,67c3d001-fbb1-5a4d-8a14-9979be7bbad5,1b35a9a8-38b1-5717-af4f-bc100e58f572,0.36
e5760e87-387e-52b3-b0ac-b4ca6425d57b,3121,c28fabe1-ef52-5c2b-bed5-17ae0f6fd5b2,2,processor to blender,e4db72f3-51b5-59c3-bfde-6f775b2dae5b,b1287e70-3260-5aaf-81ca-d3495a756c81,0.18
28cb2c99-9ae7-57d0-8b24-65fb964912cf,3122,c28fabe1-ef52-5c2b-bed5-17ae0f6fd5b2,3,blender to distributor,f8c4e3a9-cd0c-52c7-a623-3c73e59918ee,7325d674-5b55-50c0-af28-4f2299cace1a,0.27
58cadd5d-f85b-50c3-85fb-3aee6d4c63ee,3123,c28fabe1-ef52-5c2b-bed5-17ae0f6fd5b2,4,distributor to retailer,4ff5d4b7-19c0-551f-905c-e925106ffbba,790f93aa-9203-5d4e-a835-8e44ad6bad68,0.19
39fda984-d54a-5510-8818-9e4e2740e10a,3124,4a6cf708-9818-59e5-9dac-8a10103e17d7,1,estate to processor,e2bf0cec-0e1b-5f65-8600-047aabfed5b4,712fa136-0325-5da0-b8f0-f6aed51529c6,0.16
5f1afb4b-9463-5155-a05d-67eb33457282,3125,4a6cf708-9818-59e5-9dac-8a10103e17d7,2,processor to blender,43e7961d-9874-5c2c-9a17-e40df01104c7,821edbff-238f-5761-af22-d81cbe63cb98,0.48
fd9ca4c8-0b1d-5dd9-9a70-cddc2e172f2f,3126,4a6cf708-9818-59e5-9dac-8a10103e17d7,3,blender to distributor,28ca466a-1cef-57aa-8014-fc9217044a59,c44c2104-37a0-5a7e-b21b-4502f5382882,0.18
75ed278f-d4f2-565a-a1b0-4de2ebeb0d25,3127,4a6cf708-9818-59e5-9dac-8a10103e17d7,4,distributor to retailer,7325d674-5b55-50c0-af28-4f2299cace1a,39618516-09dc-5856-9d5c-fd79bd0fd05b,0.18
bdff27e6-69e9-5756-8c5b-5ce5c2cf6ef0,3128,50ede61f-eb51-5ebe-be90-41f1717188a9,1,estate to processor,68ead86f-239d-5f11-8891-cb707c4d49f2,2420e528-9770-565d-bc5c-c0db12e48d3a,0.27
0ea3c59a-ae09-534a-9e5d-3ceb1eea2951,3129,50ede61f-eb51-5ebe-be90-41f1717188a9,2,processor to blender,a0988825-88bc-5752-971f-f34017b72182,a760b3d2-fbea-5804-be33-bdb304c536c0,0.24
db8f2c6a-ff6b-5d87-a168-9f1312b4627a,3130,50ede61f-eb51-5ebe-be90-41f1717188a9,3,blender to distributor,c9b7b350-d8ea-5b94-a01b-dfcfd343ff17,7325d674-5b55-50c0-af28-4f2299cace1a,0.29
4c6351f5-1aab-5834-b88b-393b8bf61662,3131,50ede61f-eb51-5ebe-be90-41f1717188a9,4,distributor to retailer,01b19b67-943f-5aaa-8e22-ac99770bd52e,4173ab46-b88e-5c37-b38a-dd95e4580f2d,0.2
e14a71c2-035d-5eab-8ab4-f2d6adf8a30c,3132,f0a9c0bf-ea75-5fd4-b57c-b6e1c64fb10c,1,estate to processor,e1a1dd48-1402-5f0b-8b98-1c06d05f9448,1d51ae38-41e4-5942-afbf-0000ea7ac791,0.18
8209e86e-0314-5c87-84a3-6f44b94dd3cb,3133,f0a9c0bf-ea75-5fd4-b57c-b6e1c64fb10c,2,processor to blender,a27f853a-d719-5f3c-92c2-1a5d9df87c3a,fcf0e890-d1ec-5a3d-b114-22dc415ba9b9,0.25
0c0ca1d0-dd84-5ea8-8442-f10eae8f1694,3134,f0a9c0bf-ea75-5fd4-b57c-b6e1c64fb10c,3,blender to distributor,2f767623-0a9f-598a-9f2b-974ee4b10b56,7325d674-5b55-50c0-af28-4f2299cace1a,0.24
212b4929-3a0d-5457-be5b-b5a534948aa1,3135,f0a9c0bf-ea75-5fd4-b57c-b6e1c64fb10c,4,distributor to retailer,7325d674-5b55-50c0-af28-4f2299cace1a,4173ab46-b88e-5c37-b38a-dd95e4580f2d,0.33
3152bda4-7b77-5198-84fb-c5fd3eec90d5,3136,9cd0f172-1894-5f09-91de-8f321e47c38e,1,estate to processor,082e71a2-68be-5214-8473-73aba6e7e76c,8f1587ba-0880-51ab-90d0-c5afcec4a3a3,0.26
0ea80220-a7d5-580d-9942-58c9363378e9,3137,9cd0f172-1894-5f09-91de-8f321e47c38e,2,processor to blender,6026ce9a-169d-5cab-ab8a-512c030e3f1e,80a1c730-614a-5efe-9c60-bee6233b887d,0.19
bc237781-3f83-53c7-b819-c79f79a4ad14,3138,9cd0f172-1894-5f09-91de-8f321e47c38e,3,blender to distributor,019b8cda-19cc-5037-a174-4e2e879a659d,7325d674-5b55-50c0-af28-4f2299cace1a,0.18
ae61c091-85bb-5b23-8cb0-fe029df7b1cb,3139,9cd0f172-1894-5f09-91de-8f321e47c38e,4,distributor to retailer,4ff5d4b7-19c0-551f-905c-e925106ffbba,4173ab46-b88e-5c37-b38a-dd95e4580f2d,0.37
29bef5e5-da49-5502-9c2b-239c1b666a7f,3140,34bf09a0-b553-5c68-83a0-e6cc2aa62b0a,1,estate to processor,a673cba2-104c-535a-9ac4-35720440a847,f19d0d35-1eae-5f37-b8ee-dc66e0b85c85,0.18
24178ba9-f523-5bb3-abfa-5012a04c2b72,3141,34bf09a0-b553-5c68-83a0-e6cc2aa62b0a,2,processor to blender,7b56af05-db3e-5a16-8e89-8e47f632a723,9ce8d425-c687-59b9-8735-9f74d40376da,0.19
519d73fc-49bf-5abd-a52c-35ec31facfb1,3142,34bf09a0-b553-5c68-83a0-e6cc2aa62b0a,3,blender to distributor,51090467-170b-58b9-b04f-75f8e519c3cd,c44c2104-37a0-5a7e-b21b-4502f5382882,0.36
9d9fed55-3aa9-5ec7-bcad-cb9eee3240b1,3143,34bf09a0-b553-5c68-83a0-e6cc2aa62b0a,4,distributor to retailer,01b19b67-943f-5aaa-8e22-ac99770bd52e,790f93aa-9203-5d4e-a835-8e44ad6bad68,0.27
72042880-b8e5-52d3-a570-0a1b9d7241de,3144,0a1643b2-fff8-573e-a5af-f2575ccd431d,1,estate to processor,0db0895b-bfda-58b7-bba3-eaf856b181a4,5001dd61-67d3-55a7-90ec-460104fbca20,0.27
8438b5e8-8a44-50c4-b92a-171762b54511,3145,0a1643b2-fff8-573e-a5af-f2575ccd431d,2,processor to blender,d7a3640e-9436-593a-90fd-9f793b1c7928,72eff4a4-5807-54bb-887e-58c6cddf6b35,0.19
6faa611f-a236-51bb-9699-f8d9fa65fd43,3146,0a1643b2-fff8-573e-a5af-f2575ccd431d,3,blender to distributor,9ff095b5-290b-51d5-8297-e3911c959b43,c44c2104-37a0-5a7e-b21b-4502f5382882,0.3
516580ad-5e5f-5a0f-aa05-2b5775569d8f,3147,0a1643b2-fff8-573e-a5af-f2575ccd431d,4,distributor to retailer,01b19b67-943f-5aaa-8e22-ac99770bd52e,9d8518b0-c0b9-582b-a9b1-1f066f77c5fc,0.24
ff108e02-68c6-50f8-a5e7-6e2700816146,3148,45cbbf5f-794d-5bd9-8dbb-0d6872239325,1,orchard to pressing plant,57b5489e-b5ae-5f7f-94ba-8c0547353fb8,dfa07519-36bb-55dc-a4dd-f408aa4fe8da,0.22
a3cda1f4-9568-51e6-830c-a4020ccbad53,3149,45cbbf5f-794d-5bd9-8dbb-0d6872239325,2,pressing plant to packaging facility,b6309684-5dce-573a-897a-c07c5d34a17f,8035ecff-93b9-5ebb-aa00-4fcb3c4767f1,0.42
20d598c9-854d-56ed-85b7-9c4264dd3d3b,3150,45cbbf5f-794d-5bd9-8dbb-0d6872239325,3,packaging facility to retailer,8f5a854e-4503-5c32-a33d-3571620f9d04,39618516-09dc-5856-9d5c-fd79bd0fd05b,0.36
ed147833-f1d3-5f7f-90b8-3f298baae73f,3151,a69a1bd6-2f15-5964-8de3-a83f35b40078,1,orchard to pressing plant,d6df461f-b129-5144-8a2a-3c80190c5224,4173a7cd-179e-5415-bfbc-c47cbf70349c,0.37
0ca0fc16-0ddf-5c98-a2d4-decf3320d8f5,3152,a69a1bd6-2f15-5964-8de3-a83f35b40078,2,pressing plant to packaging facility,b14c4ad2-e18c-53f6-9022-2ee9d72c9cd0,2be16618-2ade-52c8-8680-899624235e83,0.24
ad6cc5a6-30dc-5afb-9cdf-2ae5ec09664d,3153,a69a1bd6-2f15-5964-8de3-a83f35b40078,3,packaging facility to retailer,2c9307b9-8e19-5609-9f59-69fce5a2fe98,4173ab46-b88e-5c37-b38a-dd95e4580f2d,0.39
d24d3d93-bd01-5059-84a9-9282a47f6edf,3154,dc22a7e0-4d32-58af-b6dd-d2c1f8bb412e,1,orchard to pressing plant,5ea334e6-8098-50fe-b4ed-7d5c47f7db5b,0e204b68-ea11-5f97-8ba6-470b78ae5f66,0.32
4fb7f4d5-a2ea-5727-b689-c484959d495d,3155,dc22a7e0-4d32-58af-b6dd-d2c1f8bb412e,2,pressing plant to packaging facility,692d2aae-3b0b-5b2d-8f99-cd96c078df66,b2de8203-2827-5a76-96ce-c5cd431ac494,0.32
fcd1ac1a-a1ca-5a4b-a5f0-c1f41b5cd340,3156,dc22a7e0-4d32-58af-b6dd-d2c1f8bb412e,3,packaging facility to retailer,ca408a5f-5568-507a-889e-57d1580781e5,0ebfb33d-b894-5771-918e-632c9379113d,0.36
3a2d7f45-d923-5523-9e0e-3d6851e4fae5,3157,e51fe116-5b3f-5e37-8844-13f75f128a04,1,orchard to pressing plant,be4d97b3-b5e9-5286-b0b2-800980a4af0e,6af1c40d-30d5-5a87-b524-d207e99aae8f,0.39
fa41503b-fe89-5e22-826f-b62af59342ca,3158,e51fe116-5b3f-5e37-8844-13f75f128a04,2,pressing plant to packaging facility,b2f183d6-73c4-58b8-ada2-1c00185273df,6f2686e7-b2d2-56e5-9a07-c35a5741dc7b,0.22
d4945d03-48c3-528f-85d2-8599a7d60510,3159,e51fe116-5b3f-5e37-8844-13f75f128a04,3,packaging facility to retailer,88138b5c-a8e9-5147-85bb-1a6da5169ce5,096c265c-d191-5bd1-bef5-bb32ea1583bd,0.39
35ffee78-3e5f-5825-a3da-29e2eb2501d2,3160,da1cf73c-7c33-50a7-89fd-5fd7674a2975,1,orchard to pressing plant,7cd2a16b-e9d6-59a3-8fb4-3fe4f4ed0d97,1daa22ff-45b0-5f06-b8ad-66415bd0ba91,0.41
78884103-473b-58e0-8cef-08ec839d2462,3161,da1cf73c-7c33-50a7-89fd-5fd7674a2975,2,pressing plant to packaging facility,2caa183c-f00f-5f10-bd8e-7cda64cdcce8,46648343-a9ec-5b10-983e-c42c85f94a4c,0.37
6a9d77bf-44fb-53d4-a668-a68f2a8c39da,3162,da1cf73c-7c33-50a7-89fd-5fd7674a2975,3,packaging facility to retailer,ebf304b3-8c23-52ce-97d1-ad13a78071b3,3463d30c-175a-54f6-b3c4-902bd313c4be,0.22
932658e1-c077-5004-bde3-dc98e9464058,3163,0ffc06bd-a24e-5806-8739-f931ffaa9fac,1,orchard to pressing plant,34193075-5f86-574e-903f-e4d477d4f9e2,a6fc5e23-50de-5aeb-8e73-2d5da4b30dbb,0.31
46d68fc6-4b2b-54b1-ae56-ff291c11fd8b,3164,0ffc06bd-a24e-5806-8739-f931ffaa9fac,2,pressing plant to packaging facility,62d46e3a-9589-59ae-8d56-db6ab1f6e03b,e7ff4ad3-ad8c-58e1-b247-3ea500991a59,0.36
3696f58f-c83a-5bb8-aee7-66dd9a62d21f,3165,0ffc06bd-a24e-5806-8739-f931ffaa9fac,3,packaging facility to retailer,ce444b52-89f4-5865-af6b-d99b3b15c363,3463d30c-175a-54f6-b3c4-902bd313c4be,0.33
fa38fe56-bd86-5ff6-8617-806e931f0a5f,3166,7e0cbcca-70b5-5f88-9534-4bb416b8c23a,1,orchard to pressing plant,51e440f2-b42e-5783-824b-d367cb35a5b3,8d91d854-7233-5324-aa71-cf9d908e0e24,0.3
e6647996-a1ab-57e1-af15-b665d3ad9c26,3167,7e0cbcca-70b5-5f88-9534-4bb416b8c23a,2,pressing plant to packaging facility,72d07508-0463-54e4-9b14-f7de29ecb218,12d47cc1-303b-5fe9-abdb-5308da125fe3,0.32
84fb0070-8ea5-5f11-bb88-430f87e9b7e4,3168,7e0cbcca-70b5-5f88-9534-4bb416b8c23a,3,packaging facility to retailer,23c1f6d8-83c3-5c70-93ff-1a763cf91236,4173ab46-b88e-5c37-b38a-dd95e4580f2d,0.38
d4e854d7-b00b-5ca7-a915-b4085da9e225,3169,6c329b73-7531-533f-a300-caaa89b57081,1,orchard to pressing plant,f3d30603-7522-5fbf-b503-fbf3b74aca01,18ddfce6-4361-5a41-9150-6bcee9b6642a,0.42
e0587880-de91-5988-8be7-c68b0de09029,3170,6c329b73-7531-533f-a300-caaa89b57081,2,pressing plant to packaging facility,250b85e5-abb2-5771-97d0-4f052aecbe2f,43b8f1f5-325e-57aa-9e4f-afaedf292fe5,0.14
a25430dc-0c97-5dcc-ba3e-6c4bbcb15c37,3171,6c329b73-7531-533f-a300-caaa89b57081,3,packaging facility to retailer,2861da61-00d8-56af-b029-4b36673da92e,4173ab46-b88e-5c37-b38a-dd95e4580f2d,0.44
1a59b903-ebae-5eb9-b5fc-65acb6dc35c6,3172,5fd350b4-729f-5a6a-991c-4bf6de446db1,1,orchard to pressing plant,f1d2716b-1152-5351-aa0b-9fa9c2f9e1af,c1f9efaf-edb5-5116-928f-1124440c42d8,0.3
49e865a5-7598-57f3-b26b-93c466b2e11e,3173,5fd350b4-729f-5a6a-991c-4bf6de446db1,2,pressing plant to packaging facility,25bd82b0-0d51-5533-afca-823ab09c87f1,b32c5969-b648-5ae2-a303-a386b401b4b6,0.27
eb976649-2b86-55a0-8b9a-75e112a48306,3174,5fd350b4-729f-5a6a-991c-4bf6de446db1,3,packaging facility to retailer,b554ffa6-e577-549a-98be-ba0a12dc827e,790f93aa-9203-5d4e-a835-8e44ad6bad68,0.43
1ed4b8eb-f0f3-5ac3-a6db-803af2cafa8f,3175,9daec94a-9915-51cb-992f-669ca771a941,1,apiary to processor,ca64c8f2-f3bc-5c0a-9b94-759480e98b93,bc6e6503-6cd7-52f6-9753-f4e5f3db0fd0,0.43
c0c153a6-d339-50c0-be81-85dc51d013d3,3176,9daec94a-9915-51cb-992f-669ca771a941,2,processor to distributor,b58be026-9fe5-5b92-b274-c2df2c2a2335,01b19b67-943f-5aaa-8e22-ac99770bd52e,0.28
b9bd1cff-5484-5c35-84dc-a1f8123217c7,3177,9daec94a-9915-51cb-992f-669ca771a941,3,distributor to retailer,6adacd0c-daae-58e4-9049-cd3b893f8764,4173ab46-b88e-5c37-b38a-dd95e4580f2d,0.29
40a5b67d-3761-532c-9d33-ceb35394434c,3178,b90ac73f-5ca6-573c-9cfb-b26dbd00a3d3,1,apiary to processor,e42a9b76-1772-5e4f-b62a-3dbb522f88af,ae6bf159-e18f-573c-a3c9-55b78952545a,0.22
8528f509-1876-5e5c-a0a1-881fc2bc19e0,3179,b90ac73f-5ca6-573c-9cfb-b26dbd00a3d3,2,processor to distributor,aa404455-56a1-57cb-85cb-0da2162f673c,6adacd0c-daae-58e4-9049-cd3b893f8764,0.24
e9951a68-f5a8-57ca-91a0-56b8630dd6b6,3180,b90ac73f-5ca6-573c-9cfb-b26dbd00a3d3,3,distributor to retailer,01b19b67-943f-5aaa-8e22-ac99770bd52e,3463d30c-175a-54f6-b3c4-902bd313c4be,0.54
c4581e1a-70c0-5114-b1d6-70e94278b03c,3181,c4a5d168-7718-56a7-81a7-310962e2aca0,1,apiary to processor,3f9e8de1-3c4b-5bfa-976d-f05521c6064e,3934c0d2-e426-59a6-8c75-87e8ff03ec71,0.44
e18fa679-6f59-559c-88b9-48d7def7c45f,3182,c4a5d168-7718-56a7-81a7-310962e2aca0,2,processor to distributor,204b0c3d-4f6f-5456-8a89-1cf8bd963b1e,7325d674-5b55-50c0-af28-4f2299cace1a,0.22
a1b548bd-ed71-504f-9ec6-67ba4f2e1667,3183,c4a5d168-7718-56a7-81a7-310962e2aca0,3,distributor to retailer,01b19b67-943f-5aaa-8e22-ac99770bd52e,39618516-09dc-5856-9d5c-fd79bd0fd05b,0.34
f512a6a1-095b-57d5-a053-63e9e1b5a113,3184,961972d1-bc00-5f20-a63f-246f7293f2be,1,apiary to processor,884f1309-be56-5704-ab3c-addd75123f5a,e6ce057e-c223-5427-bca6-8f15978e0b4d,0.46
0a2d2186-98b7-56ea-8c73-83bdb6186ce9,3185,961972d1-bc00-5f20-a63f-246f7293f2be,2,processor to distributor,f32530ed-5015-508e-8484-eec542de0d66,01b19b67-943f-5aaa-8e22-ac99770bd52e,0.32
01ed01b2-b956-53b2-a0ff-3811a74a2cff,3186,961972d1-bc00-5f20-a63f-246f7293f2be,3,distributor to retailer,7325d674-5b55-50c0-af28-4f2299cace1a,9d8518b0-c0b9-582b-a9b1-1f066f77c5fc,0.22
b39b1f5c-3cd3-53bb-8fca-7ebc9efbbf9e,3187,0f2a198d-c07b-59db-8228-8e0853305cde,1,apiary to processor,eab1b0df-2f26-5325-9b6b-15ba88946ad9,420221dc-e02b-5c4f-994c-7a45fa410e06,0.4
48cfb719-680f-5ec2-988e-726c1f5d8d5c,3188,0f2a198d-c07b-59db-8228-8e0853305cde,2,processor to distributor,3c337c44-0d25-5972-bcf2-6f90e1620f91,7325d674-5b55-50c0-af28-4f2299cace1a,0.29
f69e3d07-419f-5c21-84f9-9ad7dad2a279,3189,0f2a198d-c07b-59db-8228-8e0853305cde,3,distributor to retailer,6adacd0c-daae-58e4-9049-cd3b893f8764,096c265c-d191-5bd1-bef5-bb32ea1583bd,0.31
c82b12cf-66af-5096-948e-6c7e2e8a7630,3190,0d60e6a4-e959-5c3e-9cfb-22e204929744,1,apiary to processor,1f2b2831-fe20-5bc1-9668-ea0ba022089b,7a9c34f8-2aa2-5711-80b7-5ee6dce46f53,0.31
4c4fa0ee-7ad6-546a-979b-0876f8c7afc4,3191,0d60e6a4-e959-5c3e-9cfb-22e204929744,2,processor to distributor,f39babc4-cb29-5bf7-8809-cdadfa2e10d9,c44c2104-37a0-5a7e-b21b-4502f5382882,0.33
98cf341f-05cd-5e39-9214-c65f8ad69897,3192,0d60e6a4-e959-5c3e-9cfb-22e204929744,3,distributor to retailer,4ff5d4b7-19c0-551f-905c-e925106ffbba,3463d30c-175a-54f6-b3c4-902bd313c4be,0.36
44a9de1f-c06c-5054-bee6-a428d2016d69,3193,9373d074-38f0-5687-bc5a-ea6134f7cacc,1,apiary to processor,083a0e18-ca69-52f7-a1b4-025af725838a,5d1c4d37-bd06-58da-a84c-23883977a938,0.2
bbf9bb7c-2a77-57bb-b4b1-cb795b62e41e,3194,9373d074-38f0-5687-bc5a-ea6134f7cacc,2,processor to distributor,bf69c484-f3b7-52f0-95a7-775ea1057e95,4ff5d4b7-19c0-551f-905c-e925106ffbba,0.41
a34fdae8-3beb-58d4-ba34-e8a0ccfc2d21,3195,9373d074-38f0-5687-bc5a-ea6134f7cacc,3,distributor to retailer,c44c2104-37a0-5a7e-b21b-4502f5382882,da074142-bbb3-59ba-88f1-cd35ccb7cfba,0.39
20d10313-cece-572b-a319-d56be7322e62,3196,e7308a57-b070-56b4-a8b4-1cb1a04ddc8c,1,apiary to processor,32957aed-952e-557c-8f27-0263b0585c56,325cee67-2260-5656-90d0-37e57b86ab5f,0.26
d006918a-1b97-53cf-8bf3-0750194895b8,3197,e7308a57-b070-56b4-a8b4-1cb1a04ddc8c,2,processor to distributor,e7d777c7-2713-514c-a146-5cd9e775eeff,01b19b67-943f-5aaa-8e22-ac99770bd52e,0.43
728fc8f1-6f24-5110-8b39-7de75bcb7b91,3198,e7308a57-b070-56b4-a8b4-1cb1a04ddc8c,3,distributor to retailer,c44c2104-37a0-5a7e-b21b-4502f5382882,790f93aa-9203-5d4e-a835-8e44ad6bad68,0.31
0b62458a-d9a8-5e42-b570-0c791d77289b,3199,5d54ca08-03f8-5abc-b2b0-27ea16e6009d,1,apiary to processor,db50b1ee-4065-58a4-8100-9b77dbc2bf04,42457c49-2d4a-5c59-9305-eb661acd64b7,0.36
ec0a15e3-abe4-5d2a-bb62-9064ac03bf75,3200,5d54ca08-03f8-5abc-b2b0-27ea16e6009d,2,processor to distributor,6b73289f-17e1-5d3c-b0ad-d0226e0218f9,6adacd0c-daae-58e4-9049-cd3b893f8764,0.36
c22f7243-84b2-5e33-b3e0-7de11f6b59af,3201,5d54ca08-03f8-5abc-b2b0-27ea16e6009d,3,distributor to retailer,c44c2104-37a0-5a7e-b21b-4502f5382882,4173ab46-b88e-5c37-b38a-dd95e4580f2d,0.28
7801fc12-0fbb-562e-854f-96d4c570156d,3202,65900a67-9ec2-5bf6-9dd1-babae5f7faa9,1,apiary to processor,2272875e-b0b0-51f5-acf7-330354e2e7a5,32ae4c88-91d9-5843-a76f-a3d1e94a0362,0.36
36ece25d-3180-54d6-b453-e61bc1cd7e2b,3203,65900a67-9ec2-5bf6-9dd1-babae5f7faa9,2,processor to distributor,b82c49c4-417b-5695-99e4-6476bec44182,01b19b67-943f-5aaa-8e22-ac99770bd52e,0.17
b69d85b2-c076-5708-895f-4d627b3a9be9,3204,65900a67-9ec2-5bf6-9dd1-babae5f7faa9,3,distributor to retailer,4ff5d4b7-19c0-551f-905c-e925106ffbba,39618516-09dc-5856-9d5c-fd79bd0fd05b,0.47
70fd78c8-7d21-5dd5-b96e-43ae94448fa3,3205,a18bacfc-19ac-5525-a85c-65870082cf1d,1,apiary to processor,9aab8be8-2b9e-52ba-8135-ebf33a8cc39b,47c4eaf9-0cd8-5c24-92a2-5ad2a0e195a0,0.15
48e78f5a-b836-5cd3-b1e4-15288dd663f8,3206,a18bacfc-19ac-5525-a85c-65870082cf1d,2,processor to distributor,ac50c6dc-7b25-5ea4-a18b-aa55e2860db2,7325d674-5b55-50c0-af28-4f2299cace1a,0.44
9bd6e530-5cd2-5ac0-8f0c-2a4d391e7486,3207,a18bacfc-19ac-5525-a85c-65870082cf1d,3,distributor to retailer,4ff5d4b7-19c0-551f-905c-e925106ffbba,39618516-09dc-5856-9d5c-fd79bd0fd05b,0.41
3a6754ad-22b0-5b1f-a637-a70e2d79773f,3208,f48bad2d-832a-589f-8ecf-a087520b9e6c,1,apiary to processor,3df6250b-c24c-5313-bdbd-0c820d190970,800ac61e-ec9f-564f-9bb6-6e849b5a8844,0.56
f68c39ce-9bd6-5d41-bfac-4c7d7b153846,3209,f48bad2d-832a-589f-8ecf-a087520b9e6c,2,processor to distributor,1f52c24d-4684-55ca-ab4c-5c534070163b,6adacd0c-daae-58e4-9049-cd3b893f8764,0.29
6bffc6b5-5afd-5389-a9a1-b4c544879e3c,3210,f48bad2d-832a-589f-8ecf-a087520b9e6c,3,distributor to retailer,7325d674-5b55-50c0-af28-4f2299cace1a,790f93aa-9203-5d4e-a835-8e44ad6bad68,0.15
92605b76-258d-5030-bc44-f2a1fc5137e8,3211,22ecd446-d259-504b-9d2d-fbef7d4b0276,1,farm to mill,7efea223-4476-5411-9cac-6f4614f3681d,2d065208-e33b-5334-b1b2-89b1fb47f6f9,0.31
ff04d435-a55b-5631-b9a8-7fd93757303a,3212,22ecd446-d259-504b-9d2d-fbef7d4b0276,2,mill to factory,c1b0ca7c-d51f-599b-8016-7382e457f146,8cc9ec04-cbf7-5042-be4e-cc4cff04abf2,0.14
98c39712-260d-55f1-ac89-335f680c9ab1,3213,22ecd446-d259-504b-9d2d-fbef7d4b0276,3,factory to distributor,d03512d1-b68e-5b34-ac0b-6b65aff464a1,c44c2104-37a0-5a7e-b21b-4502f5382882,0.31
e12f5943-5033-5656-b4cb-e41805da5445,3214,22ecd446-d259-504b-9d2d-fbef7d4b0276,4,distributor to retailer,6adacd0c-daae-58e4-9049-cd3b893f8764,0bd700ff-a0c0-58bb-9b35-fc283d9cd3ff,0.24
3520843e-ed53-565a-bc6a-0bff38bf6f6f,3215,d53303ae-8986-5d3c-897e-b6e79f05cd7b,1,farm to mill,942bca9d-bbb0-55db-938f-aa622074a4dc,5b439108-1f3c-5039-bfa5-680991a6ee82,0.22
b168f0a4-2b41-56f3-8ed4-01735aca99da,3216,d53303ae-8986-5d3c-897e-b6e79f05cd7b,2,mill to factory,fdc25907-a3b7-5930-8c0e-017de7e19def,5a62fdee-619a-5f37-872c-a002ac9e779e,0.18
7f84228f-c0d2-5cf4-9a12-47dad0c6f65a,3217,d53303ae-8986-5d3c-897e-b6e79f05cd7b,3,factory to distributor,6d0b048f-96a0-50a0-a8db-57b742972e66,01b19b67-943f-5aaa-8e22-ac99770bd52e,0.22
3ecd4a40-7498-5d7a-aabc-822c59d94ced,3218,d53303ae-8986-5d3c-897e-b6e79f05cd7b,4,distributor to retailer,4ff5d4b7-19c0-551f-905c-e925106ffbba,3463d30c-175a-54f6-b3c4-902bd313c4be,0.38
d2e93dc7-3a26-5384-bd45-d258a99cd7a1,3219,a1a412c7-b193-525c-9865-825106d41877,1,farm to mill,8f73e221-e68e-54e5-a539-6907f3d6379b,706cab2c-d1f0-5166-b0c6-ccb78a35770d,0.25
21181f68-cd01-5bb8-96d5-428aeaf53644,3220,a1a412c7-b193-525c-9865-825106d41877,2,mill to factory,f33bdca7-84e9-505a-a076-15693500fc51,315a6286-eb3f-5bc4-8c9a-e842fff0eba4,0.13
eaed4f0b-cc6c-5103-a5d7-aca22a30381a,3221,a1a412c7-b193-525c-9865-825106d41877,3,factory to distributor,0bb7b866-65ec-58d9-9022-25989916830c,6adacd0c-daae-58e4-9049-cd3b893f8764,0.27
e331072c-0012-5ba6-9339-a7b40bf41b16,3222,a1a412c7-b193-525c-9865-825106d41877,4,distributor to retailer,c44c2104-37a0-5a7e-b21b-4502f5382882,790f93aa-9203-5d4e-a835-8e44ad6bad68,0.35
59f290f7-93b1-5e1e-9e26-8eac3b442b36,3223,e40c4bd5-89ce-5182-9a4f-713191d39d38,1,farm to mill,5423f4b6-f151-5b24-832e-7c217fe0bfd8,2027dd73-238a-5a1a-8ee9-5b0899688266,0.13
c6a893b2-8686-507f-916a-6f79e853fdb2,3224,e40c4bd5-89ce-5182-9a4f-713191d39d38,2,mill to factory,624265bf-3887-5741-9ce3-ab1715a96d9a,1a2cd1fe-214c-56a5-b47a-6040af60f508,0.26
b903f586-7d3e-53fd-a024-289c7de41db1,3225,e40c4bd5-89ce-5182-9a4f-713191d39d38,3,factory to distributor,5000c559-da37-54af-8e5d-7e32c14fafd5,7325d674-5b55-50c0-af28-4f2299cace1a,0.24
ccb4568b-4622-5980-b909-96365f2d438d,3226,e40c4bd5-89ce-5182-9a4f-713191d39d38,4,distributor to retailer,4ff5d4b7-19c0-551f-905c-e925106ffbba,9d8518b0-c0b9-582b-a9b1-1f066f77c5fc,0.37
d74521a4-80bd-58bf-b1f4-549a343747f4,3227,7ecfaf65-164e-5e75-9eb2-b4fcf11de750,1,farm to mill,1fb2973d-d528-5697-bf4e-1b12eac06f0b,f4291fed-354d-533a-a7c7-e451cd8af3de,0.2
58098714-20ba-5dec-a1dd-992071d72ac4,3228,7ecfaf65-164e-5e75-9eb2-b4fcf11de750,2,mill to factory,a0c9fa1a-5374-5ba4-9100-3d3ae7edb27a,ca019494-092d-5c23-8c19-9331d1ee2493,0.19
ae2549f4-395c-5e44-aded-e37013bf38c6,3229,7ecfaf65-164e-5e75-9eb2-b4fcf11de750,3,factory to distributor,038e1089-4831-593c-8764-3dde2b37b132,6adacd0c-daae-58e4-9049-cd3b893f8764,0.28
b76511fa-05bb-54c5-933f-9d4d54742cbe,3230,7ecfaf65-164e-5e75-9eb2-b4fcf11de750,4,distributor to retailer,7325d674-5b55-50c0-af28-4f2299cace1a,a32dd69e-0a60-56f9-b807-9356c46df8b4,0.33
5908503f-5423-5743-932b-cfc2f8708ac9,3231,1b21ebaa-afa6-5f5e-94b6-0fd071c1dfee,1,farm to mill,e0c94677-d70b-564b-b061-0794654dec40,130ed201-8a43-5ef6-8220-3182bcc803a2,0.29
bf5c04b6-272a-5cf0-8e11-1b3beded8655,3232,1b21ebaa-afa6-5f5e-94b6-0fd071c1dfee,2,mill to factory,8ece5e69-aae4-5d52-8eb4-3d6c38c17f16,b55c305b-05e3-59e8-a26e-9f72ce90f4cd,0.42
3cbd4b68-1074-57b1-bb8b-f2b2e644edfa,3233,1b21ebaa-afa6-5f5e-94b6-0fd071c1dfee,3,factory to retailer,f383678c-73df-5fe6-a80f-d7c27d3b07d9,4173ab46-b88e-5c37-b38a-dd95e4580f2d,0.29
90e016af-794d-535d-9b97-cd6cc4795908,3234,71d1ec94-7068-5b03-aa37-77b9803f36fa,1,farm to mill,993f6923-99bc-5333-b9e6-74a34be70ddb,fc354811-6cdf-5d8d-821a-f730aec292fe,0.47
357d635c-4619-5f03-ab7d-1e7cb0721b60,3235,71d1ec94-7068-5b03-aa37-77b9803f36fa,2,mill to factory,c7087489-674e-5b5f-bc04-df3b022379c0,7bc2ea0e-dea6-5d4e-b40d-20f28bb34c2a,0.14
f938f920-0ebd-5a21-8fb3-2ea9eaffeb34,3236,71d1ec94-7068-5b03-aa37-77b9803f36fa,3,factory to retailer,9b52a542-7de5-5f0e-aa26-fc77b7c53121,790f93aa-9203-5d4e-a835-8e44ad6bad68,0.39
53057fa7-2289-5de6-b668-4e4407760efd,3237,c67893e2-b9ad-51ac-ad1e-7c81f09ddf60,1,farm to mill,178e874b-4ce8-52ba-b5b4-4b1b22394204,45a81e48-f494-5a6f-8468-5951835d3e22,0.36
ec29590d-ad6c-5cab-8412-09ad37a0ee3c,3238,c67893e2-b9ad-51ac-ad1e-7c81f09ddf60,2,mill to factory,1d6ee05d-a219-5577-b3fe-f7af4b5ff008,f4bb895f-0c8a-578d-8ba1-2cfb4d10a266,0.24
c6d84ca3-87f1-535d-8436-4e05364272d3,3239,c67893e2-b9ad-51ac-ad1e-7c81f09ddf60,3,factory to retailer,829eb738-c2af-5c6a-8c4a-b02721bc4797,4173ab46-b88e-5c37-b38a-dd95e4580f2d,0.4
92294e9b-7c29-5c69-94a9-67e24631f9b5,3240,f60914c6-0765-514e-ab4c-50eb31cf8672,1,farm to mill,cd43bd8e-b95b-5c54-b912-313dfab0e5a4,59ba82a5-d3c9-596e-8413-75e1bd0d8a63,0.25
e929524f-2c44-52b6-9e79-36bdc910ea63,3241,f60914c6-0765-514e-ab4c-50eb31cf8672,2,mill to factory,d9219d5e-ca93-5f60-beb1-507dcd8458a8,d4abf228-4534-5087-9b29-ddb062c90041,0.38
8160e71d-dab8-577d-8493-9e52570464d3,3242,f60914c6-0765-514e-ab4c-50eb31cf8672,3,factory to retailer,9dc3fb4a-2069-57a7-8f9a-ed38e82af2f2,4173ab46-b88e-5c37-b38a-dd95e4580f2d,0.37
94a9adbb-fd0d-5667-84d0-a8fac317c2ad,3243,a1490ad5-2574-5d0d-a3b4-0f269107f5a1,1,farm to mill,94615d15-b37d-58c0-9c8d-ec54602e5f15,ceae90ed-13dc-5289-b275-276c3f165acf,0.35
3dc633a2-772d-5685-8f79-6b8023147680,3244,a1490ad5-2574-5d0d-a3b4-0f269107f5a1,2,mill to factory,b42e4793-363a-59f7-b022-be1a37ecac14,8f50249e-2a6d-5ec8-8b36-7fc5431875b6,0.29
35c4e8cc-0afe-5318-adaf-ce04f348810f,3245,a1490ad5-2574-5d0d-a3b4-0f269107f5a1,3,factory to retailer,56e3b8aa-0cd4-53c0-a288-a733d16d3d5f,9d8518b0-c0b9-582b-a9b1-1f066f77c5fc,0.36
7a8f560f-5823-5834-824c-1406f8ed8186,3246,334107c1-80d7-5332-9942-e975b4f1de5a,1,farm to mill,e649bcb5-90da-52e4-a679-dc06eabf1c2a,d6f1be01-fb59-5e51-9068-a11950cb0199,0.19
0b558d89-ec82-59da-b5e6-3fcbce1addb4,3247,334107c1-80d7-5332-9942-e975b4f1de5a,2,mill to factory,a0a3eeea-6afe-5dc1-8835-8e5743227ddf,e1cc9dc9-36ff-5ca4-a1e6-75c39b770f07,0.37
10cb7840-2fa6-56e8-bf7f-b3e80425a706,3248,334107c1-80d7-5332-9942-e975b4f1de5a,3,factory to retailer,176a01e0-09cd-5d06-ba80-e7c06552be29,da074142-bbb3-59ba-88f1-cd35ccb7cfba,0.44
da792bff-0353-5517-ace7-a65d0a9e9c14,3249,ab00ecec-36a3-5509-b5c1-b588f3298f64,1,farm to mill,b41dab07-6333-5b2e-8a02-ab946077120d,64378424-1845-5b83-8992-a28f17a80518,0.25
09d0bb0e-4ba2-55dc-8c3b-84ba8aa96266,3250,ab00ecec-36a3-5509-b5c1-b588f3298f64,2,mill to factory,5f4cbda9-2a11-5361-beb8-ef8f40e64a3f,00039228-5d6e-5561-b98c-53bbbf7329ef,0.39
e2da0fa5-6bba-5424-bd50-b38840a48103,3251,ab00ecec-36a3-5509-b5c1-b588f3298f64,3,factory to retailer,9d33dc68-8d63-5e8b-b68a-815cf2f9e42b,a32dd69e-0a60-56f9-b807-9356c46df8b4,0.36
f79f2cac-1fb2-5868-a861-9640b6fc17e5,3252,1d4caf1d-ded8-50ba-85b8-7fbd0be27f49,1,farm to mill,2013052e-4378-55a3-b7d5-1c536c30ddbe,2a081621-7991-5754-8a6c-6a7e266b776d,0.59
c9da5065-830e-5c91-8e81-15e0714c37d3,3253,1d4caf1d-ded8-50ba-85b8-7fbd0be27f49,2,mill to factory,1bf11620-8841-5430-b421-c11e656a02db,1d90c8d1-bc78-576b-a921-1cb1d73f82b4,0.17
5a01ba28-8189-5134-8121-99e1be191c07,3254,1d4caf1d-ded8-50ba-85b8-7fbd0be27f49,3,factory to retailer,5b62b705-18a6-50d3-8884-787457180dd2,0bd700ff-a0c0-58bb-9b35-fc283d9cd3ff,0.24
c227ef10-1408-50c4-a3dd-939a7e8d7cc5,3255,14a2f731-9946-586b-81c6-e8bfd1593242,1,farm to dairy processor,ecb0090a-504a-5807-96a0-3153fa3853cf,a53df0ae-f7d5-557d-a38a-530a3954c5e5,0.36
2c785f1f-acb5-5f3d-8d7a-5e041f0492e5,3256,14a2f731-9946-586b-81c6-e8bfd1593242,2,dairy processor to distributor,b321611a-5f86-5cd7-bde8-08f678e86a13,6adacd0c-daae-58e4-9049-cd3b893f8764,0.46
c5c57a5a-7242-5385-996f-33e17751befb,3257,14a2f731-9946-586b-81c6-e8bfd1593242,3,distributor to retailer,7325d674-5b55-50c0-af28-4f2299cace1a,4173ab46-b88e-5c37-b38a-dd95e4580f2d,0.18
119870c8-58be-5f7e-8f68-657d2ac81153,3258,31a93434-57fb-5e00-99ee-26f6a00d14b2,1,farm to dairy processor,c0ca3701-7177-5a93-800a-66c951358768,71b85d57-1335-5535-9057-e5dbaa811ffa,0.41
20866c2d-b651-585b-8521-b9d5282e956d,3259,31a93434-57fb-5e00-99ee-26f6a00d14b2,2,dairy processor to distributor,2365910a-4339-5c9d-84bc-a75999bfb5b0,4ff5d4b7-19c0-551f-905c-e925106ffbba,0.34
93ab6a60-c66a-5dc3-988e-873a181be31f,3260,31a93434-57fb-5e00-99ee-26f6a00d14b2,3,distributor to retailer,7325d674-5b55-50c0-af28-4f2299cace1a,096c265c-d191-5bd1-bef5-bb32ea1583bd,0.25
471fc822-7a7c-5325-a890-ea538e1288d2,3261,2184d2eb-5e2f-502d-bbd1-ff61b64c4a23,1,farm to dairy processor,8cdf06d3-7d4d-5c4c-8a26-ea90bc70697c,4566d342-01e1-5095-b7f2-9247e2e3d1a7,0.19
a93d4e97-99ab-54a3-8997-f5b8031e91f3,3262,2184d2eb-5e2f-502d-bbd1-ff61b64c4a23,2,dairy processor to distributor,20386717-cbc8-534c-a010-6b40890439c7,7325d674-5b55-50c0-af28-4f2299cace1a,0.44
c902573c-30c4-519a-89fe-c9f7e582e6fd,3263,2184d2eb-5e2f-502d-bbd1-ff61b64c4a23,3,distributor to retailer,c44c2104-37a0-5a7e-b21b-4502f5382882,096c265c-d191-5bd1-bef5-bb32ea1583bd,0.37
9d46fe24-f45c-50c1-bebd-af5d03879e30,3264,27eccc03-c587-502a-be5a-5a5d4aa35b54,1,farm to dairy processor,b5242538-6a9f-5bed-82ba-6d71e99c462c,9fb56a0d-ba0c-595e-836c-8c446cfc5c39,0.22
7312ded7-565e-588a-b76f-63619877c39d,3265,27eccc03-c587-502a-be5a-5a5d4aa35b54,2,dairy processor to distributor,53bc08c3-4bb2-5da9-b670-404319218312,6adacd0c-daae-58e4-9049-cd3b893f8764,0.59
bed18c35-c6d9-5b33-897e-2a84cc8beb9f,3266,27eccc03-c587-502a-be5a-5a5d4aa35b54,3,distributor to retailer,4ff5d4b7-19c0-551f-905c-e925106ffbba,4173ab46-b88e-5c37-b38a-dd95e4580f2d,0.19
906b8229-f155-5c70-85d6-6f3a566ceca2,3267,d2e81760-8058-54d8-a4ca-a7d48d9e39ad,1,farm to dairy processor,d25c0503-38c6-5a7c-ac0f-fd4ed1b82081,54105669-2e08-50e1-8b76-7c2947f3eda2,0.35
8e4c227d-e5a8-5e1f-b0be-d91f64c57a31,3268,d2e81760-8058-54d8-a4ca-a7d48d9e39ad,2,dairy processor to distributor,3b81dcb4-4289-53fd-bae0-3505a37db1fb,4ff5d4b7-19c0-551f-905c-e925106ffbba,0.28
fb8103e3-823a-5154-a86d-35b456c65692,3269,d2e81760-8058-54d8-a4ca-a7d48d9e39ad,3,distributor to retailer,c44c2104-37a0-5a7e-b21b-4502f5382882,096c265c-d191-5bd1-bef5-bb32ea1583bd,0.37
295fe188-122f-51e0-9b50-6ecd0426f975,3270,356221fb-43c5-5f26-9882-b6449a0f334b,1,farm to dairy processor,b000829b-3504-50ca-ae7a-51d906c501b5,119162f8-072f-5821-a8da-c0ad46ed2a0c,0.59
b54ec447-7cf3-59b8-8755-e54b0f13a43c,3271,356221fb-43c5-5f26-9882-b6449a0f334b,2,dairy processor to distributor,07ca221b-7a96-5d18-8f6c-83772a61e912,4ff5d4b7-19c0-551f-905c-e925106ffbba,0.19
08051360-f0c8-5415-9497-2b8db01202c2,3272,356221fb-43c5-5f26-9882-b6449a0f334b,3,distributor to retailer,7325d674-5b55-50c0-af28-4f2299cace1a,096c265c-d191-5bd1-bef5-bb32ea1583bd,0.22
928886f8-e7e7-51a6-afbb-56fe3b76b0f4,3273,8ed161fa-14dd-5faa-87b9-ee936b2436a7,1,farm to dairy processor,66834a45-88cb-5a63-b2b5-2e347f7cd54e,be23b564-c578-5a68-a58f-203d3d45a4a7,0.41
4af1cf24-6f3b-515f-b5dc-5d9572d1dad8,3274,8ed161fa-14dd-5faa-87b9-ee936b2436a7,2,dairy processor to distributor,1fe0313d-853f-59ad-86de-3ccad2523b9b,01b19b67-943f-5aaa-8e22-ac99770bd52e,0.39
9730d503-dc40-5ddf-8295-2fd8dae687b0,3275,8ed161fa-14dd-5faa-87b9-ee936b2436a7,3,distributor to retailer,01b19b67-943f-5aaa-8e22-ac99770bd52e,0ebfb33d-b894-5771-918e-632c9379113d,0.2
7616ea13-476f-56b3-9011-97f1ebb5b074,3276,1de10981-4bad-59c2-87de-173ae763682c,1,farm to dairy processor,e945fccd-865e-57a1-a240-95e3aaa11c0d,f102c954-39d7-536e-98a1-8cd235b3814a,0.32
24144c08-ec51-5a85-9b85-fb202dd63b59,3277,1de10981-4bad-59c2-87de-173ae763682c,2,dairy processor to distributor,b70a09f6-382c-5940-92b8-266a8a3c5084,7325d674-5b55-50c0-af28-4f2299cace1a,0.19
10849d46-c51e-521a-b68a-0db21fb68cf6,3278,1de10981-4bad-59c2-87de-173ae763682c,3,distributor to retailer,01b19b67-943f-5aaa-8e22-ac99770bd52e,9d8518b0-c0b9-582b-a9b1-1f066f77c5fc,0.49
edf40460-198b-5672-8d4a-6bda6f2b7656,3279,98c024f2-2ad6-5a7d-9b39-e9d5816b9113,1,farm to dairy processor,c1474eaf-a542-598c-a873-7535da575175,cfdbacbc-d5b9-5f45-aa7f-e42aac1fa948,0.61
b74d5f39-659e-5840-a88f-04e272d95df2,3280,98c024f2-2ad6-5a7d-9b39-e9d5816b9113,2,dairy processor to distributor,2461cffe-f97c-5d55-bc60-130c4c2400a8,c44c2104-37a0-5a7e-b21b-4502f5382882,0.19
88548fdf-605f-509f-8b6b-efb8dc589253,3281,98c024f2-2ad6-5a7d-9b39-e9d5816b9113,3,distributor to retailer,01b19b67-943f-5aaa-8e22-ac99770bd52e,9d8518b0-c0b9-582b-a9b1-1f066f77c5fc,0.2
576f851b-d2fd-58ab-ae90-dad0c1bea221,3282,4f5fdf32-ab7e-59c5-ba5b-9421dc62dfb0,1,farm to dairy processor,4d6a4bc7-566f-56ef-ad06-fb68dbcd172a,fabd08c3-ae3f-5a77-8a1a-7cb5d80be8c8,0.34
ebd66361-87c6-5830-ac62-f6376f9d4e66,3283,4f5fdf32-ab7e-59c5-ba5b-9421dc62dfb0,2,dairy processor to distributor,0d32bc31-5a59-5514-9bbe-945f9f41605e,c44c2104-37a0-5a7e-b21b-4502f5382882,0.4
60a19112-79d8-5046-bf43-0e32836c916d,3284,4f5fdf32-ab7e-59c5-ba5b-9421dc62dfb0,3,distributor to retailer,6adacd0c-daae-58e4-9049-cd3b893f8764,9d8518b0-c0b9-582b-a9b1-1f066f77c5fc,0.26
a4caacf8-d4c7-5d66-bd73-2f68f81ffa33,3285,d2d6faf6-481d-5b1e-bff4-fcaaa1a86657,1,farm to abattoir,d09c8560-c809-5a98-9652-8cd31929456a,861c8ddd-660b-5193-bae5-7ef4ef3abe87,0.25
60b41f1e-d7b3-517c-b4f1-5f6d9d98926c,3286,d2d6faf6-481d-5b1e-bff4-fcaaa1a86657,2,abattoir to processor,bf2e477d-25dc-5d52-9933-2df236c69975,e20ea1e8-abac-5d07-b302-d07c20717a38,0.36
f9d4de9a-84c4-58c6-b2af-e2643d2a2014,3287,d2d6faf6-481d-5b1e-bff4-fcaaa1a86657,3,processor to retailer,6eb6e0b4-8554-50f9-8a9c-5e91f433c0ad,4173ab46-b88e-5c37-b38a-dd95e4580f2d,0.39
6b55d770-c388-5eb1-a455-1cf906242e07,3288,275cf7a2-34dd-54d2-b19e-e0eeb8a8de24,1,farm to abattoir,6597b7bc-41c7-5b77-b0fe-38b415265516,d8cae2f6-3ab8-5592-9cfa-34986fc41d79,0.45
cda9db51-626a-5716-9fc8-9dbd94f82450,3289,275cf7a2-34dd-54d2-b19e-e0eeb8a8de24,2,abattoir to processor,29bb450c-9269-5cec-8f12-46e428061192,a7fb10cb-d24e-5cb9-ad2f-27a6658f05ca,0.24
ded700be-7c44-5869-b918-e1ed52889b89,3290,275cf7a2-34dd-54d2-b19e-e0eeb8a8de24,3,processor to retailer,98af1751-d056-5e34-b9f5-ccffb735f1cf,39618516-09dc-5856-9d5c-fd79bd0fd05b,0.31
92d6d24b-d259-5ed5-8ed6-9b6952d4ae1f,3291,4363a876-7947-5455-9b17-3721487a1d9e,1,farm to abattoir,32545d5e-b2a9-53a4-bfe6-67827a1459ff,c27631bd-1176-55ff-8fcd-614785fe3c33,0.25
f1090d48-5476-5aec-8b93-3cf0c079cdbd,3292,4363a876-7947-5455-9b17-3721487a1d9e,2,abattoir to processor,351354da-2602-5578-8683-420ecfc4086b,e2e3ba21-b1c1-5e93-a0b8-d51bfd54db8c,0.53
db1f50a1-29bd-5632-af0c-a3168e95ef25,3293,4363a876-7947-5455-9b17-3721487a1d9e,3,processor to retailer,bb597663-1f34-504f-917d-b1706a74d055,0bd700ff-a0c0-58bb-9b35-fc283d9cd3ff,0.22
f195cdbb-b5ca-5b40-8aab-620557397178,3294,fe61420a-95af-5ea1-8eef-11274b821700,1,farm to abattoir,6ac42b6a-5156-5c28-a1bc-88b4d6c5fcac,3512d6cb-612b-5fcb-b5bb-93ebd8975574,0.42
8dede31f-db91-5eb1-8381-9483b7387b2c,3295,fe61420a-95af-5ea1-8eef-11274b821700,2,abattoir to processor,1dbb845b-5d00-511e-84ba-90471aac912c,35a9f4ef-ee8f-5b65-a07b-48b991019355,0.22
ecc4bbec-9ea0-545d-99cc-f9591881d1e9,3296,fe61420a-95af-5ea1-8eef-11274b821700,3,processor to retailer,9d6d2320-1bd5-545d-9b4f-b0da8702380d,0bd700ff-a0c0-58bb-9b35-fc283d9cd3ff,0.36
87ccaf46-7d3b-57f8-8ee0-e90275a0d64b,3297,dd2135d9-113f-58a1-a4ad-39e10794103b,1,farm to abattoir,ff7239f6-2f84-5588-8e4a-dfbee9e56474,4384791d-610f-54e6-9873-7cc926fb274c,0.31
1589c785-7b97-570d-a048-82edadec65ec,3298,dd2135d9-113f-58a1-a4ad-39e10794103b,2,abattoir to processor,5c0068c7-a0a8-500f-a49b-3608f15eb7a6,715074f5-b70e-5de7-85c0-5e2d17647a20,0.42
0c737781-e61e-5117-94c9-e77e6852e096,3299,dd2135d9-113f-58a1-a4ad-39e10794103b,3,processor to retailer,068e5c17-83bf-5147-b3b9-f33a54d2167c,4173ab46-b88e-5c37-b38a-dd95e4580f2d,0.27
958ffdce-3720-5cac-960c-6ee16e10d385,3300,c47f8301-44c2-5e75-b149-baeed168ae7c,1,farm to abattoir,36ce4a9a-dc43-52bc-be02-01e91d339988,dc53b964-0475-5064-9a33-509ac2529613,0.42
80bc57e4-b325-519b-a3c5-5a8932cff0dd,3301,c47f8301-44c2-5e75-b149-baeed168ae7c,2,abattoir to processor,497b9578-55cb-5c16-9410-ee057ae5dd4d,395bfade-da41-508a-87ca-2aba750721cd,0.19
2bdac007-6969-510c-9d9b-81be63e5222e,3302,c47f8301-44c2-5e75-b149-baeed168ae7c,3,processor to retailer,ad6802c0-2994-5396-8044-86257a7a90ea,4173ab46-b88e-5c37-b38a-dd95e4580f2d,0.39
7200f9f6-e886-5b6a-93de-c0dda502e2d7,3303,9ae09c0a-2d7b-5fe7-9a34-9a5e93398967,1,farm to abattoir,fa68e4d3-2a00-549b-bda8-b18e502405f3,ab2da5f4-ee48-579e-80b2-3f6effd861a7,0.45
44bc656f-1612-5a44-a029-2c071f917e07,3304,9ae09c0a-2d7b-5fe7-9a34-9a5e93398967,2,abattoir to processor,21200843-77aa-5626-8ae2-5d0cda52759b,5c0cfac1-db9b-588c-b832-9a4555de2663,0.22
55e8910c-86a7-50a9-ab29-8eddb6b5fbbd,3305,9ae09c0a-2d7b-5fe7-9a34-9a5e93398967,3,processor to retailer,b6d9cd91-13e2-5b61-a878-ff7473271b27,da074142-bbb3-59ba-88f1-cd35ccb7cfba,0.33
139dcf22-5bd2-537c-b34f-8d278f812722,3306,20cb986d-59d7-5aa2-9627-a7664103d069,1,farm to abattoir,ee7c552d-f0f3-5d01-8982-2e7855ffd2e0,6c0beed4-d155-52d4-84d4-096b65baf67e,0.42
979ebd12-60d0-5dd3-841f-908db6199f70,3307,20cb986d-59d7-5aa2-9627-a7664103d069,2,abattoir to processor,a764c7bf-934a-5cce-a0f8-fbbacd9be48c,522bea2f-e037-5dac-8ccb-63610ac593c0,0.16
14c058e7-93ea-5152-8ab2-6613589475ac,3308,20cb986d-59d7-5aa2-9627-a7664103d069,3,processor to retailer,0796e3c5-0563-5fa1-8c7b-c3722bb0496a,da074142-bbb3-59ba-88f1-cd35ccb7cfba,0.42
6aff9223-a6d0-52cf-a977-b2f8aa13b3c9,3309,c8b35ee4-9ebc-5188-8292-b6d7aebb2358,1,farm to abattoir,140b834d-d624-586c-9cad-ed4141b457cd,624b2b1e-f5e6-5ee2-a72a-5ad87602836e,0.26
931bc416-a43d-5e56-951d-7010dba2e056,3310,c8b35ee4-9ebc-5188-8292-b6d7aebb2358,2,abattoir to processor,0957e26f-d6a8-5f91-9c19-e3b37eca0117,c694012f-544e-5303-9f27-3bbc1da55342,0.46
623a72b1-bac4-5e44-b0ca-f47ce958e2c7,3311,c8b35ee4-9ebc-5188-8292-b6d7aebb2358,3,processor to retailer,bced5522-d7d8-5779-b344-2eacc4899a65,da074142-bbb3-59ba-88f1-cd35ccb7cfba,0.28
fd3c229b-0567-5745-9518-e16047b29f75,3312,6d1d4286-c65a-58b9-ae79-560c210662c2,1,farm to abattoir,3c479665-96e5-54b0-a9a4-dfaa3a57d653,2c48d7fa-daec-5521-aae7-6bc49c55e1e6,0.32
788744d8-296b-5df6-a709-c5dfb35ba945,3313,6d1d4286-c65a-58b9-ae79-560c210662c2,2,abattoir to processor,f1c14e80-71c9-531b-8901-1ded3f44a03f,8f3c0fa2-4b8f-58f3-9e10-db3597590dac,0.23
5b40c7da-3588-551b-8ec3-737de7b83821,3314,6d1d4286-c65a-58b9-ae79-560c210662c2,3,processor to retailer,2af207f1-e579-5799-91ed-8bed4d4b1183,a32dd69e-0a60-56f9-b807-9356c46df8b4,0.45
6e0e9528-4e00-5a93-8287-d2bda6f8d73d,3315,107a5329-e4b0-5c80-9dd1-b16990bc3298,1,fishery to processor,d087271b-26fd-58f0-8d08-f5eaf48e50d9,e24ea715-de3c-577d-9f29-5c1836661fdc,0.24
5f8245ef-2925-5947-935f-d9f6989bd70e,3316,107a5329-e4b0-5c80-9dd1-b16990bc3298,2,processor to cold store,4e65e234-cc13-528c-a735-66dd2c5302ba,8fa8c1e2-30bc-5898-b487-31be2b41a221,0.42
ee200aca-94d9-5850-8145-5369d0378de2,3317,107a5329-e4b0-5c80-9dd1-b16990bc3298,3,cold store to retailer,2c4b8488-6a17-54de-a9d2-2c4396c8a43f,096c265c-d191-5bd1-bef5-bb32ea1583bd,0.34
6539f7fa-5aec-573a-b74f-e4213d0f9f6f,3318,482639a8-557f-587d-9290-44114fa09e6f,1,fishery to processor,a44cfde3-8b84-5413-9615-a3133cee9a24,754767cb-aa5f-5135-9090-4d53e534ebfd,0.24
9bb9ec32-c12c-5aa1-abc5-5fab2cb1d8f6,3319,482639a8-557f-587d-9290-44114fa09e6f,2,processor to cold store,62c02aab-8c90-5ee0-bda5-2d580246c372,f7e51e01-660e-5d71-9978-e12bc7efe3f3,0.3
f0fa17fb-305e-57bd-9691-46566d6f9fb0,3320,482639a8-557f-587d-9290-44114fa09e6f,3,cold store to retailer,9defc0ca-cc9b-524f-9508-6d4ea97f3094,da074142-bbb3-59ba-88f1-cd35ccb7cfba,0.46
f2a88bdb-fcee-5452-94bc-1710142eeeaa,3321,a415d0b8-a5eb-525b-9954-cb77d0155c90,1,fishery to processor,262c7223-aaae-5ab9-8900-700d7d60eb8d,d8a91b46-96c3-5778-a50c-a6e126a719c6,0.3
bdadaac0-4999-5a11-b574-511819360503,3322,a415d0b8-a5eb-525b-9954-cb77d0155c90,2,processor to cold store,b28b879e-123d-54fe-8608-fc02d24283ee,9832d0ce-8f5e-5847-9854-4708ddd6e7a6,0.48
d23fcd31-5103-5d1b-bcac-f71720bdfade,3323,a415d0b8-a5eb-525b-9954-cb77d0155c90,3,cold store to retailer,81ee684e-5631-5f7d-94d8-b72a207b10f7,4173ab46-b88e-5c37-b38a-dd95e4580f2d,0.22
d2b3d832-1a0d-5caf-a671-8a0e9cb1a9ba,3324,c8eb4b89-721c-59be-99a0-da4f689e7c7b,1,fishery to processor,252aecf5-1366-53b1-b672-bb7f9aadaa5b,b4671b67-2ace-5bf7-ab7a-912184a7d9f4,0.28
540e673b-a21d-53df-867a-8a96dd839e25,3325,c8eb4b89-721c-59be-99a0-da4f689e7c7b,2,processor to cold store,f15cc733-2952-5a82-af74-a3c3d336b032,eb040303-0095-5b12-9d1a-bc05db2ba76a,0.39
82ea5c35-c2b9-5867-b00e-8fdc397cc00b,3326,c8eb4b89-721c-59be-99a0-da4f689e7c7b,3,cold store to retailer,4f8754e6-885f-580e-9cae-15ac5a871e61,0bd700ff-a0c0-58bb-9b35-fc283d9cd3ff,0.33
2fa779bf-be91-5c0a-9a22-e792929730cb,3327,867a2285-6048-5968-91cf-4887f038d89f,1,fishery to processor,251a5d12-3aa0-5019-a6a4-10bdb0a53f6e,39f1a918-fb38-5736-a01f-4eac679303e7,0.44
09935195-19d7-535c-8ee9-3d5557e713c0,3328,867a2285-6048-5968-91cf-4887f038d89f,2,processor to cold store,77a0b060-c9e7-584b-973f-56769f7ff684,d284692c-6c76-5776-a335-cb56c5ac6366,0.13
37971887-d6cd-57fd-806b-1dcb5f1a10c5,3329,867a2285-6048-5968-91cf-4887f038d89f,3,cold store to retailer,8aec5877-7182-5c02-8617-57c76d217821,3463d30c-175a-54f6-b3c4-902bd313c4be,0.43
5f8942dd-8f35-557a-a98d-195abaf0b5d1,3330,0e90de1f-df13-5b3f-be35-adc8e07918f8,1,fishery to processor,47174198-1ed2-5307-8829-fe40efda780e,ed10f75c-3a39-57a4-a262-cb6d5d8c141d,0.21
796c29b2-bb68-5d6e-bc36-71765034d741,3331,0e90de1f-df13-5b3f-be35-adc8e07918f8,2,processor to cold store,3dde1a1e-47c3-559f-9e03-b464ae4b53c1,a2a80718-6f1c-5f67-b3c5-4508548f5f5c,0.52
f2a4d052-14d2-5248-8874-e7f8698346c4,3332,0e90de1f-df13-5b3f-be35-adc8e07918f8,3,cold store to retailer,9daf153a-3c68-5dc8-bb44-efc23ef78334,0ebfb33d-b894-5771-918e-632c9379113d,0.27
852d7ab7-ddf2-53bf-ac44-640089f43aad,3333,72063d8a-7f02-5e04-8499-b2d43ed43b87,1,fishery to processor,b174949c-4431-56e1-99d0-228cf938716f,509a3e32-878b-5128-923d-4f3eac8baf22,0.36
ff51087b-8bb5-537f-8e20-1265d719fffa,3334,72063d8a-7f02-5e04-8499-b2d43ed43b87,2,processor to cold store,98de49aa-fa4e-5147-a2ab-6b91a38d099a,ca06042f-2724-518f-a602-58f082123e0e,0.17
d365312f-335b-5afc-adce-9700b7a7b58c,3335,72063d8a-7f02-5e04-8499-b2d43ed43b87,3,cold store to retailer,b7955136-b5d3-5cd1-b0c4-1592e1870333,0ebfb33d-b894-5771-918e-632c9379113d,0.47
16dd1add-8625-5f5d-92cd-1c22e92bdfc1,3336,7782bdb2-0efd-51e0-b6b1-160096f06293,1,farm to cannery,52ff6d2a-7d43-589e-ba46-b23f23f7e5b3,8640bf42-f708-5c7d-a3ac-29f61d1074ab,0.38
09403b38-09e9-5104-ac73-b146da63f8dd,3337,7782bdb2-0efd-51e0-b6b1-160096f06293,2,cannery to warehouse,82555327-aab5-504c-8d14-f90609c1ebeb,001bfba3-9bee-5e2d-a354-e76ecb8e7d7f,0.22
b61d920c-65b5-5d7d-a3cd-97d148f8741c,3338,7782bdb2-0efd-51e0-b6b1-160096f06293,3,warehouse to retailer,da189027-fea7-583e-9897-72ec92329475,9d8518b0-c0b9-582b-a9b1-1f066f77c5fc,0.4
7b3e621a-fa4a-57d1-84f8-829a6cd5941e,3339,080ced10-c031-522d-abc0-a17d6a7af432,1,farm to cannery,f7a7afe4-8a07-5f8a-8bb7-a34a6e7eac2b,e956549c-b8f2-5aec-88ce-abc5681f718e,0.2
adf25cac-d249-56d9-a215-3cff6909d419,3340,080ced10-c031-522d-abc0-a17d6a7af432,2,cannery to warehouse,87d16b6c-dd28-5ea7-9f45-912cf5bc0d23,ef6813e8-f861-5039-805e-3aa1b78b1d98,0.54
dc86b789-202c-516b-8735-2ba7123f210f,3341,080ced10-c031-522d-abc0-a17d6a7af432,3,warehouse to retailer,787f382a-eec0-5e94-8e20-ac030c9c9953,0ebfb33d-b894-5771-918e-632c9379113d,0.26
7b16136d-2025-5c94-a1e2-b062853894cb,3342,2661b5dc-3eed-5b45-8af8-32d0662f7e9f,1,farm to cannery,77225c53-39d5-5e51-84b8-8322dbd7f422,145dd08d-dd4e-510d-b4f7-4a7911ff7f89,0.25
3f597d4d-2dcb-59d0-bde7-ea322b84ea76,3343,2661b5dc-3eed-5b45-8af8-32d0662f7e9f,2,cannery to warehouse,576180f1-e78a-544e-ac79-2d4e5540e4b6,fb287b34-97ad-5852-a27e-45807f833748,0.4
9a53a74b-4e2b-56e8-ad93-bd285d23e457,3344,2661b5dc-3eed-5b45-8af8-32d0662f7e9f,3,warehouse to retailer,e4f985f5-db89-5253-a548-a0c2afff6e14,39618516-09dc-5856-9d5c-fd79bd0fd05b,0.35
29ee4932-dba6-582b-9b99-df20af6b2434,3345,472081f8-1008-5fca-9244-8050ddfdc247,1,farm to cannery,3ebba000-2d78-580e-a659-30ec884a7dff,da2ed973-90d4-5796-b18b-a7cd47f4dcae,0.37
8d18cca6-f219-5788-b243-9406bb452dac,3346,472081f8-1008-5fca-9244-8050ddfdc247,2,cannery to warehouse,44a70bb1-ec25-5c4b-ad23-1ef9ac2d79dd,b230eaaa-85eb-590a-b1da-0c6c356ce599,0.19
9bf86f1a-2b63-5a0d-83d5-ab210f1621f4,3347,472081f8-1008-5fca-9244-8050ddfdc247,3,warehouse to retailer,fe2c7fc4-79a1-56fa-97c6-5dd150077a26,0bd700ff-a0c0-58bb-9b35-fc283d9cd3ff,0.44
646028f7-d363-5e0f-9b9b-87bc0f433c3a,3348,2f77cf77-4747-5386-87a5-01343c74faf5,1,farm to cannery,4bdbe168-af3d-53d6-bb31-9c2b85c9f80c,3edfa979-80a9-5f3d-89cf-0ee667f519df,0.43
2c060e83-8066-5552-ada5-a3be618b7881,3349,2f77cf77-4747-5386-87a5-01343c74faf5,2,cannery to warehouse,f0d27fc9-6108-5f05-a150-ef368a21a532,9ba065df-68c6-5f2c-94fd-3aa8dfe52bae,0.21
0e6eb9b2-8e5f-5a2d-98d9-c99fe63a5294,3350,2f77cf77-4747-5386-87a5-01343c74faf5,3,warehouse to retailer,4ce7d00f-f999-5e65-b8d0-8e7c7345b299,3463d30c-175a-54f6-b3c4-902bd313c4be,0.36
77cfcf10-8ccc-59f0-8ca3-0111799a6744,3351,f47c867a-6f0e-581c-bbf6-3e985c9f6961,1,farm to cannery,b37dc6e0-139e-55f8-8f92-a3936d65918b,c5216bce-f2e9-5b84-a41f-900f8f601961,0.26
269716a1-4a93-5edd-90a6-fbf733fda68c,3352,f47c867a-6f0e-581c-bbf6-3e985c9f6961,2,cannery to warehouse,bf6b5d0b-9c57-58ae-be2e-a5a0c431befa,381ce6c1-d404-5b6b-a995-adf5152ff399,0.3
9f5b70af-c09d-5cda-a9ef-302d76c4a97f,3353,f47c867a-6f0e-581c-bbf6-3e985c9f6961,3,warehouse to retailer,4516b89d-db55-5e7d-956b-526dda939991,790f93aa-9203-5d4e-a835-8e44ad6bad68,0.44
204bd312-8869-5417-8963-5247ad530359,3354,e129caf7-c48d-5ed9-82c9-668409b2bfc7,1,farm to cannery,1d8bb8e5-da76-5648-b8f1-9c8ce7ddcb49,e9036d21-925d-51b9-8555-c8699d58a9e7,0.2
def789f7-ceb1-5e70-8f51-681d0ba02ef5,3355,e129caf7-c48d-5ed9-82c9-668409b2bfc7,2,cannery to warehouse,a43928e0-4b16-5c79-a4e0-2efa874df7f4,80c587a5-698d-571d-93fe-3fe72c3c86bd,0.43
0bd4e345-0f40-5525-8360-11dcd2bed0cf,3356,e129caf7-c48d-5ed9-82c9-668409b2bfc7,3,warehouse to retailer,ec0ebeb7-cc17-5b09-a639-aa8a90d59867,096c265c-d191-5bd1-bef5-bb32ea1583bd,0.37
fe98c1bf-7521-52db-b325-ced49cac3449,3357,a7aa433e-a714-5598-94bb-045757fc9a0f,1,farm to cannery,706017af-eadc-52e7-bdb0-72cde3b088ce,32d3ace1-bcb6-5b01-8894-b1d8a4b8ce74,0.44
5bf30a87-6917-5cbb-b828-1dde4ab5b721,3358,a7aa433e-a714-5598-94bb-045757fc9a0f,2,cannery to warehouse,7733e24d-c0b6-5b37-91ad-ae19cbc78f02,13260b58-892f-57a4-9a20-3fab6431e988,0.17
5867a0a2-19cf-58de-b3f5-fa577c7da907,3359,a7aa433e-a714-5598-94bb-045757fc9a0f,3,warehouse to retailer,3a352a38-f00f-5161-9e13-692ce83cb83d,0ebfb33d-b894-5771-918e-632c9379113d,0.39
c99e4108-796f-54ba-a241-1fe77ebad62f,3360,ecb4cecc-9db2-5f1d-a540-6172a1e6ffba,1,farm to shelling plant,a823c03a-1623-59c3-b495-5b662f1ddb58,a218c79e-bf04-527d-a356-f3dfdcc6cf1b,0.34
c266bbd7-d5f9-567a-b79a-75f1f5b44a8b,3361,ecb4cecc-9db2-5f1d-a540-6172a1e6ffba,2,shelling plant to distributor,934945f2-73cf-55c4-a112-575620c7415f,c44c2104-37a0-5a7e-b21b-4502f5382882,0.37
6197ecc1-6377-5276-bf87-7da618aaae74,3362,ecb4cecc-9db2-5f1d-a540-6172a1e6ffba,3,distributor to retailer,01b19b67-943f-5aaa-8e22-ac99770bd52e,9d8518b0-c0b9-582b-a9b1-1f066f77c5fc,0.29
16578650-50ae-5e46-9a84-ef99c36cac48,3363,448537da-5f45-5cc3-8596-196021f26e57,1,farm to shelling plant,11f447b8-008b-5154-803e-e46be15522cb,da2a0e6e-3bbb-59be-af48-68e213d9ec28,0.36
9bc1c1a3-f1fa-5c64-9465-65ca2f3474ff,3364,448537da-5f45-5cc3-8596-196021f26e57,2,shelling plant to distributor,1ab366fe-727f-54cb-a276-a7131248dc81,01b19b67-943f-5aaa-8e22-ac99770bd52e,0.39
1471eebf-bb6c-58cc-9e5d-14da242f86d7,3365,448537da-5f45-5cc3-8596-196021f26e57,3,distributor to retailer,6adacd0c-daae-58e4-9049-cd3b893f8764,9d8518b0-c0b9-582b-a9b1-1f066f77c5fc,0.25
c64957fe-40a5-5146-8d07-63dff110a238,3366,50d82bef-3fac-55eb-920d-29a7a16e6d90,1,farm to shelling plant,8fb3cd86-4b41-5d41-bddd-23e300af3e17,777e4258-58e7-5d94-a162-b5bbc0cb5442,0.29
40de0fd7-3afe-5f2c-ac8c-75b428a9e550,3367,50d82bef-3fac-55eb-920d-29a7a16e6d90,2,shelling plant to distributor,b2bd4f76-ce14-5d76-acbc-33f29f7c4c0e,4ff5d4b7-19c0-551f-905c-e925106ffbba,0.39
cc2098cd-2048-5047-880c-97a391b407cc,3368,50d82bef-3fac-55eb-920d-29a7a16e6d90,3,distributor to retailer,4ff5d4b7-19c0-551f-905c-e925106ffbba,39618516-09dc-5856-9d5c-fd79bd0fd05b,0.32
64070f18-21fa-580d-a5ba-6bbefc8c8713,3369,f42ea80e-3647-5d1a-afda-4248c0dd7f5e,1,farm to shelling plant,936df7b6-ed1e-55ec-96e1-16d5e6c86421,1055eab8-e1d2-5c0e-a0fd-77c2b7106a56,0.26
cd4267c4-3553-5e5f-b640-ca62e646bdf6,3370,f42ea80e-3647-5d1a-afda-4248c0dd7f5e,2,shelling plant to distributor,e1f0ea16-b233-5288-8ae0-4a5dd6813863,6adacd0c-daae-58e4-9049-cd3b893f8764,0.46
b80e6d27-bb94-5cc5-84ea-56148151ebca,3371,f42ea80e-3647-5d1a-afda-4248c0dd7f5e,3,distributor to retailer,4ff5d4b7-19c0-551f-905c-e925106ffbba,096c265c-d191-5bd1-bef5-bb32ea1583bd,0.28
5fa6bca3-5670-55d5-a797-065727c777f8,3372,340c9e77-10e7-5df2-9932-41d6d5bc8841,1,farm to shelling plant,eecc8669-f868-5f42-98b2-a12ef7796760,fab911e3-2168-51a1-8f6a-2e4d22f38c19,0.29
cf314ac5-708a-520e-b85f-01e41d92f7c7,3373,340c9e77-10e7-5df2-9932-41d6d5bc8841,2,shelling plant to distributor,cec2feb6-a9f5-5015-8982-c31d0960fc85,01b19b67-943f-5aaa-8e22-ac99770bd52e,0.19
1addccbe-7400-5d11-842a-1b87d4a03419,3374,340c9e77-10e7-5df2-9932-41d6d5bc8841,3,distributor to retailer,c44c2104-37a0-5a7e-b21b-4502f5382882,a32dd69e-0a60-56f9-b807-9356c46df8b4,0.52
da8402c7-a34a-5755-a40e-7ae09fe94f25,3375,2ea4690a-2fbb-57c1-8c7a-690df8eec1fa,1,farm to shelling plant,40ed6061-b230-51a6-a295-35725ca084fe,8c2f2e0d-a7eb-5143-b60c-20a4b8dc5807,0.31
4591c2c6-4d3a-5db4-92bf-aba4ab292f55,3376,2ea4690a-2fbb-57c1-8c7a-690df8eec1fa,2,shelling plant to distributor,b8fc98b0-47a1-517b-b796-3df72d5c8e5d,4ff5d4b7-19c0-551f-905c-e925106ffbba,0.36
30b77d7e-2bad-5b93-86d1-5f3ec9411ba4,3377,2ea4690a-2fbb-57c1-8c7a-690df8eec1fa,3,distributor to retailer,4ff5d4b7-19c0-551f-905c-e925106ffbba,0ebfb33d-b894-5771-918e-632c9379113d,0.33
5f390526-f561-5e02-b1a4-9ab6ff60ff56,3378,ad024d34-41e1-5a3f-8366-2476c88d07e3,1,farm to factory,9f9c5721-d076-5401-8610-78a339c26ecf,189dadb1-9b64-5d50-b912-b3d180865dcf,0.25
fa7fc960-3ffb-5084-a8cb-a451facb1679,3379,ad024d34-41e1-5a3f-8366-2476c88d07e3,2,factory to distributor,e4b7a8de-aa1b-5c10-8f47-d813d70054c8,c44c2104-37a0-5a7e-b21b-4502f5382882,0.21
d857c176-c7a9-561f-8b42-88fa056702da,3380,ad024d34-41e1-5a3f-8366-2476c88d07e3,3,distributor to retailer,4ff5d4b7-19c0-551f-905c-e925106ffbba,096c265c-d191-5bd1-bef5-bb32ea1583bd,0.54
64f36f9d-45aa-5957-9ae0-cc2b0ca8a112,3381,b86d26ca-e58b-52e7-8465-9d375fd05a7d,1,farm to factory,a0243189-b708-58d9-9cd2-db4749812bb7,8660bcec-3248-5d42-be4e-724731286e6e,0.26
2a5dc728-5fc8-5cd6-8c6c-2d8516b35170,3382,b86d26ca-e58b-52e7-8465-9d375fd05a7d,2,factory to distributor,2b8db94b-64af-5811-89af-aad16b39f2af,01b19b67-943f-5aaa-8e22-ac99770bd52e,0.55
5c14e08e-cd73-5499-9988-7c329bc9a85d,3383,b86d26ca-e58b-52e7-8465-9d375fd05a7d,3,distributor to retailer,01b19b67-943f-5aaa-8e22-ac99770bd52e,4173ab46-b88e-5c37-b38a-dd95e4580f2d,0.19
5a120d42-7481-5446-87d9-27ef64e0a18d,3384,c101b486-f7b4-5e0a-8673-6f7e8be1763f,1,farm to factory,dd8ff60f-b05b-57b5-8249-8f50fa0bfb9a,df3e6268-6e33-5a01-8f01-896c0ccbe0a4,0.18
8a47803b-d7a6-5cc9-af70-ad9c99335a20,3385,c101b486-f7b4-5e0a-8673-6f7e8be1763f,2,factory to distributor,fc0d6ca4-7826-55d8-a019-cc94614ca112,01b19b67-943f-5aaa-8e22-ac99770bd52e,0.39
e6040de5-5d88-59b7-959e-622affa2de6b,3386,c101b486-f7b4-5e0a-8673-6f7e8be1763f,3,distributor to retailer,01b19b67-943f-5aaa-8e22-ac99770bd52e,3463d30c-175a-54f6-b3c4-902bd313c4be,0.43
12c764b0-2b22-51d3-8675-ac1334e27469,3387,265866d8-6951-50f4-969b-7ef2aafab5d2,1,farm to factory,1d1236ee-50e5-593f-ade3-8af2a6867902,4923404d-d1ac-5d29-baf5-e79ed9543934,0.38
3cfcff6f-ed96-5df7-9710-7f934dbbe258,3388,265866d8-6951-50f4-969b-7ef2aafab5d2,2,factory to distributor,15748792-77ce-5ae0-84d7-276b004b46a9,c44c2104-37a0-5a7e-b21b-4502f5382882,0.3
caab3a52-c7e4-513f-b856-68ef94f08196,3389,265866d8-6951-50f4-969b-7ef2aafab5d2,3,distributor to retailer,4ff5d4b7-19c0-551f-905c-e925106ffbba,0bd700ff-a0c0-58bb-9b35-fc283d9cd3ff,0.32
33637b5c-07bd-5611-9848-25e0b22a8713,3390,0aec4ca7-2c3a-520b-a6d1-61e60dee18af,1,farm to factory,3c326f0d-4ae6-5f44-963a-7f8e9fbb212a,7c8a5c3d-1545-57fc-b7f8-91b28d0467dc,0.27
7bc6f020-6be0-5814-8be3-d5bf382772f4,3391,0aec4ca7-2c3a-520b-a6d1-61e60dee18af,2,factory to distributor,8e76623c-ce25-5686-91ba-d9806ddcf128,01b19b67-943f-5aaa-8e22-ac99770bd52e,0.42
52fb8aaf-54d8-5e46-acda-ff8e4ca795ed,3392,0aec4ca7-2c3a-520b-a6d1-61e60dee18af,3,distributor to retailer,c44c2104-37a0-5a7e-b21b-4502f5382882,39618516-09dc-5856-9d5c-fd79bd0fd05b,0.31
33e09d05-7bea-5505-af75-918c5ef94fb7,3393,df94297b-b723-533b-8d4d-a300d457e1e7,1,farm to factory,e7186b47-adc9-5652-b177-c2a60c3bd230,4ffb2836-34e1-58cb-98a5-1a786e68338c,0.47
7492f5e3-2d55-53b0-98f9-b1faeabf5f56,3394,df94297b-b723-533b-8d4d-a300d457e1e7,2,factory to distributor,517fc496-533e-51ec-8df0-9748b4b8a7ce,6adacd0c-daae-58e4-9049-cd3b893f8764,0.24
666b7cb6-8409-547f-9166-0429d90797e0,3395,df94297b-b723-533b-8d4d-a300d457e1e7,3,distributor to retailer,01b19b67-943f-5aaa-8e22-ac99770bd52e,a32dd69e-0a60-56f9-b807-9356c46df8b4,0.29
d44bb0a0-ed11-52e8-ac81-e8c8c9ced4f0,3396,14554e14-0bf2-52b2-8a2f-b43b1f8cc601,1,farm to factory,110979f9-a83b-5fdd-a973-ca609f6e68c6,ef6d0c51-99ce-5fc7-9cb4-71d75965ed57,0.2
3962faee-79e6-50c7-94ea-f287b5fee6f8,3397,14554e14-0bf2-52b2-8a2f-b43b1f8cc601,2,factory to distributor,842932fe-6bf2-500b-9f43-4067fa15f993,01b19b67-943f-5aaa-8e22-ac99770bd52e,0.34
1accbd46-dd30-559a-a8f6-5c355f61bbc1,3398,14554e14-0bf2-52b2-8a2f-b43b1f8cc601,3,distributor to retailer,4ff5d4b7-19c0-551f-905c-e925106ffbba,790f93aa-9203-5d4e-a835-8e44ad6bad68,0.46
6bba4996-9c68-5b0b-b6d0-b6719308909a,3399,5dc324d9-1a77-53f2-8766-a78cc1080f3b,1,farm to factory,1a65dfbe-ca11-5e4a-8a21-fdacaab8d4bd,ab6a5ee9-e813-50e9-9e2b-9b2696d7a2bd,0.22
56af5b96-c6b5-517d-a3c4-40eeb714d34c,3400,5dc324d9-1a77-53f2-8766-a78cc1080f3b,2,factory to distributor,6b7a53e1-89d8-5e63-b05d-939b81370179,c44c2104-37a0-5a7e-b21b-4502f5382882,0.51
7e055fd9-5a25-51d0-b4c3-63e439148d9d,3401,5dc324d9-1a77-53f2-8766-a78cc1080f3b,3,distributor to retailer,4ff5d4b7-19c0-551f-905c-e925106ffbba,da074142-bbb3-59ba-88f1-cd35ccb7cfba,0.27
475bef95-569d-5d45-9530-010bfda44acf,3402,4bbfedd5-3263-5bbc-93d3-4fd2a7435868,1,farm to factory,bf473419-b12c-50fa-85bb-abe24ef25128,609d4842-7394-5f4b-89d8-e95998fa72b1,0.44
33fad769-4875-50f6-b54b-16d0dc09590a,3403,4bbfedd5-3263-5bbc-93d3-4fd2a7435868,2,factory to distributor,9f19f540-c494-5ff7-a7ad-7359b8f22669,7325d674-5b55-50c0-af28-4f2299cace1a,0.31
1ddd3a2f-01b4-5996-8a21-dfea2d774ec5,3404,4bbfedd5-3263-5bbc-93d3-4fd2a7435868,3,distributor to retailer,7325d674-5b55-50c0-af28-4f2299cace1a,0bd700ff-a0c0-58bb-9b35-fc283d9cd3ff,0.25
82831ef9-7698-5060-a1a5-8f2e0d161cb4,3405,8cf25d77-5347-5151-b28b-3ace9d82d1da,1,farm to factory,2c90323a-e16d-58c0-9f53-d2d03d2cfd25,cb99e4df-e950-5d83-92c3-ff8bd3c4b202,0.26
41dda5bc-93ab-5e0b-bca8-a79e824f4dc6,3406,8cf25d77-5347-5151-b28b-3ace9d82d1da,2,factory to distributor,d33a4759-8ddc-5bcb-ae1e-c6326e81e059,c44c2104-37a0-5a7e-b21b-4502f5382882,0.44
cce6af55-8455-598c-bf6d-455698e39889,3407,8cf25d77-5347-5151-b28b-3ace9d82d1da,3,distributor to retailer,6adacd0c-daae-58e4-9049-cd3b893f8764,da074142-bbb3-59ba-88f1-cd35ccb7cfba,0.3
264ab9fb-cb41-57e9-827a-341904b7b5e3,3408,559ee91e-6f54-545f-80a3-0dccdd74a4ac,1,farm to processor,c9901284-fcb0-58b0-a646-0c4494b2fba5,8213557d-5f7f-5030-a23f-a27b462f2b86,0.46
2c75fb42-b1fa-5c00-b32e-c7b6789b8eca,3409,559ee91e-6f54-545f-80a3-0dccdd74a4ac,2,processor to factory,7f6ecc73-da81-59dd-9127-0ce08be79e26,e743bf31-7b72-56fa-ad9c-bd24bfd78f40,0.41
6bc51e8b-2ca5-5287-b285-d56dca90bab7,3410,559ee91e-6f54-545f-80a3-0dccdd74a4ac,3,factory to retailer,3ee7aa6b-1819-5320-9ad5-e449c4f60e22,da074142-bbb3-59ba-88f1-cd35ccb7cfba,0.13
9d3e08d6-d2dd-5afd-9eae-48da605955dc,3411,0da944df-e775-5690-8d65-9d5b4a06f692,1,farm to processor,c198bfbc-c92b-5904-b947-afbefd407692,cd898949-a93a-541e-9730-7fdf1f5107c5,0.39
c507a504-0a52-54ac-85ee-6bbca08f36d5,3412,0da944df-e775-5690-8d65-9d5b4a06f692,2,processor to factory,91e9db66-b6af-54d9-8432-4411e7dc8a6f,d68cf2cb-d56a-5911-aaaa-dd8e743c089a,0.28
c7ddf5ad-70d7-5e07-ac86-eb275ac6da9d,3413,0da944df-e775-5690-8d65-9d5b4a06f692,3,factory to retailer,be98df90-8c84-5c57-9ffa-f855880c7fbc,3463d30c-175a-54f6-b3c4-902bd313c4be,0.33
9e179c3d-1cb3-51df-962b-4eb4f8139f2f,3414,5e8d8c92-b0c9-5e4f-9f6a-594314470d7b,1,farm to processor,a7ac1bf9-555d-5df8-9b37-8450c654532c,2622c0fb-715a-5257-97ee-6d3f71b8232d,0.25
23877e58-de7d-5465-a31b-2137a1c2b97a,3415,5e8d8c92-b0c9-5e4f-9f6a-594314470d7b,2,processor to factory,639df19b-001e-54fa-a462-470adebe4467,6908afe9-9f52-5a7d-9b9b-3f6a2a1936d0,0.46
301bb5cc-0e1a-5517-8b09-e5c15593b7c5,3416,5e8d8c92-b0c9-5e4f-9f6a-594314470d7b,3,factory to retailer,9dec1bb5-3629-5549-a112-cd936f3f8e2c,a32dd69e-0a60-56f9-b807-9356c46df8b4,0.29
6354931b-4b40-53cb-9664-c68540a8d7ba,3417,bf82b2c1-a10d-5cdf-b5e1-8bfc0c7c61bc,1,farm to processor,ab5a8ddb-87e5-554b-95e7-ac6166682f0c,cc6e4b09-080e-50b6-b127-ae51dae4fa68,0.27
3a2d935a-5f28-548e-8db7-ad607cc0b19a,3418,bf82b2c1-a10d-5cdf-b5e1-8bfc0c7c61bc,2,processor to factory,0ac3af02-9a3b-5fcd-8837-ce84e5b9bcd9,df58dd8a-3e3a-5267-b1e1-16ab3b547231,0.34
25583cef-4d10-5761-9eec-eb7b8ad11808,3419,bf82b2c1-a10d-5cdf-b5e1-8bfc0c7c61bc,3,factory to retailer,62a0b5b0-9f59-5919-8952-f773c4694633,9d8518b0-c0b9-582b-a9b1-1f066f77c5fc,0.39
d5c248bb-5f5f-54e5-94ef-9fe2c03caf0d,3420,216225f1-dfa8-57d8-992b-749e520a8f15,1,farm to processor,69f42d70-9913-52e6-b151-c6c1ed6bd6dc,3383fc9e-f928-5bf5-b5f5-2e6b4ad1c2ac,0.44
c97da1b9-63d1-5282-b52d-026158a14a71,3421,216225f1-dfa8-57d8-992b-749e520a8f15,2,processor to factory,1aa4152e-4419-55f8-9716-3f7e0c144554,7d3d7f2a-d69f-55f5-b6e1-e757f7cbc0e4,0.37
327fac44-d48a-5d2b-9555-2c89674fe70b,3422,216225f1-dfa8-57d8-992b-749e520a8f15,3,factory to retailer,b3fb9fd7-805a-5517-9a5a-35f0ff077f7d,0ebfb33d-b894-5771-918e-632c9379113d,0.19
3cbc79c4-e7f4-5035-9a20-1ff0f9c0ac37,3423,a8c2cdac-500f-5981-a66e-efc81ddff902,1,farm to processor,08c76cc2-7523-598b-a34a-92aa2654fc92,e464a796-6735-5b6a-8fa6-bef1c37c0b22,0.47
a19fa686-99dd-5b18-a6e6-15e2fda6ee7a,3424,a8c2cdac-500f-5981-a66e-efc81ddff902,2,processor to factory,f51cd753-5c79-50b5-8dbb-72b5e22d15a1,21f59f5b-3c98-59bb-a595-2e20ba2af52f,0.32
8c663384-4efa-504c-bf18-bc1c27db2379,3425,a8c2cdac-500f-5981-a66e-efc81ddff902,3,factory to retailer,cb5d3697-5f4e-587a-8bef-c50796db8a67,da074142-bbb3-59ba-88f1-cd35ccb7cfba,0.21
6fd9f36c-19f5-5fd2-baf8-7929c4d83eff,3426,deaf42fe-4493-586a-ba05-7e91a243f63c,1,farm to processor,50167a27-23d3-55a0-90fc-f6033cbb2987,05a970cf-9987-5eb6-9001-b0572ef8d4af,0.25
901a7290-100e-5e51-980d-eb8d4209108a,3427,deaf42fe-4493-586a-ba05-7e91a243f63c,2,processor to factory,2bfc584e-6b74-59c1-8f1b-26e6b6d43a0e,01127401-661c-5678-9eb3-6fff49b53878,0.46
953cdaeb-9f3c-5f74-8304-8d426b1b50f4,3428,deaf42fe-4493-586a-ba05-7e91a243f63c,3,factory to retailer,903b0976-245d-5256-a53c-80aac28dd0f5,9d8518b0-c0b9-582b-a9b1-1f066f77c5fc,0.29
8f26c714-9617-506f-823d-722a69083eb6,3429,23d14860-9498-56ee-9d50-ddc213ddecf4,1,farm to processor,70f71f93-01c6-5e50-9aad-e3dadff7a5fc,a84f513c-3f90-5b60-8743-f013bf35e3ae,0.4
d415b207-8bf0-5323-8980-601f423f4b99,3430,23d14860-9498-56ee-9d50-ddc213ddecf4,2,processor to factory,648c9e2a-baa4-557c-84d4-a427412f8ad3,1d95c413-b938-525c-bcf9-a3cd0b896710,0.15
1590d8b0-f031-5f35-ae56-8edc09216b55,3431,23d14860-9498-56ee-9d50-ddc213ddecf4,3,factory to retailer,e619d886-de76-5be8-b936-bc0f8b3717de,790f93aa-9203-5d4e-a835-8e44ad6bad68,0.45
f3e8b488-6e2f-5c38-9c44-92fcaa894da5,3432,321d492e-6a36-5514-bd67-4711dd77c146,1,farm to processor,64d9a5e6-7b44-5689-be39-e8f49c608089,902d0bd8-ed6f-5ea7-aa4c-b281a9626a08,0.21
2647c13b-ddfd-510f-a57a-d08d4681e127,3433,321d492e-6a36-5514-bd67-4711dd77c146,2,processor to factory,6e5f096b-2bbc-5e18-988a-b5202e97bf33,3f1765de-90b2-50b2-8d92-19ad058fa864,0.44
60bef4e5-4fc8-521d-a047-c51a1b581df7,3434,321d492e-6a36-5514-bd67-4711dd77c146,3,factory to retailer,da442636-3f8a-595c-b5a7-9ff9de9bb73b,39618516-09dc-5856-9d5c-fd79bd0fd05b,0.35
539d771c-0f6c-53f3-9753-231881817d1c,3435,5670277e-dd9c-52e0-b304-7aeb6bdfac17,1,farm to processor,88cccb65-4585-563e-a37d-4aefb4cf40c4,99f867b3-4a85-5ca1-8163-07083818dafc,0.45
cd849add-b0aa-57ff-bffc-4bc18468a263,3436,5670277e-dd9c-52e0-b304-7aeb6bdfac17,2,processor to factory,6ed44c97-2d99-5ccc-a0f0-dfe4826a1edc,23a95d73-3c45-5f9f-91cb-448781671d1c,0.23
894dff87-578a-5d21-8bfe-1b8ec6a31550,3437,5670277e-dd9c-52e0-b304-7aeb6bdfac17,3,factory to retailer,58ae23d2-fd3e-55c3-ab5b-7d774c6c7680,0ebfb33d-b894-5771-918e-632c9379113d,0.32
91452462-60b3-50a3-bdf6-d5091a20baef,3438,b1be0a9f-cbb7-55eb-9ef4-7269f8e69eca,1,farm to processor,090496a3-227b-5326-84e8-6b600d64ebb0,eacc50c6-bce1-561a-a752-5273a6c58869,0.33
7b4e9377-47e6-50eb-a4c2-0ad4c5223e41,3439,b1be0a9f-cbb7-55eb-9ef4-7269f8e69eca,2,processor to factory,021adfb8-e52b-569b-8d7c-84c8f5b9bf9d,8a10bf4e-0dd4-56ca-bdc0-9f416da85686,0.51
151b3c91-5f06-55e0-9d7b-1403e25f5140,3440,b1be0a9f-cbb7-55eb-9ef4-7269f8e69eca,3,factory to retailer,c3399f24-6249-578a-9df0-3cdba0dd3f90,0bd700ff-a0c0-58bb-9b35-fc283d9cd3ff,0.16
e57e44b5-23d0-58bb-b4aa-10d7b683ef2e,3441,50a87220-7919-574f-9a72-693a53d24c06,1,farm to processor,d6909f12-7c2b-52f5-9af8-0c04b17425b9,bb427175-3fcf-5096-9fc4-eb4f5b695263,0.45
867e605d-d98d-561a-b6b3-1557bab8cd01,3442,50a87220-7919-574f-9a72-693a53d24c06,2,processor to factory,380a142e-b2c5-5c5e-b1f7-0f20ac5b09f2,72d78661-b873-55c8-a61b-9d2b99b0f94a,0.32
0eee5225-1084-545d-b2cc-f54c93f7385c,3443,50a87220-7919-574f-9a72-693a53d24c06,3,factory to retailer,221fb22b-51ae-5500-87ee-015d1ce973bb,0bd700ff-a0c0-58bb-9b35-fc283d9cd3ff,0.23
ab7f809c-58d5-542b-b87a-518ca8a8995a,3444,9c6906d1-b977-5686-8553-6e0da2d1cfff,1,farm to processing plant,d17c3d3d-9e59-58fb-a401-fd4a8574dcbe,fec1ef7b-ab31-5366-9bd5-205d431d9ee9,0.44
641feb1f-2887-5acc-98c0-5e0ca8e44526,3445,9c6906d1-b977-5686-8553-6e0da2d1cfff,2,processing plant to cold store,dafdf9f8-3479-5821-9f7f-dae83397ede6,770d4842-81e1-5396-b90e-3d9b3f7d3845,0.4
d537a923-38a8-5774-a883-cd6d1956733d,3446,9c6906d1-b977-5686-8553-6e0da2d1cfff,3,cold store to retailer,232e90e3-b292-524d-9be5-752963fd9c5f,9d8518b0-c0b9-582b-a9b1-1f066f77c5fc,0.16
e62c765f-5210-5cf3-a5dc-77c63d8e4749,3447,5942796e-186e-5121-b613-138f5f460455,1,farm to processing plant,cf4b414e-b3f6-5324-834e-4c42d3bffe08,d1fc9be7-87f5-5ff9-8bcb-ca90a88a7a90,0.4
949cc699-1ae3-5bc6-a907-0c9ca0f59aab,3448,5942796e-186e-5121-b613-138f5f460455,2,processing plant to cold store,07a45f68-dfc3-5d15-9ffd-d5798858bda5,0cc744b9-c9ea-5fde-9cbe-d0aa8747214e,0.24
212bdf95-6623-55f4-9262-d7b59d5ccab8,3449,5942796e-186e-5121-b613-138f5f460455,3,cold store to retailer,9b05992e-8618-5885-964b-54345c5d2ad4,0ebfb33d-b894-5771-918e-632c9379113d,0.36
276fefa8-018c-5119-90b8-669ce20bc3eb,3450,65c3c1dc-aa9f-57e6-a305-9e4854ac6deb,1,farm to processing plant,bfd1cd58-62a0-5405-9c37-4ae36c4d7edf,0b78782c-30a6-5d56-8fbd-bb28c629f4df,0.34
0f398752-9a9e-570b-a659-ba4512345695,3451,65c3c1dc-aa9f-57e6-a305-9e4854ac6deb,2,processing plant to cold store,99349b96-0cbf-5146-bbc5-5c9b0f43ae8b,eb753183-4c73-5d7b-b8a7-816dfce45e6e,0.21
0583f032-2e9b-5511-bf45-0b64d2268313,3452,65c3c1dc-aa9f-57e6-a305-9e4854ac6deb,3,cold store to retailer,9b1cc3d8-3b5b-50d2-95af-7a333e4b072c,39618516-09dc-5856-9d5c-fd79bd0fd05b,0.45
a706e9fc-fcdb-56e9-b03b-e22dea368886,3453,d2dea250-c2c1-5d51-bf16-b3e569ba23ae,1,farm to processing plant,bad49e01-748f-52d7-b453-8ca09cd369e8,2ac692b8-eb0e-5a17-9f3a-e5e23c1e4edb,0.29
1fbd8a5f-a079-5d8c-915c-b9813a1d0cf9,3454,d2dea250-c2c1-5d51-bf16-b3e569ba23ae,2,processing plant to cold store,b42853d2-f254-5ce6-9983-72dbcde21688,2106e228-b01e-594e-800f-946e60c7f80a,0.35
f514d4db-299d-5e91-9473-e6464d28454b,3455,d2dea250-c2c1-5d51-bf16-b3e569ba23ae,3,cold store to retailer,8a630f73-90f0-512b-a569-eeeeae75b955,0bd700ff-a0c0-58bb-9b35-fc283d9cd3ff,0.36
c4ee6d7b-deb5-5c0b-8d02-2719849760b4,3456,6c9acb95-28b1-53f3-b194-b8503c0ba19f,1,farm to processing plant,ada47db3-8fc3-5407-9fe9-f126554a444a,85f59bdd-d63c-5eed-90e8-c0a8d75478e7,0.4
ce5065ce-7e5f-564e-b0d7-1007cf02f582,3457,6c9acb95-28b1-53f3-b194-b8503c0ba19f,2,processing plant to cold store,6c5292e8-93a0-5628-8345-56a60eb613f1,19f40e2d-d038-5838-b3a0-3c57e2973e64,0.34
e8943616-eaf4-5471-bd57-7f5e6db5d89f,3458,6c9acb95-28b1-53f3-b194-b8503c0ba19f,3,cold store to retailer,77da6179-c2ec-5267-97ac-47f0d6596138,4173ab46-b88e-5c37-b38a-dd95e4580f2d,0.26
1741ca3d-bb18-57a4-af45-5a432e079514,3459,68e79028-d138-5f55-a3f2-188d2ea586ba,1,farm to processing plant,96af6b7b-a14b-5d2e-ba41-10873e1e6b15,d1a95ff4-4dfc-528c-9a8c-7d2e6b7dabf3,0.28
b3535e8d-d478-5414-8d1e-c34b70e1c910,3460,68e79028-d138-5f55-a3f2-188d2ea586ba,2,processing plant to cold store,deaa0c4e-6fa4-5721-b7e5-558b520f63cb,1414ee1b-ea02-5ad5-88e4-0046404bdae0,0.28
bc1de6e5-14ee-51eb-90cc-82a1e777be7a,3461,68e79028-d138-5f55-a3f2-188d2ea586ba,3,cold store to retailer,ca3e93b0-2382-5e42-b9f7-3e1c83dbe2f4,3463d30c-175a-54f6-b3c4-902bd313c4be,0.44
981c1d36-e195-52a9-85de-3f94df9786d3,3462,9cdc0108-54a9-5e98-8980-ca34fa401b18,1,farm to processing plant,deb9c0b2-c235-5524-ab96-546c85222d81,5451b640-05d0-5a07-bb0a-90cb2e988c10,0.4
e633be5b-940d-5cf2-8ab9-bd89b35037e8,3463,9cdc0108-54a9-5e98-8980-ca34fa401b18,2,processing plant to cold store,2259cf5a-6350-5400-84fe-eaacda2bc54a,ce8a34e6-761c-5876-a007-99158dca44d0,0.4
2e502234-74aa-5ba6-8087-18ba8f2d6c05,3464,9cdc0108-54a9-5e98-8980-ca34fa401b18,3,cold store to retailer,9926e0bd-350a-53e8-bdde-ca2f817a1b65,da074142-bbb3-59ba-88f1-cd35ccb7cfba,0.2
abfa8cff-070f-5dd9-a7dd-3b32e1f0e81f,3465,238f9786-60be-5e59-b49c-7bba051bd340,1,farm to processing plant,343dadfc-615f-5915-b541-60d387e9ee2c,e7fa9f05-320d-5ec3-9cab-cd0f50562415,0.23
c4f650a7-4663-5840-abd6-c8eefe513bba,3466,238f9786-60be-5e59-b49c-7bba051bd340,2,processing plant to cold store,e5ce68da-0bfe-571e-89f3-f15f277c106e,e518c236-66d4-5243-86c9-d98a50a174c4,0.56
b438d946-2219-559b-ad6e-0ab0a4f2cd44,3467,238f9786-60be-5e59-b49c-7bba051bd340,3,cold store to retailer,b2640254-fba6-584b-a7c8-7c520922e7a0,39618516-09dc-5856-9d5c-fd79bd0fd05b,0.21
e1f9dffc-2424-5e3b-a80f-166fbfc7a697,3468,f57916fa-004f-5d6d-bfcd-88ab37231edc,1,farm to processing plant,454eb0b3-c1c9-5218-8ffb-b924a08cc561,85cdd76c-d626-5c37-ac64-58d6c9601285,0.48
d23eaeb3-8a27-53a7-912c-e55b5569c9af,3469,f57916fa-004f-5d6d-bfcd-88ab37231edc,2,processing plant to cold store,34b89d33-c58f-5841-a119-503bbfec6d79,f3ceb2d3-73e9-50cf-8f55-d0369dc30c92,0.22
70e0fc54-07c2-58d4-ab72-dc8cdecffbae,3470,f57916fa-004f-5d6d-bfcd-88ab37231edc,3,cold store to retailer,e418de4e-d1ac-5e4d-b5d9-5b1e51afc994,096c265c-d191-5bd1-bef5-bb32ea1583bd,0.3
1ef84757-d41e-5372-be02-c9db8fdce436,3471,78cca17a-9ab9-5129-955e-1d1868f9d867,1,farm to processing plant,9d971266-63b7-5458-b80a-473a4f94bbd1,5e51206f-7455-504b-af15-287982faa35b,0.27
ccb418f9-02e6-5480-af17-c1f18785f2ec,3472,78cca17a-9ab9-5129-955e-1d1868f9d867,2,processing plant to cold store,4b5ea04f-fb00-5693-bd65-6cef5a0fdb43,29ca7f59-a160-5d4c-b147-d6e23846b390,0.4
75eaec26-05e1-587f-ab53-8a24cb7454ef,3473,78cca17a-9ab9-5129-955e-1d1868f9d867,3,cold store to retailer,9bbd57f4-7f42-5635-9b22-822f43d145e9,3463d30c-175a-54f6-b3c4-902bd313c4be,0.33
2d1aac12-d5f7-5a95-b1fd-0174c75430e2,3474,daefd259-0dfc-5ab6-9b19-2b863f838aef,1,farm to processing plant,2d575d04-1bfb-57ea-b4f1-019c86f3bbc3,83f7f7d1-1cd9-515b-a204-7e1229cd211b,0.36
62eb9f1f-6f7c-5a3b-b55e-213b7a4cbe81,3475,daefd259-0dfc-5ab6-9b19-2b863f838aef,2,processing plant to cold store,b4568036-3f15-59ff-ae7f-ae06975c52b4,40a21af4-0f67-51dc-9eb9-66fd81f23f40,0.14
4527d098-5e5c-585a-a312-61f8abbe0fe7,3476,daefd259-0dfc-5ab6-9b19-2b863f838aef,3,cold store to retailer,ed8346b6-61dc-5fd2-b461-a80df670e98c,790f93aa-9203-5d4e-a835-8e44ad6bad68,0.5
f5f9da43-1aba-51dd-a629-ab98d200cb63,3477,8f43030d-42c5-5c6e-a9d5-00e93037a0aa,1,supplier to bottling plant,d576da77-8fe9-5234-a591-8f3343803570,c9ee534a-10bb-5080-95f4-3986d4bc0b22,0.28
3544f5db-77ee-50ac-9673-c322558e122d,3478,8f43030d-42c5-5c6e-a9d5-00e93037a0aa,2,bottling plant to distributor,9e13869c-a259-5500-a5f3-abf0a20f9b26,7325d674-5b55-50c0-af28-4f2299cace1a,0.32
5587b445-b464-5ad4-9f82-e150102f46b5,3479,8f43030d-42c5-5c6e-a9d5-00e93037a0aa,3,distributor to retailer,c44c2104-37a0-5a7e-b21b-4502f5382882,0ebfb33d-b894-5771-918e-632c9379113d,0.4
607ec264-a83b-51f1-95b4-263bdad7e061,3480,5bf6eee8-0fc0-541d-ad9c-d0aa3bc7a6d8,1,supplier to bottling plant,510dbea9-5a61-5442-a3b5-22a5463a365c,97ea88a6-fbe5-518c-abd2-08360b809c5f,0.2
1bacf24a-6c8e-5209-b0b5-61ceb28f5583,3481,5bf6eee8-0fc0-541d-ad9c-d0aa3bc7a6d8,2,bottling plant to distributor,c6571204-721a-5274-ac4b-4c48db6c0b4a,7325d674-5b55-50c0-af28-4f2299cace1a,0.58
3ffbfe00-8409-5ee0-9401-30b4ebbf5e52,3482,5bf6eee8-0fc0-541d-ad9c-d0aa3bc7a6d8,3,distributor to retailer,c44c2104-37a0-5a7e-b21b-4502f5382882,0ebfb33d-b894-5771-918e-632c9379113d,0.22
c7a97850-cd2a-5509-8b9d-db0b7b1b7e28,3483,57d8a259-e736-5422-b74e-287108555535,1,supplier to bottling plant,f02678e1-fd7a-549d-b205-793a2e5ce151,be775405-4570-5c8b-ab2c-6d3bd02ed405,0.31
1d00dd13-617b-57c3-b218-b13723e5768c,3484,57d8a259-e736-5422-b74e-287108555535,2,bottling plant to distributor,48699594-e461-5070-b59c-503bdc83bb31,6adacd0c-daae-58e4-9049-cd3b893f8764,0.42
94b954c5-cb4c-516a-b9d7-273396c69af4,3485,57d8a259-e736-5422-b74e-287108555535,3,distributor to retailer,4ff5d4b7-19c0-551f-905c-e925106ffbba,a32dd69e-0a60-56f9-b807-9356c46df8b4,0.27
c4e11ff6-c9e9-5303-a6a3-c659a8fd96c8,3486,8526487d-c22e-5a63-a39f-735285f2ae0b,1,supplier to bottling plant,24a18669-9bc1-5b8d-9992-deeec7a5a84f,f25add93-f03f-592c-8600-f3bb8144e927,0.35
95903bf9-6fb8-57a9-a2be-c877e5ed4608,3487,8526487d-c22e-5a63-a39f-735285f2ae0b,2,bottling plant to distributor,307bbf91-edb2-5a8c-8633-5fae3fecdc20,4ff5d4b7-19c0-551f-905c-e925106ffbba,0.38
b97b15d5-f527-57de-bdd2-e977a6b54256,3488,8526487d-c22e-5a63-a39f-735285f2ae0b,3,distributor to retailer,c44c2104-37a0-5a7e-b21b-4502f5382882,39618516-09dc-5856-9d5c-fd79bd0fd05b,0.27
f3376713-1f8c-5c4d-bf7b-93c796f77235,3489,add817e0-489e-5f55-9bf6-c4c6b2307834,1,supplier to bottling plant,3dd0b126-ebf3-5b8e-90f3-12eeebc67677,c2078125-d784-568e-8c56-e3c96a6c361d,0.2
886c15d0-689a-5952-83f9-cc4e4e6e7873,3490,add817e0-489e-5f55-9bf6-c4c6b2307834,2,bottling plant to distributor,5cafaf57-d68b-5a9f-ba3e-1b652bf092f5,4ff5d4b7-19c0-551f-905c-e925106ffbba,0.51
dfd8fdfb-0d44-5b18-8b28-f7d7e5d1e407,3491,add817e0-489e-5f55-9bf6-c4c6b2307834,3,distributor to retailer,7325d674-5b55-50c0-af28-4f2299cace1a,0ebfb33d-b894-5771-918e-632c9379113d,0.29
f8ba5e8b-25f6-5b15-923d-a7352c0b2b8b,3492,ce9d2b2c-f82a-5271-a442-d26b778a8367,1,supplier to bottling plant,72259a62-de22-5828-84e0-d97bf3fbf09d,a8ec99d5-4a73-5e06-b23c-bc45105e58b4,0.31
7fd33c95-662f-55ef-b862-38edcc23da34,3493,ce9d2b2c-f82a-5271-a442-d26b778a8367,2,bottling plant to distributor,b7520c14-8317-5a97-99be-85df0c645280,c44c2104-37a0-5a7e-b21b-4502f5382882,0.39
bf8ae7de-05ba-50ae-ba2a-75670658b4a6,3494,ce9d2b2c-f82a-5271-a442-d26b778a8367,3,distributor to retailer,01b19b67-943f-5aaa-8e22-ac99770bd52e,4173ab46-b88e-5c37-b38a-dd95e4580f2d,0.3
89ec3250-5720-5405-b7ac-359b30acce57,3495,a008d049-0022-5eb6-94b2-ba335a463f1d,1,supplier to bottling plant,10ab4fc7-1e0c-55c0-a1f2-0397c15384e2,6456bb76-1453-59ca-9b00-3f7aedb9dff5,0.33
ae68713f-b45d-50b8-8c25-f1fe8416d028,3496,a008d049-0022-5eb6-94b2-ba335a463f1d,2,bottling plant to distributor,5cbc28ee-8047-5a57-be21-e1809aae2530,01b19b67-943f-5aaa-8e22-ac99770bd52e,0.33
ea4ddba8-6610-5729-ac9e-b89af0578ff1,3497,a008d049-0022-5eb6-94b2-ba335a463f1d,3,distributor to retailer,01b19b67-943f-5aaa-8e22-ac99770bd52e,0ebfb33d-b894-5771-918e-632c9379113d,0.34
b425bb52-b234-5293-a2aa-7b02f164e702,3498,00066904-c12e-522e-abc6-ea4923c12812,1,supplier to bottling plant,9e1a99ec-a533-58cf-b873-90dbf898473e,4d0dd2d0-f683-5f90-9424-a44ba1639249,0.45
98a7cca0-9b0d-5b24-bddc-62876b13877e,3499,00066904-c12e-522e-abc6-ea4923c12812,2,bottling plant to distributor,9b499422-12cf-56bd-a3a4-69d839cc2ade,c44c2104-37a0-5a7e-b21b-4502f5382882,0.29
7eaac5ac-31c9-5bff-a0de-26b0cce7371d,3500,00066904-c12e-522e-abc6-ea4923c12812,3,distributor to retailer,01b19b67-943f-5aaa-8e22-ac99770bd52e,3463d30c-175a-54f6-b3c4-902bd313c4be,0.26
79fd1956-5ad1-52d4-8521-aeb350b0f5a8,3501,8e9fb637-abed-535e-9a95-737f7d74857c,1,vineyard to winery,28072cd9-8005-5d22-959d-e8c9daf25182,72cb5c2e-8f95-5f55-b046-cf02a4b7d419,0.36
4f9645ba-85a3-561a-8044-b123ee130f87,3502,8e9fb637-abed-535e-9a95-737f7d74857c,2,winery to importer,4c0eb407-e0ed-56a9-9c50-199a8657a2e8,6f1eb782-36be-511d-9b02-be2e01ff1dd0,0.31
83d62f70-341a-5b1a-9397-5df77dbae3b8,3503,8e9fb637-abed-535e-9a95-737f7d74857c,3,importer to retailer,64b43263-6881-5d50-ae81-b51069ea11b7,4173ab46-b88e-5c37-b38a-dd95e4580f2d,0.33
eb628dc0-1a40-5f6b-96c4-c043b351c49a,3504,cc00b4f5-2b50-54e1-bfb7-1f172cd95b0b,1,vineyard to winery,d47c4fa1-567e-5214-9106-18d26cb9e15d,3261ac3d-0eac-5305-a4f9-29c001956442,0.35
d86d8278-ad24-52e7-b0f4-965d728cdfc5,3505,cc00b4f5-2b50-54e1-bfb7-1f172cd95b0b,2,winery to importer,bd97a40c-c9aa-50e2-a0b4-5738760f3bab,04f919ff-30f6-5834-9944-f0b029c23936,0.29
9a68575e-358e-5a11-ad0f-20e5de3dc104,3506,cc00b4f5-2b50-54e1-bfb7-1f172cd95b0b,3,importer to retailer,5a851573-6b8e-51c0-9393-74aee4496563,39618516-09dc-5856-9d5c-fd79bd0fd05b,0.36
a36185bd-aa7d-5469-98c5-dff577f989fd,3507,fc467a3c-f8e1-5435-b03b-49cf18085608,1,vineyard to winery,d1edd5b2-60eb-56aa-a0b0-e86206821ce5,73e72453-5e68-544f-a6bb-40366ce97041,0.45
e932bb6e-0872-5de3-ac88-6001aac225c0,3508,fc467a3c-f8e1-5435-b03b-49cf18085608,2,winery to importer,65321303-fc32-5528-b4a6-da4d0f03e784,18a92178-0bf9-5548-a9b0-ef5eb28e5961,0.33
de1896fe-4023-5557-aaf2-8ba083e242cb,3509,fc467a3c-f8e1-5435-b03b-49cf18085608,3,importer to retailer,b03c2442-121b-5c35-8862-369e0a372455,da074142-bbb3-59ba-88f1-cd35ccb7cfba,0.22
2838e0e3-69c2-551e-89a8-57b3bc0e19dd,3510,df5bab7d-9b81-53af-95e7-63104c4e3c9d,1,vineyard to winery,c605bb39-0a47-54e2-a04c-bd476314a25f,9451d4f9-d751-5a88-9a15-af7f5f43ee28,0.35
41d2edef-69e7-50bd-ba77-84b4e66158a7,3511,df5bab7d-9b81-53af-95e7-63104c4e3c9d,2,winery to importer,9d7ea586-0de3-5e4f-b343-66ad177cb135,0f6afa39-06bd-539b-be34-377c34d22c0e,0.36
b37af950-63d6-5a95-83ca-279f6bcefe04,3512,df5bab7d-9b81-53af-95e7-63104c4e3c9d,3,importer to retailer,d597e6fc-9a1d-5a02-8e20-743cc93e3a9b,096c265c-d191-5bd1-bef5-bb32ea1583bd,0.29
2a0c0b96-b2d8-5d24-9ccf-8f5c5d4c8e3b,3513,9eb71497-6b25-5dfc-aa74-055800dd1628,1,vineyard to winery,817bb2d2-a65d-5f16-bd97-412a03f53669,4899dbd6-82fa-5241-bbb9-a25b03bcb315,0.24
a2bcbaba-c73e-5fbc-af8f-9251ec4ee4a8,3514,9eb71497-6b25-5dfc-aa74-055800dd1628,2,winery to importer,c207d2c9-283a-572f-b2d8-e971d2a0dc21,d4295fd5-8d97-5455-923c-5841b1acabfc,0.32
b885bd65-36d0-5369-aa7d-838789174ddf,3515,9eb71497-6b25-5dfc-aa74-055800dd1628,3,importer to retailer,89590aa4-b8c8-5b99-a80a-2f98932d1e17,0ebfb33d-b894-5771-918e-632c9379113d,0.44
3b4a0510-dd66-5767-b171-f37c0d8c8d71,3516,cbc7173f-3b0f-5842-86c4-aaf746874c41,1,vineyard to winery,a1b17f96-ef58-5b6d-abee-57a3eb52b90d,9d47867e-ba76-57d8-b863-6858c7740258,0.39
71d28167-de50-5123-b67d-955be2a5993a,3517,cbc7173f-3b0f-5842-86c4-aaf746874c41,2,winery to importer,d8746bef-c0de-5e4d-aaee-6db1e98e78e1,3431fc7b-41e6-566d-b8c8-1b19a25cb9ac,0.2
de3100e1-64a0-51d4-af72-6bbee6c6bde7,3518,cbc7173f-3b0f-5842-86c4-aaf746874c41,3,importer to retailer,4cc08a18-8c4d-58af-973d-8f341ac0b918,9d8518b0-c0b9-582b-a9b1-1f066f77c5fc,0.41
1288b4da-d429-5a1e-bb09-256a6c9c336f,3519,3bf43943-ff79-56c0-808d-e1af804c213a,1,vineyard to winery,dc80dd77-25d1-5c04-9cde-69e05fbda93e,0ca3d1d5-dade-512e-ba99-48358141be02,0.33
5ac6fb04-e639-5939-9494-bc1d89107665,3520,3bf43943-ff79-56c0-808d-e1af804c213a,2,winery to importer,95a14de8-2549-56e7-9ebd-ae5b4548645c,eb2537ee-7a30-54e6-80fb-8576ecc0b781,0.32
e707e1d0-32e8-5695-95e7-fc9fe4d92542,3521,3bf43943-ff79-56c0-808d-e1af804c213a,3,importer to retailer,6ea08138-0933-522a-890f-3a4985e6d27a,9d8518b0-c0b9-582b-a9b1-1f066f77c5fc,0.35
bf4c4ace-d382-51f3-a0d5-08c9ae9b43c2,3522,a5811059-b98c-5ea3-915e-0f4de62bd06f,1,vineyard to winery,cd14badd-f9d2-522f-b633-0f6a8d70d4d2,6d6d3c30-3003-5b6c-861a-95dac95676ca,0.44
b4fe5a5d-a007-5259-8acb-32e941998b93,3523,a5811059-b98c-5ea3-915e-0f4de62bd06f,2,winery to importer,4b6fad6e-fb11-5084-8988-40969ac8b63e,8e1c4b64-1ece-5ae3-88be-debac10263c9,0.4
ebad4ee1-f7e8-5015-87e0-4866ee39b05b,3524,a5811059-b98c-5ea3-915e-0f4de62bd06f,3,importer to retailer,5e4db457-a637-57a3-95a1-a032420944a1,39618516-09dc-5856-9d5c-fd79bd0fd05b,0.16
cc7352f9-c2a3-5ede-8d5d-fc7732386c24,3525,337fb2aa-602b-5b5e-87ab-5263110ae294,1,vineyard to winery,fcfc0428-f9b4-5bd3-999d-ddec2772f7bb,9b07861f-4ced-5039-b580-87b8a07e010b,0.31
d8a37ed5-a634-580e-92f6-9251b6e9481a,3526,337fb2aa-602b-5b5e-87ab-5263110ae294,2,winery to importer,3e40a40b-92be-535f-9c5d-ca071fb03799,39bbd1ad-8413-5d4e-a5c8-f36ec437dcfd,0.18
927be13e-6a8f-548b-a6cd-5e1d4ba5403a,3527,337fb2aa-602b-5b5e-87ab-5263110ae294,3,importer to retailer,799dce49-db65-59bc-8dbe-8b95823042e4,0ebfb33d-b894-5771-918e-632c9379113d,0.51
ecf94a12-d1bc-5e0f-bd3e-587f7ec6b4cc,3528,6fbdf50e-b87e-566d-90fa-6d75f909f086,1,farm to malting house,30103597-9d9a-5b25-a6b9-8cc0c353a0f8,7b0873dc-77ec-5a7f-8d01-33507c910e30,0.3
faee5d4e-04e4-521b-8019-a1a23ba9c376,3529,6fbdf50e-b87e-566d-90fa-6d75f909f086,2,malting house to brewery,d69521c3-aae5-54a5-b09a-4ed76b7e7de0,8358fde0-82a2-55e2-94de-2f633b5e9b39,0.22
94372e8e-647d-5f9a-9e1c-7a5979216224,3530,6fbdf50e-b87e-566d-90fa-6d75f909f086,3,brewery to distributor,8fac6ad0-6e7f-5234-9eae-578b8a1b07ba,7325d674-5b55-50c0-af28-4f2299cace1a,0.28
df325f28-f669-55fe-9c03-ea4b123c3a7e,3531,6fbdf50e-b87e-566d-90fa-6d75f909f086,4,distributor to retailer,01b19b67-943f-5aaa-8e22-ac99770bd52e,da074142-bbb3-59ba-88f1-cd35ccb7cfba,0.2
c6ef9771-ba98-571c-8e16-69cf8c130db8,3532,7c6079a0-b304-5cbe-bd32-e7e9dc51ca9b,1,farm to malting house,8b13ebfb-ad45-5fc9-9818-0c5bc9fd22bf,25889179-068d-5e64-8df9-8e9de6a833e5,0.12
eb4c7a2f-f339-5cf1-90ac-fdb0b0cad4ae,3533,7c6079a0-b304-5cbe-bd32-e7e9dc51ca9b,2,malting house to brewery,33fc8371-37cc-5cca-9ad9-9906b9bd86ef,a8a9a73b-a6d9-569a-835a-d55c461d0768,0.3
c8ac3b03-1f73-5d2e-ab2e-b41741965d22,3534,7c6079a0-b304-5cbe-bd32-e7e9dc51ca9b,3,brewery to distributor,64112e1c-b002-5889-ba36-335593c8c58c,c44c2104-37a0-5a7e-b21b-4502f5382882,0.28
eaa113a6-86b2-5086-9fc6-dec7d82a62b0,3535,7c6079a0-b304-5cbe-bd32-e7e9dc51ca9b,4,distributor to retailer,4ff5d4b7-19c0-551f-905c-e925106ffbba,3463d30c-175a-54f6-b3c4-902bd313c4be,0.3
ba46bf73-074e-58d6-9614-9d8f124cc53b,3536,6e9bf19a-12bc-5535-88eb-c522244ccac3,1,farm to malting house,601689e4-483f-54cc-bc00-1200da0c208f,26a55e1a-31f9-58ff-b440-a6cf75955d1c,0.28
0847b930-6dcf-5426-9aba-509d51211f1e,3537,6e9bf19a-12bc-5535-88eb-c522244ccac3,2,malting house to brewery,cc02b028-b93a-5a84-bb81-8d99748ac927,656ce44d-f764-595f-a3fc-3c34065c5946,0.15
2b80fe6d-c04d-59c6-9fd5-e282f7707279,3538,6e9bf19a-12bc-5535-88eb-c522244ccac3,3,brewery to distributor,979f8177-d4d1-5567-8a0e-76d6606728f0,4ff5d4b7-19c0-551f-905c-e925106ffbba,0.28
8eab787e-8e3b-505b-81fb-7c336d32acb4,3539,6e9bf19a-12bc-5535-88eb-c522244ccac3,4,distributor to retailer,c44c2104-37a0-5a7e-b21b-4502f5382882,0ebfb33d-b894-5771-918e-632c9379113d,0.29
02bb050b-2bca-591a-adc2-2f6292d00c3c,3540,43e656ab-c84d-5755-83d6-1a9b1b51a6a1,1,farm to malting house,c5a79fb3-7259-5f8e-90e9-d19c7a3faad7,c46f6afe-9554-5714-aaa2-3a41fb8ca0a8,0.39
d728808e-7465-5c77-8ddd-f598a5390a0b,3541,43e656ab-c84d-5755-83d6-1a9b1b51a6a1,2,malting house to brewery,f5a8b2b8-b3d2-5991-8dcc-3589feacc176,3037c86a-cb97-53b5-826e-944bd9338a85,0.13
4632db3f-7102-5144-8da7-cb5e8726f6c8,3542,43e656ab-c84d-5755-83d6-1a9b1b51a6a1,3,brewery to distributor,6a192584-0ef5-570c-a9de-c47b8fbe9dae,4ff5d4b7-19c0-551f-905c-e925106ffbba,0.3
f941fdea-0354-5739-ad27-a31f3ac3d05e,3543,43e656ab-c84d-5755-83d6-1a9b1b51a6a1,4,distributor to retailer,c44c2104-37a0-5a7e-b21b-4502f5382882,0ebfb33d-b894-5771-918e-632c9379113d,0.18
691e7f32-2f17-5021-8d19-d6182f153d9e,3544,b7f8e0dd-f4a5-5797-b7d6-cafe7e3d3f3a,1,farm to malting house,b2d9f255-24c0-50ac-9bec-7d5662de56d9,65386554-98bc-5bae-8a67-f933dd2727ad,0.22
ee3508a6-bc98-51dc-ae44-1c8228fbca3e,3545,b7f8e0dd-f4a5-5797-b7d6-cafe7e3d3f3a,2,malting house to brewery,11445a04-d9dd-5867-9483-043b3ff1fc49,cf638f2e-c2fc-59fd-96c3-a3b365e0c5ea,0.17
c886ed46-70df-585f-a288-1fcc860c698c,3546,b7f8e0dd-f4a5-5797-b7d6-cafe7e3d3f3a,3,brewery to distributor,632c6ff4-3aea-5537-aa94-a36d12db3368,01b19b67-943f-5aaa-8e22-ac99770bd52e,0.44
0e621e89-5b41-5313-a666-341b02896688,3547,b7f8e0dd-f4a5-5797-b7d6-cafe7e3d3f3a,4,distributor to retailer,4ff5d4b7-19c0-551f-905c-e925106ffbba,790f93aa-9203-5d4e-a835-8e44ad6bad68,0.17
ec762b93-fe85-54e3-abcb-400f25d0e89e,3548,e598cf68-e7e8-59e9-9c1d-21726f0202d5,1,farm to malting house,b09dd787-a5f7-5199-91e5-f7b2eead86a3,7024fdf6-ac92-5135-af49-d5a166396eb0,0.2
21116da1-2c0b-59e0-8894-e04797850c0e,3549,e598cf68-e7e8-59e9-9c1d-21726f0202d5,2,malting house to brewery,f94e762a-469a-54df-91a6-3123b7f88d06,3949d799-27eb-5da1-b66b-a604a7bf53cf,0.15
6845ad7f-4036-50f4-8cc2-2cd317c9ca77,3550,e598cf68-e7e8-59e9-9c1d-21726f0202d5,3,brewery to distributor,1c2b12f7-9944-5084-a1ee-3f6be5073b51,7325d674-5b55-50c0-af28-4f2299cace1a,0.3
b6ca0e1b-16bc-5ba7-bebd-17b5c52013d2,3551,e598cf68-e7e8-59e9-9c1d-21726f0202d5,4,distributor to retailer,c44c2104-37a0-5a7e-b21b-4502f5382882,4173ab46-b88e-5c37-b38a-dd95e4580f2d,0.35
32da0a1f-4aa6-57cc-9e55-e4dfa9a22dca,3552,4163e17b-b9ae-56ea-805d-7ab88aa8190d,1,farm to malting house,77e054a1-7d9c-5b9e-8c78-b41e1270de4c,64f05543-57ea-526d-a301-e6e58870d741,0.35
56ccfbc6-8e07-5997-bb87-a3d9b8012727,3553,4163e17b-b9ae-56ea-805d-7ab88aa8190d,2,malting house to brewery,820383c8-4bea-5409-af38-e1b9e1012ab3,65c89cc8-a66c-52c3-a4ff-45be84830203,0.18
bf0c251e-d8f9-5467-bc26-69b509365521,3554,4163e17b-b9ae-56ea-805d-7ab88aa8190d,3,brewery to distributor,7570d596-9ec8-510b-9251-a27f7c8c4969,01b19b67-943f-5aaa-8e22-ac99770bd52e,0.3
a638c4ec-3b2c-500e-a4c0-fb60020ed6c5,3555,4163e17b-b9ae-56ea-805d-7ab88aa8190d,4,distributor to retailer,01b19b67-943f-5aaa-8e22-ac99770bd52e,a32dd69e-0a60-56f9-b807-9356c46df8b4,0.17
4d2f0f90-3273-5b91-a3e1-99fa33cd7e5f,3556,437a1793-278e-58f9-901e-e03cf882cf5d,1,farm to malting house,d7f0b266-0231-565c-a2d7-59584c723dc2,06d0dbe6-ebe5-56d9-8ebf-9714045dbc80,0.32
5b514be1-757a-5b02-8695-472380b10a61,3557,437a1793-278e-58f9-901e-e03cf882cf5d,2,malting house to brewery,5b32a16b-baa7-5248-80af-279a44bfdf52,a1b74ac9-4005-5b6a-a9a0-91ec82335175,0.19
d5c70d03-cb40-5069-acbb-13c4572f3772,3558,437a1793-278e-58f9-901e-e03cf882cf5d,3,brewery to distributor,a6114629-a417-57bb-86f9-8b6ba352d2e2,6adacd0c-daae-58e4-9049-cd3b893f8764,0.12
b3f8cb11-5724-5ceb-aceb-f1b26abaf219,3559,437a1793-278e-58f9-901e-e03cf882cf5d,4,distributor to retailer,7325d674-5b55-50c0-af28-4f2299cace1a,4173ab46-b88e-5c37-b38a-dd95e4580f2d,0.37
b1393219-c744-5e46-a9b4-903b23afd85f,3560,b153e43e-0be1-5895-a5ff-e560c42f0d0d,1,farm to malting house,fe86d4c1-7a57-53fa-a175-9de60cfc84e1,40981ff9-53c8-555d-b17d-57d0b0bed69a,0.14
913849aa-7854-5e08-a2c1-37cf8e1f7b68,3561,b153e43e-0be1-5895-a5ff-e560c42f0d0d,2,malting house to brewery,7a608bc4-d343-5d2a-b58c-6bc1c59d64ac,8dc4fa43-18b2-5302-8e5b-561e4ea5dd90,0.37
6d982b79-66e8-5306-9cec-9a68a95c6497,3562,b153e43e-0be1-5895-a5ff-e560c42f0d0d,3,brewery to distributor,c2762242-8023-558e-9602-2137b3294cac,6adacd0c-daae-58e4-9049-cd3b893f8764,0.28
a9cf0e43-8d5f-5b86-a2f1-cf4aaf029df9,3563,b153e43e-0be1-5895-a5ff-e560c42f0d0d,4,distributor to retailer,c44c2104-37a0-5a7e-b21b-4502f5382882,096c265c-d191-5bd1-bef5-bb32ea1583bd,0.21
a558097e-3b72-50a0-9ca0-ebadb2a37b8c,3564,23b3528d-da5b-5ac6-900f-19d9417942c6,1,farm to malting house,13d3149c-682a-5b3e-880a-44e6379dbbd3,b82d11e1-7db1-5d74-b086-8197b50c134e,0.18
c3f8705f-a573-5e7e-974e-453e374602e7,3565,23b3528d-da5b-5ac6-900f-19d9417942c6,2,malting house to brewery,91c19145-5f87-5789-ab60-97187c7d9b41,d0b35e96-0bb6-5fd7-b0e8-b26bf4ddc145,0.29
16a750a9-d285-529b-ac81-40080ae10f52,3566,23b3528d-da5b-5ac6-900f-19d9417942c6,3,brewery to distributor,b6648ea7-5e76-5ba2-b628-3518dd6dc91c,4ff5d4b7-19c0-551f-905c-e925106ffbba,0.31
2fcc69a5-7e06-5baa-847b-1d877c86b355,3567,23b3528d-da5b-5ac6-900f-19d9417942c6,4,distributor to retailer,01b19b67-943f-5aaa-8e22-ac99770bd52e,4173ab46-b88e-5c37-b38a-dd95e4580f2d,0.22
b10699f5-fbe4-5419-8ad6-2ec4ae3c8c1c,3568,dfd05a0c-7059-598a-860a-9310484969b5,1,farm to malting house,285888bb-e2c8-572c-872a-322cb7f09ea1,d8963339-4d47-5591-b824-9c0d1737a76d,0.19
e578d394-d2da-556d-8de1-b41d8bdd4e74,3569,dfd05a0c-7059-598a-860a-9310484969b5,2,malting house to brewery,8c29b244-8587-5d98-88ea-26eb8e962770,10cb6f10-5a5e-5fdb-8775-aff744552092,0.25
3158514b-0eff-5b06-8eec-0a2e7c6b3257,3570,dfd05a0c-7059-598a-860a-9310484969b5,3,brewery to distributor,fd3c612c-5883-5198-a51d-017765e117de,6adacd0c-daae-58e4-9049-cd3b893f8764,0.3
9c8c24d9-4544-5134-a2c3-63977a7f55e2,3571,dfd05a0c-7059-598a-860a-9310484969b5,4,distributor to retailer,c44c2104-37a0-5a7e-b21b-4502f5382882,da074142-bbb3-59ba-88f1-cd35ccb7cfba,0.26
8fefbdd2-b952-54f6-8561-0ca0f502bb29,3572,cfd9a04f-03d4-5017-b109-964981444242,1,farm to processor,7a1106d3-30c5-5adc-8c86-d56747535488,de6b37a6-8d2d-56db-a4dc-4564763eee3c,0.35
c005ad53-7645-5ad7-9c14-a0fbe55cc1e6,3573,cfd9a04f-03d4-5017-b109-964981444242,2,processor to blender,9f1135bc-506f-501e-bfbb-c9d3455014ef,41b8b2bd-904d-5cf0-a602-2fb1c1f8c24b,0.24
fcd23f58-5d6c-5914-849c-5e4ba95023ea,3574,cfd9a04f-03d4-5017-b109-964981444242,3,blender to retailer,248c96e8-826c-5635-82fa-88c2a806e678,4173ab46-b88e-5c37-b38a-dd95e4580f2d,0.41
d52ba02f-d8ef-5b0d-9044-56381884a8bd,3575,f3ccab7d-fdc3-5cdf-a798-59db2bb07faf,1,farm to processor,aec0faf6-af08-59f6-bc82-f79b64a54afd,64229859-84a0-5721-aa7c-723353ad21d1,0.29
c8dfda5f-1380-5692-96dc-508f0c778bc3,3576,f3ccab7d-fdc3-5cdf-a798-59db2bb07faf,2,processor to blender,3e5f8647-0df1-573a-b31a-db223c427334,cf05acd7-ecc2-5652-9bc0-0783b4c893d0,0.36
7e88b3b9-670c-57a3-a00b-04d580670e05,3577,f3ccab7d-fdc3-5cdf-a798-59db2bb07faf,3,blender to retailer,7b7f56b2-4f35-5c1e-a315-f7ca09db4b38,096c265c-d191-5bd1-bef5-bb32ea1583bd,0.35
866d9600-a9f9-5497-9220-6ecce0c8fcf1,3578,cc054131-2580-5efb-8b52-935dc5607339,1,farm to processor,b5278d47-8d6c-514f-84ae-144d0ba17cef,e0a0f217-7ac3-5b45-a9a1-3385fa48c998,0.17
5642aba5-1104-5a76-b953-a7773048c3b3,3579,cc054131-2580-5efb-8b52-935dc5607339,2,processor to blender,b74314d4-1bec-5431-ba88-d53885ff6d3b,dc7210d7-9375-50ce-9555-eed4e915486a,0.44
edef7dab-56fc-5580-992a-306c35aafaca,3580,cc054131-2580-5efb-8b52-935dc5607339,3,blender to retailer,41fed29e-3819-560e-bae1-1397224daed1,0bd700ff-a0c0-58bb-9b35-fc283d9cd3ff,0.39
7fdad73a-28f4-599b-814c-dcadf232c57e,3581,248e3615-fc44-534f-9a16-fbe3b0509433,1,farm to processor,73b6c76b-768a-567b-b142-c52bd29cc402,a46aac2b-e84e-5cf8-bd22-66ccb27bafc2,0.33
a3186fca-92c0-55d1-90bb-bcbd484382b4,3582,248e3615-fc44-534f-9a16-fbe3b0509433,2,processor to blender,882faa52-f2a1-5ffd-b50e-586e7d35b154,1dac5ac9-8997-5408-bbc1-4c8925dc1dd2,0.37
64f61e32-4bf0-5f7e-9516-8dbcd7e5b73b,3583,248e3615-fc44-534f-9a16-fbe3b0509433,3,blender to retailer,59d65127-6223-5009-8fab-30a11ff60a05,4173ab46-b88e-5c37-b38a-dd95e4580f2d,0.3
2d74a4d4-32cd-54a8-a00e-19f92621d0f5,3584,c05ccba2-58a2-58fb-8891-46cb19210fd7,1,farm to processor,1d54ae0c-9448-594b-8646-2ad54b1d84cb,9f917d6a-a5bf-5815-b401-70795fe326b4,0.28
083fc9a2-61fd-523e-8094-c8c25a53335b,3585,c05ccba2-58a2-58fb-8891-46cb19210fd7,2,processor to blender,522aa515-0526-56b9-960a-49919516dd97,d5d41962-34d0-5ecb-9d7f-f5e5e05d4338,0.2
c64f4a6a-13ff-5efd-b835-5e30e70067de,3586,c05ccba2-58a2-58fb-8891-46cb19210fd7,3,blender to retailer,35e30be7-c825-5516-a89a-19cb8e0b1435,0bd700ff-a0c0-58bb-9b35-fc283d9cd3ff,0.52
2681ff87-5af1-58b3-9ecb-fd46a4c992ba,3587,ea7da9b5-2197-5c07-bdb5-05a33f8a0200,1,farm to processor,1908ad14-0a3f-5c16-897c-e741fb2549fa,e40cb698-2cdd-5b2f-89d3-f78943adf6c1,0.46
037da257-9d18-5b4c-a7b0-958422a0cf1c,3588,ea7da9b5-2197-5c07-bdb5-05a33f8a0200,2,processor to blender,dbb6b56b-e38b-597e-a2a7-372b986c6df0,5b2a84aa-a6c6-58ce-8662-4a2da71386c7,0.36
e05bae41-df0b-56d0-8b66-3555d4fab43f,3589,ea7da9b5-2197-5c07-bdb5-05a33f8a0200,3,blender to retailer,3605d2ea-f33b-5219-8769-44a3c5f23a9e,0bd700ff-a0c0-58bb-9b35-fc283d9cd3ff,0.18
5d0835ce-01cb-5317-8833-00b0e82282ee,3590,f3033690-ac8b-5882-8d30-b28526141eb9,1,farm to processor,22ce8a12-b122-5c28-b162-8d4a748ed167,23564c67-58ca-594d-b1b9-79bca3cbc7fa,0.35
ac18c3da-205a-5598-a261-cea7b8552c71,3591,f3033690-ac8b-5882-8d30-b28526141eb9,2,processor to blender,75f0072a-20ab-52a9-a259-373ad341cade,95cbfdf2-dfeb-5b9c-8490-4b5be3842edb,0.47
ec2ab77d-eb56-56ec-a4a0-a79a04a1e1bc,3592,f3033690-ac8b-5882-8d30-b28526141eb9,3,blender to retailer,4d347d07-e2ef-5459-93da-fdd9f58334ea,a32dd69e-0a60-56f9-b807-9356c46df8b4,0.18
0aa47786-1327-5473-bd97-719d365ca714,3593,8d707edc-fc8a-5ece-b07b-af3d5ae2b4c8,1,farm to processor,991e5d8f-dc96-5a5e-ab51-aa0feaa990cd,771d3952-0cc0-5da4-b7a2-b268a12a3ff4,0.35
b2cbe459-aa6a-50d0-abe7-29974e42e058,3594,8d707edc-fc8a-5ece-b07b-af3d5ae2b4c8,2,processor to blender,50015e6f-1cfd-5be8-b648-d96c8c7db716,25b35d58-34c7-5055-8fd9-f358cb806e69,0.28
8284a8a6-0f30-5d2d-a5a9-7fd9fa3e7b47,3595,8d707edc-fc8a-5ece-b07b-af3d5ae2b4c8,3,blender to retailer,0dfefc25-cac3-5e2c-8722-cc474993535f,39618516-09dc-5856-9d5c-fd79bd0fd05b,0.37
d2727fd5-aec5-5f82-8d27-ce08104da854,3596,e81051af-8164-5448-ba00-7021d74e7565,1,farm to processor,b6163f71-6055-5959-b312-e9d4fb930cc0,115ac255-7f15-57d5-bec0-fb438fc9cdc6,0.44
58b8eef6-5085-57e0-821c-e70eeda5d17e,3597,e81051af-8164-5448-ba00-7021d74e7565,2,processor to blender,19050fc1-25b3-58cf-8a47-1c6c806bb9e8,acc7e256-2760-5618-884a-89444699e9ed,0.4
55560d1c-edcb-59f2-8a4a-0f3a0e6ef719,3598,e81051af-8164-5448-ba00-7021d74e7565,3,blender to retailer,a69de6ef-713a-5bab-ba3f-4f5222c7cdbf,a32dd69e-0a60-56f9-b807-9356c46df8b4,0.16
a1956aa5-e67e-5842-9d29-70098a173d22,3599,3649a95e-da06-5666-8168-6902c344cf73,1,farm to processor,b7ab9c56-a6e3-5239-9d6b-f8f20ad4364f,cff45007-fde4-5b69-a485-d07e24b17cef,0.39
1d6451a3-64f3-5023-831f-f8b23e3ed123,3600,3649a95e-da06-5666-8168-6902c344cf73,2,processor to blender,a5fc913c-402b-5aef-b5b4-9d8c679c7f52,a864b8ce-0655-542f-88f3-aa461a989da4,0.28
60556d84-25c1-53ea-8204-3955914d3413,3601,3649a95e-da06-5666-8168-6902c344cf73,3,blender to retailer,452e94b3-2853-5dda-ad9b-f0c3fd348836,0ebfb33d-b894-5771-918e-632c9379113d,0.33
f009e69c-ed4f-5f8c-809c-e21b4ee2cd06,3602,bb2ee452-9a89-5f9a-aeeb-dd392297064a,1,farm to processor,4769ff6a-8dc0-5232-938e-8f4cb8ae6660,f29bf45d-644c-5547-afea-27ab425ce6ba,0.4
f6ab8457-29ee-55b6-be25-8e12742bcd39,3603,bb2ee452-9a89-5f9a-aeeb-dd392297064a,2,processor to blender,71dccb40-30e7-5aa3-b2df-3dc7fd44e63a,3eb9dfb7-2207-5af2-bf8c-0527ed8197b5,0.17
58413222-f419-5f57-8b7d-86044ccdfb88,3604,bb2ee452-9a89-5f9a-aeeb-dd392297064a,3,blender to retailer,c855f4b5-d0e0-51a7-99fc-b3908a2f5b5a,0bd700ff-a0c0-58bb-9b35-fc283d9cd3ff,0.43
02de0bad-c83b-5265-a2cf-7ad11e72c46c,3605,4292a6ca-fcc1-54c4-badf-4f91d953d5f7,1,farm to cooperative,d96d8601-f650-5627-bb39-d91461cc0be8,615c50a2-0bb3-558d-96ef-c379951e8541,0.17
44330c53-093d-5a05-87dd-24a694901c0f,3606,4292a6ca-fcc1-54c4-badf-4f91d953d5f7,2,cooperative to roaster,c46a50d9-425e-5a95-9041-376edabed5ce,844d295b-86b0-54ca-8c72-ea75f36340d6,0.37
f09f347b-b235-5ae1-818f-10e3f6fac960,3607,4292a6ca-fcc1-54c4-badf-4f91d953d5f7,3,roaster to distributor,a46dac50-f0a7-5eae-83fd-f09cecbfecdf,7325d674-5b55-50c0-af28-4f2299cace1a,0.14
d1bdf51e-50e2-5ac3-b726-da12b88f18e0,3608,4292a6ca-fcc1-54c4-badf-4f91d953d5f7,4,distributor to retailer,4ff5d4b7-19c0-551f-905c-e925106ffbba,790f93aa-9203-5d4e-a835-8e44ad6bad68,0.32
b0edbd8d-3fe6-5554-9113-0dc2c216e84d,3609,ca9566da-ce53-59f7-a21d-2e92a7d08f08,1,farm to cooperative,22707e56-e86a-5d4c-8915-97f5ab0db019,0077823a-8812-5634-8c9d-9a6f5904ebc5,0.29
d74ed654-5007-5fcf-97c6-b8c76e72f0b6,3610,ca9566da-ce53-59f7-a21d-2e92a7d08f08,2,cooperative to roaster,ce53dc75-730e-593e-8b29-0d86328e3bab,45e33953-075f-5dd3-bbe1-614809053d62,0.27
983c3543-c6e0-5772-bc79-2606dd2112fe,3611,ca9566da-ce53-59f7-a21d-2e92a7d08f08,3,roaster to distributor,d710f7a6-e4a4-5a64-a8d8-7e0a18f6d684,7325d674-5b55-50c0-af28-4f2299cace1a,0.21
28775ff8-36bf-57b0-93ea-62eb1c8c1153,3612,ca9566da-ce53-59f7-a21d-2e92a7d08f08,4,distributor to retailer,c44c2104-37a0-5a7e-b21b-4502f5382882,096c265c-d191-5bd1-bef5-bb32ea1583bd,0.23
d097e61e-d145-5f55-84e7-87b45f3f96fe,3613,7baf236b-f99a-52bc-9e1a-67033cbd91a6,1,farm to cooperative,763b5a01-1ebc-5c06-9892-c3e273cea97c,5f1a721e-56fe-5570-8ef0-f4d1749ee52c,0.14
4d11944f-4084-5f28-8ac4-ef343c489df6,3614,7baf236b-f99a-52bc-9e1a-67033cbd91a6,2,cooperative to roaster,5ed0ddd3-7c23-5693-9e45-060ffaeb1f38,df2f74ab-b5c0-5e45-a0c7-eb7863c2e0eb,0.24
7c560284-3c25-5474-8399-befd70535b91,3615,7baf236b-f99a-52bc-9e1a-67033cbd91a6,3,roaster to distributor,b3a3a6ae-7e28-5e12-b8e6-51fb972f565d,6adacd0c-daae-58e4-9049-cd3b893f8764,0.44
00b25929-e69a-54da-813f-6d48c22c17c9,3616,7baf236b-f99a-52bc-9e1a-67033cbd91a6,4,distributor to retailer,4ff5d4b7-19c0-551f-905c-e925106ffbba,3463d30c-175a-54f6-b3c4-902bd313c4be,0.18
06a7deb9-bd3f-5be6-9a7e-f5febaa0ac99,3617,b190592f-736e-5c0a-bd32-c8bcdbc4161d,1,farm to cooperative,3e17514c-bbe6-52b7-8172-1c7a082de911,2e57a1aa-340d-58c2-8f31-b62058c3f418,0.15
1e0ebf00-f5b7-5ec7-9b55-ea6d132ee863,3618,b190592f-736e-5c0a-bd32-c8bcdbc4161d,2,cooperative to roaster,d9feea26-074d-5382-aaa6-3f2ce240bcac,d8f5fdf0-3733-5578-9ce5-0724a6ca46ef,0.21
1a968e46-7bd2-5fdf-bea4-685639f4f3bc,3619,b190592f-736e-5c0a-bd32-c8bcdbc4161d,3,roaster to distributor,77a12dad-03ee-5487-b60f-3253cfe27804,4ff5d4b7-19c0-551f-905c-e925106ffbba,0.29
57a1570e-e92e-5ce2-a992-3e2190e3671c,3620,b190592f-736e-5c0a-bd32-c8bcdbc4161d,4,distributor to retailer,6adacd0c-daae-58e4-9049-cd3b893f8764,4173ab46-b88e-5c37-b38a-dd95e4580f2d,0.35
0035f5e8-f21c-55cc-99eb-811f262d2ba8,3621,94beb2df-d692-58ac-9e8a-cb0d4faea16a,1,farm to cooperative,603a2329-9f63-50f8-9ab1-4b22bf129ccf,4e8be1fd-d8a6-50e2-ad84-251cc09ea544,0.14
229b16d1-a1a1-5c6d-bb39-537db2c3998a,3622,94beb2df-d692-58ac-9e8a-cb0d4faea16a,2,cooperative to roaster,b756f7ea-a2a3-5af8-8509-ab876961191e,5beb64c3-6570-57c1-bdd8-17a9aa209d55,0.37
00ba1504-1225-584a-a12c-d7654d79c006,3623,94beb2df-d692-58ac-9e8a-cb0d4faea16a,3,roaster to distributor,cd6c36d5-2934-53c0-8d80-d3b5cc42efe1,7325d674-5b55-50c0-af28-4f2299cace1a,0.12
67b4cd57-d6a3-5500-9675-b334edfeb42e,3624,94beb2df-d692-58ac-9e8a-cb0d4faea16a,4,distributor to retailer,7325d674-5b55-50c0-af28-4f2299cace1a,790f93aa-9203-5d4e-a835-8e44ad6bad68,0.37
698a78f7-cb74-54e2-8d8c-53c074b37c7e,3625,ea8bb8f2-9e03-52fa-81a2-60e7054280ef,1,farm to cooperative,73193c13-69c8-54c3-881c-bb9c88134283,6c33f647-6aaa-5942-b756-0325597c7333,0.33
9fb3e09a-eefc-55e9-8916-629d13736c53,3626,ea8bb8f2-9e03-52fa-81a2-60e7054280ef,2,cooperative to fermentation plant,6e356711-2fa1-548e-8cd1-5a460ffab954,bef42032-98d8-57e7-8127-922518252d79,0.1
c91965d3-ea6d-5e7d-8bc4-2f6c50ae2391,3627,ea8bb8f2-9e03-52fa-81a2-60e7054280ef,3,fermentation plant to factory,b9cb91c8-521c-5ab5-b14c-f84912b96d18,d804e84f-371f-5f11-bb54-a19c26ecef57,0.26
9ed9fcbc-1cc6-50b7-b57e-3e3c0d7ea854,3628,ea8bb8f2-9e03-52fa-81a2-60e7054280ef,4,factory to distributor,dcffba70-1b54-5bb9-990d-37fc190a17c2,01b19b67-943f-5aaa-8e22-ac99770bd52e,0.15
f866cd6d-b3de-5f32-b153-5ccc7326dadf,3629,ea8bb8f2-9e03-52fa-81a2-60e7054280ef,5,distributor to retailer,6adacd0c-daae-58e4-9049-cd3b893f8764,39618516-09dc-5856-9d5c-fd79bd0fd05b,0.16
538c6be6-b8b2-55a7-a63d-4bfd690cfd25,3630,25eec045-4df6-5cf2-a3d6-85f4372cf0b5,1,farm to cooperative,b98fa632-6158-5327-a34d-623ff7760e28,723e05ed-0228-5b3c-bf4d-d4773e16e96e,0.23
8890558f-f64c-532c-a555-a688fc96dd27,3631,25eec045-4df6-5cf2-a3d6-85f4372cf0b5,2,cooperative to fermentation plant,3aabd9f0-fa9e-5e04-bf3d-f96037abcc0e,d5fc892f-afa4-5e2e-ad4f-5ffcc6d0fc97,0.15
0f555410-e5a6-5f4c-9fe1-d8c24e8442b0,3632,25eec045-4df6-5cf2-a3d6-85f4372cf0b5,3,fermentation plant to factory,fcf6b0af-725b-5134-8a95-11740375d5b6,3d13d216-5ce1-579f-bb64-61294c71bc91,0.18
395cf2f8-e457-5e81-a3a6-c65f8696ae6e,3633,25eec045-4df6-5cf2-a3d6-85f4372cf0b5,4,factory to distributor,c1ab3548-c2b4-5711-b992-dd0ba1c10965,01b19b67-943f-5aaa-8e22-ac99770bd52e,0.18
58412731-a4cd-5b70-8031-7a856a5629bb,3634,25eec045-4df6-5cf2-a3d6-85f4372cf0b5,5,distributor to retailer,4ff5d4b7-19c0-551f-905c-e925106ffbba,3463d30c-175a-54f6-b3c4-902bd313c4be,0.26
c6b79956-d264-5e2a-be76-b0b26e1cbc86,3635,426dc15a-1cf2-51e7-a9d7-7b940e17c96f,1,farm to cooperative,f7e363eb-a372-5a17-8f72-803bc5a6a690,d45d7075-c02d-5e3f-adbe-ba0c3d6079a7,0.1
a5db23b4-afa3-55ec-8513-9c315b9241a7,3636,426dc15a-1cf2-51e7-a9d7-7b940e17c96f,2,cooperative to fermentation plant,e51bfb27-258a-57bb-adf7-b56a717aa8a4,0bec7aba-c4df-5f9f-915f-f08a890158d5,0.23
7fbfacf1-7f97-5409-8d58-35651f0d805c,3637,426dc15a-1cf2-51e7-a9d7-7b940e17c96f,3,fermentation plant to factory,a21f247e-73f0-580b-a131-0d82a8fc1dc8,1eea054e-4013-5602-99b6-52f1aa828f9d,0.14
81693e45-d93b-54f4-99eb-b30a49e13b8e,3638,426dc15a-1cf2-51e7-a9d7-7b940e17c96f,4,factory to distributor,b9fdee36-1c0a-5ce0-9028-cd58043a9cfc,6adacd0c-daae-58e4-9049-cd3b893f8764,0.26
719c239d-03c0-51eb-9551-cce85e48a4c9,3639,426dc15a-1cf2-51e7-a9d7-7b940e17c96f,5,distributor to retailer,7325d674-5b55-50c0-af28-4f2299cace1a,da074142-bbb3-59ba-88f1-cd35ccb7cfba,0.27
80f53b27-955c-560b-8c24-d73705e5decd,3640,d186d304-978c-5a34-b7dd-c43cefd2cabc,1,farm to cooperative,e25a836e-b016-5f0b-9a87-bb6ed51356ea,4dcfe76e-c341-56aa-8e29-b6fb79e0b334,0.18
62bce8fa-a31c-55af-acb3-1ea82c2ce260,3641,d186d304-978c-5a34-b7dd-c43cefd2cabc,2,cooperative to fermentation plant,29c33537-ad67-5ece-a510-81ab4db2e230,8deccab0-f773-57fd-8384-cd3edb0cac6c,0.18
323c28a0-834d-5b16-96a8-ce59818e112c,3642,d186d304-978c-5a34-b7dd-c43cefd2cabc,3,fermentation plant to factory,07a4a0aa-3d73-5818-8a84-54671cf7cc33,43d3e569-687c-5392-9c78-7c00b1e0a004,0.11
2aa18e98-b02b-5281-98f7-ec6e53c7ab0f,3643,d186d304-978c-5a34-b7dd-c43cefd2cabc,4,factory to distributor,53268c85-163a-570b-a1f8-5a12c911fd82,7325d674-5b55-50c0-af28-4f2299cace1a,0.27
5d444ebc-05c6-5d11-956b-51b383952c6a,3644,d186d304-978c-5a34-b7dd-c43cefd2cabc,5,distributor to retailer,01b19b67-943f-5aaa-8e22-ac99770bd52e,a32dd69e-0a60-56f9-b807-9356c46df8b4,0.26
7e9d5b3a-afbe-5a4d-ba08-645ccb04e4b8,3645,6959bb72-0bb0-5d80-bc26-d38892544b10,1,farm to cooperative,03e9b2b4-7443-5499-8ea9-b01aa189103d,136750b9-9569-5f4a-af23-e0463703adbb,0.24
58420977-992f-54f3-8840-c308c3b74d18,3646,6959bb72-0bb0-5d80-bc26-d38892544b10,2,cooperative to fermentation plant,b32f1196-6bb2-5c93-a7cb-a94b2e2119c1,959cd6b4-f520-5d3c-ad8c-c8374cdff57f,0.14
a76d8d21-fb55-57f7-9dc4-3a5dcf91836e,3647,6959bb72-0bb0-5d80-bc26-d38892544b10,3,fermentation plant to factory,a1d6388c-a973-5cfc-b5cc-2aeda299dbae,85387f51-58fa-5b8b-8e15-8268cbac0907,0.11
58430da7-9979-52ec-8f8f-12fd92de6fb2,3648,6959bb72-0bb0-5d80-bc26-d38892544b10,4,factory to distributor,9c34736d-286a-5ff6-b49c-881107902722,7325d674-5b55-50c0-af28-4f2299cace1a,0.24
758808ca-d05b-5413-9ab9-78b4edf64940,3649,6959bb72-0bb0-5d80-bc26-d38892544b10,5,distributor to retailer,4ff5d4b7-19c0-551f-905c-e925106ffbba,3463d30c-175a-54f6-b3c4-902bd313c4be,0.27
c941e7be-5bad-5579-a097-c080b99ecd7a,3650,4c80a3bd-fa61-5156-a136-2038c625c5f3,1,farm to cooperative,bd5bb262-0936-52d5-b219-912fa4694de2,4cdc9d9c-c0fe-5c55-b4c0-7d7abcb506b3,0.25
7383e75a-eaec-5170-ae40-71b6f4472f83,3651,4c80a3bd-fa61-5156-a136-2038c625c5f3,2,cooperative to fermentation plant,c70bf5a0-8887-517e-8963-b02d73244d57,f3115708-72a8-5ade-8fa2-d2b4778496e2,0.18
81c90b37-3fb6-575b-a82d-c9499f5ae6cd,3652,4c80a3bd-fa61-5156-a136-2038c625c5f3,3,fermentation plant to factory,302a5026-ee43-5b37-950e-35b21e269a7a,7cc60de5-87f6-5c67-bdbf-3069728c01e8,0.22
3747cae3-17a8-5387-86d4-8bb81f71a5f0,3653,4c80a3bd-fa61-5156-a136-2038c625c5f3,4,factory to distributor,e216d5e8-90e1-5919-8ad4-6dc7c1256f61,01b19b67-943f-5aaa-8e22-ac99770bd52e,0.19
7a968ef2-bb8b-54b1-90a3-9390675d8627,3654,4c80a3bd-fa61-5156-a136-2038c625c5f3,5,distributor to retailer,c44c2104-37a0-5a7e-b21b-4502f5382882,da074142-bbb3-59ba-88f1-cd35ccb7cfba,0.16
1d9a90d9-670c-54f0-a37f-526b0f6f74ae,3655,40899539-5677-5b43-a9f1-2c2a323d299b,1,estate to processor,182a35b8-5029-55c3-b47c-ec1720a8dc3c,cef9a6b2-4b4e-58d1-a196-aaeca4094a8a,0.09
38884283-b4dc-551a-87b0-29572ebc8c7c,3656,40899539-5677-5b43-a9f1-2c2a323d299b,2,processor to blender,965863e5-7ffb-5ebd-9283-ffd96b82776b,484eddfb-3676-5455-b6c2-975212f312fc,0.24
0e9a2e3d-52db-5095-94b5-89f92025fb0e,3657,40899539-5677-5b43-a9f1-2c2a323d299b,3,blender to distributor,a863b097-2bda-55ed-87bf-062a3b764a88,7325d674-5b55-50c0-af28-4f2299cace1a,0.33
c9311a0f-0570-53d8-93d6-2518f625240e,3658,40899539-5677-5b43-a9f1-2c2a323d299b,4,distributor to retailer,4ff5d4b7-19c0-551f-905c-e925106ffbba,0ebfb33d-b894-5771-918e-632c9379113d,0.34
362b003a-6781-5863-885a-75990a118f21,3659,fbc0933d-8b57-59b1-ace4-37c603f3522f,1,estate to processor,a17e8278-cbb2-5b2d-b640-8d4499bab8a6,80905090-7159-583e-8995-a2e113db8226,0.3
fedfe3f8-8542-5c4a-bcd9-6478530a2417,3660,fbc0933d-8b57-59b1-ace4-37c603f3522f,2,processor to blender,2ee50bc1-8e30-5005-b41f-8845c959d8c2,64a80af5-1cf4-5c50-b1be-830a9cb01f52,0.26
68289d44-0297-5122-ad2a-d7c27d15c489,3661,fbc0933d-8b57-59b1-ace4-37c603f3522f,3,blender to distributor,e07da681-ad0c-5397-b1c2-8582099bbe78,6adacd0c-daae-58e4-9049-cd3b893f8764,0.27
20fed57e-cb50-5670-bd99-2738c6999651,3662,fbc0933d-8b57-59b1-ace4-37c603f3522f,4,distributor to retailer,c44c2104-37a0-5a7e-b21b-4502f5382882,790f93aa-9203-5d4e-a835-8e44ad6bad68,0.17
74a83b62-d3fc-5f62-be71-0c8c42c232a2,3663,fee3dddd-771b-5c79-9808-0e1a9147abeb,1,estate to processor,c363b4ce-8c2a-5cc8-8d91-476676b1cd8d,9a9a63ac-cb31-598c-932b-eb03694c3a80,0.24
6e1af920-88f6-54a9-a84a-231a53988a4b,3664,fee3dddd-771b-5c79-9808-0e1a9147abeb,2,processor to blender,67a10c7a-10de-5150-9f55-65bf8848a6d6,b697a9cc-147c-54b7-92c2-63178119c28a,0.29
6d09ed4a-ab78-5c59-96ea-db3837e9ce46,3665,fee3dddd-771b-5c79-9808-0e1a9147abeb,3,blender to distributor,c7f94c54-43ef-5c16-8124-e8dbefe77d67,6adacd0c-daae-58e4-9049-cd3b893f8764,0.28
50071f0c-8481-5f16-b449-cd0d52a5752a,3666,fee3dddd-771b-5c79-9808-0e1a9147abeb,4,distributor to retailer,6adacd0c-daae-58e4-9049-cd3b893f8764,0bd700ff-a0c0-58bb-9b35-fc283d9cd3ff,0.19
e8d282ff-521c-5c24-97d3-0f88bc9ad36f,3667,0581b18e-ce79-5bc3-9abd-caf6806ca89c,1,orchard to pressing plant,09731fc3-8f3d-50ea-a687-8542ca219ca4,adcc0824-8980-5185-a84d-8976fe38b843,0.26
f6110c7c-cc53-5502-83cb-532fb6da7d2b,3668,0581b18e-ce79-5bc3-9abd-caf6806ca89c,2,pressing plant to packaging facility,908301b1-52a5-5163-96bf-29cb4477d08c,82364a19-4b83-5c1c-9404-a7fb29a9ff0a,0.43
41d95765-562d-5f78-a26e-6cfa319b5162,3669,0581b18e-ce79-5bc3-9abd-caf6806ca89c,3,packaging facility to retailer,fae68d09-6180-520f-859a-93cabc443cbe,9d8518b0-c0b9-582b-a9b1-1f066f77c5fc,0.31
6ab7533a-7f7f-5df8-a7c2-dcfa16c4c6bf,3670,4aebbd32-f0e9-5b7a-ab9b-c8c64ff1e561,1,orchard to pressing plant,8a689896-1ea1-59ed-abee-3a8711d588f2,f839476f-2a4b-5c38-be57-49f3bf57ddb5,0.28
17bc8fbd-ca4d-5be9-88b7-b7d4a79b0b5c,3671,4aebbd32-f0e9-5b7a-ab9b-c8c64ff1e561,2,pressing plant to packaging facility,49b43676-2e0a-57d2-a7ce-b1a525217309,b011821c-74a3-537b-84f6-c72b05d9b5ac,0.37
a8a299a2-394f-5b53-8a47-40422d83f169,3672,4aebbd32-f0e9-5b7a-ab9b-c8c64ff1e561,3,packaging facility to retailer,df3d94a7-708b-5123-9289-30a5c5094209,0bd700ff-a0c0-58bb-9b35-fc283d9cd3ff,0.35
6d99d442-c5ae-59fc-b5f5-0107283223f6,3673,db3696e1-0961-5cc4-bb4f-df7ed1e8d990,1,orchard to pressing plant,52b7ca9d-7b66-5a1e-a516-7aca35112f58,b89be147-3224-5bce-a7be-d9d286398072,0.35
fe7d9ef2-6a47-5fe4-991e-024c1d89e1ca,3674,db3696e1-0961-5cc4-bb4f-df7ed1e8d990,2,pressing plant to packaging facility,896f1aff-c600-5767-8d1f-3e39159468c7,c12d25e9-d7cc-5834-831c-7ed47e0e2756,0.24
6010f95e-90bc-59d8-954d-f21416a38873,3675,db3696e1-0961-5cc4-bb4f-df7ed1e8d990,3,packaging facility to retailer,cafc5c9b-4a7c-53c4-b12a-cd5227f44163,a32dd69e-0a60-56f9-b807-9356c46df8b4,0.41
f03515f5-ae5f-5707-84f6-e1c4ec140d35,3676,6b6213c4-72e8-5180-9421-31ff0d6cfdac,1,orchard to pressing plant,91931b30-1d0e-557f-b2af-f9c797b3a7c8,45fec845-05f5-530f-92cd-8ddf9fd7348e,0.22
b31faadc-9ce7-5b6b-bd25-67f0c373c1ad,3677,6b6213c4-72e8-5180-9421-31ff0d6cfdac,2,pressing plant to packaging facility,6ba50d6f-df6a-549b-a92e-a640f8dc061d,ca4f1f26-3996-5c76-ab4a-66a777e28537,0.28
bc84a4a4-14a1-5c4e-b13e-0944c713c04c,3678,6b6213c4-72e8-5180-9421-31ff0d6cfdac,3,packaging facility to retailer,8a0430d4-2715-524a-af33-0dac4f4ae022,3463d30c-175a-54f6-b3c4-902bd313c4be,0.5
91511670-224d-5419-8bbb-04bcb0066afe,3679,8567653d-7e9b-5f09-aaae-5a926dd05c7f,1,farm to mill,32416a91-1be2-5bd0-b9d4-ff3e2ac7695e,66889415-cf7b-55c9-a0a5-e63f5d016ed9,0.3
cb6c30d6-44e5-5c02-8713-88a6ca2cf5fe,3680,8567653d-7e9b-5f09-aaae-5a926dd05c7f,2,mill to factory,6802b3ac-85c7-59cb-b380-7264eb2539c4,b0017272-259a-5d48-9070-16b459a1f8cd,0.3
257519d2-f115-52ec-927b-ba950f1fba4a,3681,8567653d-7e9b-5f09-aaae-5a926dd05c7f,3,factory to distributor,6f7f6de1-4d8f-5033-89fe-f17ab69189e4,6adacd0c-daae-58e4-9049-cd3b893f8764,0.23
e2808b9f-529f-5790-a377-aed00653582c,3682,8567653d-7e9b-5f09-aaae-5a926dd05c7f,4,distributor to retailer,6adacd0c-daae-58e4-9049-cd3b893f8764,4173ab46-b88e-5c37-b38a-dd95e4580f2d,0.17
cfe2ffe7-0d73-57cf-8162-7b472d5c2666,3683,e147fa49-0efb-53ce-a338-223794156337,1,farm to mill,ed66d3fa-ae31-50d2-be99-f5a73857bfca,348c390d-af5c-59a3-9004-41d9a190aacf,0.32
2d4cb04b-fa34-51b1-a8d8-081e71c679dd,3684,e147fa49-0efb-53ce-a338-223794156337,2,mill to factory,cd9d991c-a3f2-5bce-880b-be21399494fc,7a63ae0b-cea8-5dcf-a72f-41f2af622a8b,0.21
b1350638-8ff4-5a49-adb6-c505f5b3199a,3685,e147fa49-0efb-53ce-a338-223794156337,3,factory to distributor,af2ee1d9-0ece-5171-9cac-554267c6c196,7325d674-5b55-50c0-af28-4f2299cace1a,0.31
4821bca6-0cce-58bf-b73a-0f2625b2628f,3686,e147fa49-0efb-53ce-a338-223794156337,4,distributor to retailer,6adacd0c-daae-58e4-9049-cd3b893f8764,39618516-09dc-5856-9d5c-fd79bd0fd05b,0.16
c901ebbc-32a2-5752-a7db-019dd3c7a47c,3687,47240515-76ae-5ff0-a692-1f545459ed40,1,farm to mill,9e607f14-9b5a-5ed6-8542-d707979b10dd,7b676f06-fe9b-5266-83f7-ca603a330953,0.28
868f315e-eec4-5ae1-8be1-fed9d62b83ec,3688,47240515-76ae-5ff0-a692-1f545459ed40,2,mill to factory,4d755d4e-5ff2-5a61-a558-1729bf42d3d2,7d6d6ba8-547f-5435-9bd4-fd628f89910c,0.24
591ecc5b-8e7a-5d7a-9900-d4434d6c4e8a,3689,47240515-76ae-5ff0-a692-1f545459ed40,3,factory to distributor,aaab84d4-580d-59d6-a6ae-3c641578fc09,6adacd0c-daae-58e4-9049-cd3b893f8764,0.19
ac3fea8c-a25b-582f-a234-487bc716d80d,3690,47240515-76ae-5ff0-a692-1f545459ed40,4,distributor to retailer,c44c2104-37a0-5a7e-b21b-4502f5382882,0ebfb33d-b894-5771-918e-632c9379113d,0.29
aae68ef7-bd52-584e-8696-5cfc0095f9d6,3691,b68b046c-2e66-5d5b-b238-6d5b134f00d7,1,farm to mill,e65ba663-5407-5896-898d-c02613fb7a45,bc17f989-3272-52c5-aa7e-9c4740829f40,0.3
cb7deda9-1520-50d0-83ca-badc4a0b6f66,3692,b68b046c-2e66-5d5b-b238-6d5b134f00d7,2,mill to factory,b84c3b52-3083-5aea-80cb-63b7705b0640,d0174e6c-a06a-5d1c-86ce-0e4d47015bcb,0.17
a0f9e937-4c9c-5bca-9a61-8b3802a8860a,3693,b68b046c-2e66-5d5b-b238-6d5b134f00d7,3,factory to distributor,08a85d39-5bd2-57f1-824e-032ccd5e628e,7325d674-5b55-50c0-af28-4f2299cace1a,0.3
0c5ee0c7-7818-5798-8c9c-d450346392da,3694,b68b046c-2e66-5d5b-b238-6d5b134f00d7,4,distributor to retailer,7325d674-5b55-50c0-af28-4f2299cace1a,096c265c-d191-5bd1-bef5-bb32ea1583bd,0.23
e1d70b65-34e9-5082-a33d-362c6f3588d8,3695,be046c34-d3ad-51e3-b7f9-c014c5c055e7,1,farm to mill,60dc30b0-a826-5485-9dba-c3618c882a67,314e11db-35c8-5f3d-9a35-17b55b7af18c,0.2
8478faba-92f7-51df-a0b2-e50210fa24c0,3696,be046c34-d3ad-51e3-b7f9-c014c5c055e7,2,mill to factory,e723b74f-6491-5e6e-9b39-63257895177f,ea7c46c9-c454-5306-b14e-0683e34ce31a,0.29
a563ff4e-a0cf-5e3f-ad39-0006abc6b9ed,3697,be046c34-d3ad-51e3-b7f9-c014c5c055e7,3,factory to distributor,a9a442d3-257d-528c-b17b-3e4f97bf6412,6adacd0c-daae-58e4-9049-cd3b893f8764,0.28
883a66ac-2a23-5b06-b4f3-b14a8ea40340,3698,be046c34-d3ad-51e3-b7f9-c014c5c055e7,4,distributor to retailer,01b19b67-943f-5aaa-8e22-ac99770bd52e,0ebfb33d-b894-5771-918e-632c9379113d,0.23
6e85152e-0fd7-5e9c-aea0-06b123f61a0f,3699,3f341112-29a0-5294-a573-dbfd02d38c78,1,farm to mill,18ff55d2-8ce3-5de2-9f3e-c292c732c910,3c6b6d86-41e6-5fc1-a690-0d2ee24117ac,0.24
e7264f57-b6c2-5b90-b23b-6f89c289c251,3700,3f341112-29a0-5294-a573-dbfd02d38c78,2,mill to factory,6471d68c-757b-50d9-9501-44ed473fb5dc,44b18435-8559-5d25-ab9d-5e0caee928ed,0.25
86978d8d-137b-56a1-a012-2c1891e0a56a,3701,3f341112-29a0-5294-a573-dbfd02d38c78,3,factory to distributor,9b8ad62f-be70-5d2c-b9c9-381c9900eec5,c44c2104-37a0-5a7e-b21b-4502f5382882,0.25
1644ee93-6469-5067-87f4-ba5cabf6fe2a,3702,3f341112-29a0-5294-a573-dbfd02d38c78,4,distributor to retailer,4ff5d4b7-19c0-551f-905c-e925106ffbba,da074142-bbb3-59ba-88f1-cd35ccb7cfba,0.26
e8df1364-a0ac-579c-b8c7-4855c1afb2bd,3703,2e829805-0fa2-57f8-bba7-b0d818f07e3f,1,farm to mill,ee0e6860-0d05-557d-b19a-e95324551612,5b47fdd8-4d56-5f36-956f-bb54377e4cb4,0.26
41bb5e7f-5ac1-5a5a-bd20-5bd279c6a029,3704,2e829805-0fa2-57f8-bba7-b0d818f07e3f,2,mill to factory,14bbcb29-05c9-5e01-a4e2-4ecf45ad5629,9d9db2ae-0dea-515a-9b21-f8f5e0ea213b,0.29
76ae12ad-3fae-528d-85bc-632b508a9f1d,3705,2e829805-0fa2-57f8-bba7-b0d818f07e3f,3,factory to distributor,f93bd299-fb69-50e4-b8fc-1df8eae3720f,7325d674-5b55-50c0-af28-4f2299cace1a,0.1
09572ab7-403d-52e1-928c-89d20d660be0,3706,2e829805-0fa2-57f8-bba7-b0d818f07e3f,4,distributor to retailer,7325d674-5b55-50c0-af28-4f2299cace1a,790f93aa-9203-5d4e-a835-8e44ad6bad68,0.35
f697b8e7-245c-5615-948d-4795e38b51a5,3707,656f509d-125b-5828-b75e-71084a11d23b,1,farm to mill,5ca11fc3-7980-5f38-941a-7abf4a2111a5,37e585fc-1dab-54d5-a8dd-e46bb34fc88f,0.29
b761e567-14e2-52d6-a87c-165b30da9944,3708,656f509d-125b-5828-b75e-71084a11d23b,2,mill to factory,581b2baa-e2e0-58d4-8d68-4711f3a57a57,28cf63d0-a7fd-5b69-bf05-2570149cca4e,0.25
e61a7372-8fa8-5010-82fd-9ab7b359a345,3709,656f509d-125b-5828-b75e-71084a11d23b,3,factory to distributor,4d6761e5-9fa3-5e60-b41c-93b9199de9c5,c44c2104-37a0-5a7e-b21b-4502f5382882,0.32
96dbb584-0ca9-52d2-ae2a-d3b52a8da340,3710,656f509d-125b-5828-b75e-71084a11d23b,4,distributor to retailer,4ff5d4b7-19c0-551f-905c-e925106ffbba,39618516-09dc-5856-9d5c-fd79bd0fd05b,0.14
e4e80553-f92f-5469-9276-7a6b772e3469,3711,b17fb416-7985-556b-93a4-624e3bd5fe22,1,farm to mill,05b83027-1574-5822-bec0-cd4758259cb0,11c5e50b-a483-5712-b902-316facbbbe4b,0.24
c68fa2f2-a114-53c6-99b9-7bad198945b6,3712,b17fb416-7985-556b-93a4-624e3bd5fe22,2,mill to factory,f359f876-1465-55ba-8f04-ca285d57b395,5d8fbba0-f292-57de-b728-d581b4c89640,0.24
dcf0136e-5565-55cc-a2c9-899cd56a2714,3713,b17fb416-7985-556b-93a4-624e3bd5fe22,3,factory to distributor,ffd65ba9-e15f-51d9-a04c-b30b3741df0e,6adacd0c-daae-58e4-9049-cd3b893f8764,0.26
b995d0ad-0518-5d9c-8253-f8c6c475a296,3714,b17fb416-7985-556b-93a4-624e3bd5fe22,4,distributor to retailer,4ff5d4b7-19c0-551f-905c-e925106ffbba,a32dd69e-0a60-56f9-b807-9356c46df8b4,0.26
64046abc-fc75-5495-b48e-eafed9ddbafd,3715,b22cc153-8dd1-5851-8560-ef5821043cc3,1,farm to mill,e468a0e1-1f98-5e67-8386-7365d7558172,0775c76a-da4e-51a0-af42-06443228e795,0.48
5f1ee2ea-b6b1-5b1f-9233-5a59af2bed63,3716,b22cc153-8dd1-5851-8560-ef5821043cc3,2,mill to factory,de9960e6-9379-5e6f-a8bd-1413e82506ee,c9360006-8728-59bb-86a9-71a94bc5530d,0.21
a1499944-46fe-539c-acc4-2f9e767fd38e,3717,b22cc153-8dd1-5851-8560-ef5821043cc3,3,factory to distributor,8d6c5d90-77a2-5216-91bc-f8110fbc4dbc,6adacd0c-daae-58e4-9049-cd3b893f8764,0.16
387bad43-79ed-59fe-98ca-e5488bc3f51e,3718,b22cc153-8dd1-5851-8560-ef5821043cc3,4,distributor to retailer,6adacd0c-daae-58e4-9049-cd3b893f8764,a32dd69e-0a60-56f9-b807-9356c46df8b4,0.15
bb50088b-47c0-5fea-a1e4-1e54cab6ed7c,3719,03b513b6-181e-5e4c-9244-051a9cf1a647,1,farm to mill,48a1ce45-e7f1-5630-923b-16ff1d926dae,4dac5bf8-2270-5a12-bea0-2da705501a59,0.33
cc46c47d-424a-55c3-b03f-0dc43dee4ccb,3720,03b513b6-181e-5e4c-9244-051a9cf1a647,2,mill to factory,4df2801f-2185-5c26-9ac3-9387b3f053ab,c53bb565-3ba9-5bbc-a4f1-ded4f384062e,0.44
637cb973-bc7a-5d2c-bbbd-ff2c4e356225,3721,03b513b6-181e-5e4c-9244-051a9cf1a647,3,factory to retailer,2751bac5-3f59-5b3b-a53a-0b748ed371f4,0bd700ff-a0c0-58bb-9b35-fc283d9cd3ff,0.23
7d5a2e16-ddc8-50d5-aa35-486fdd5f99f3,3722,e80db4a4-151f-5928-8454-bde22490b069,1,farm to mill,e2bdb81c-a461-599c-aa8f-881fcfe378e9,1cd7e5e6-fcd5-573a-9a5d-2013c7293aaa,0.19
14f455fa-bce8-5a57-9ff3-6559d510878a,3723,e80db4a4-151f-5928-8454-bde22490b069,2,mill to factory,15d30a32-dcc5-5dd6-a390-21e1305f2471,d0f1de55-2ffe-55af-b9ab-a7a61de82448,0.19
ba3c5b01-fceb-59c5-a6e6-fc56ee736fca,3724,e80db4a4-151f-5928-8454-bde22490b069,3,factory to retailer,19259c0a-c61f-56f2-8f93-b7736a3ab70d,9d8518b0-c0b9-582b-a9b1-1f066f77c5fc,0.62
f96334d4-0d9b-5eb9-a2c5-abd0ed7e1200,3725,0d23c701-f2b2-5376-9807-84a55f974499,1,farm to mill,8320b77c-8afb-50b7-8068-65a0bf2280d3,1d1bee77-e7fd-5de0-be54-9ea257f3da84,0.34
23de0410-151c-59eb-9396-c3412c754902,3726,0d23c701-f2b2-5376-9807-84a55f974499,2,mill to factory,93bad037-7952-525d-9bf8-9b64b825c7f5,caba8f2f-96bf-534c-b87e-4e1175f08306,0.37
2330866d-9562-59f7-ad69-d622140d6261,3727,0d23c701-f2b2-5376-9807-84a55f974499,3,factory to retailer,509d3cc4-d454-59f4-a36e-c2403b27dcb3,0bd700ff-a0c0-58bb-9b35-fc283d9cd3ff,0.29
221c2d0a-08a1-5a2a-82a7-d7d057c8d150,3728,5406a454-a761-50b9-8daf-ccbe07719c1b,1,farm to mill,e7babf07-477a-5cc5-9e6c-7411a54a148f,51335bfb-816e-544d-9d81-c11acf272646,0.36
03686421-1f23-51cf-9cf5-54095c7df79d,3729,5406a454-a761-50b9-8daf-ccbe07719c1b,2,mill to factory,53d169b5-81df-5366-87cf-3da2628bda53,fba28d22-9b56-535c-bd23-7303e861d8e6,0.33
8b2e0138-7fac-526d-a531-4b1da2fe29a9,3730,5406a454-a761-50b9-8daf-ccbe07719c1b,3,factory to retailer,fa4f8290-7829-53e1-95a2-fbcaafbed48a,9d8518b0-c0b9-582b-a9b1-1f066f77c5fc,0.31
a40054a3-111a-5862-9abc-f877ddc45f16,3731,fd623195-7a13-5d74-86f1-f13941a88c95,1,farm to mill,3c89cd39-507d-5922-acf9-89006fe96cc3,a2f1a0ef-1389-5ddd-9894-daf47149a415,0.28
2b512613-a54c-5cc9-8ddb-198094741658,3732,fd623195-7a13-5d74-86f1-f13941a88c95,2,mill to factory,9e421885-6ab1-5f60-896a-06787ded4134,c19cfb6c-30a0-527d-a9bc-de6889ed8d9a,0.33
e1f65b9c-946b-5189-be3c-cd8d9b32bedb,3733,fd623195-7a13-5d74-86f1-f13941a88c95,3,factory to retailer,91f72423-1a7d-5aca-be79-79b3593f586b,0ebfb33d-b894-5771-918e-632c9379113d,0.39
eb6e0da3-a270-5a1e-aaf6-3ab7fb0266e7,3734,a7857eab-9d46-58c6-b0e3-d6a75e61c8c8,1,farm to dairy processor,7d7f733d-c8f1-5e3b-aa79-239b84058135,25ee0f35-b452-521b-9244-cdfb6123d469,0.34
46873313-1289-5be3-867e-fcec79ec5591,3735,a7857eab-9d46-58c6-b0e3-d6a75e61c8c8,2,dairy processor to distributor,025335ed-a898-566d-b25c-74c6b3743643,4ff5d4b7-19c0-551f-905c-e925106ffbba,0.31
070ba19a-d365-5dc6-97d3-9f9812770cef,3736,a7857eab-9d46-58c6-b0e3-d6a75e61c8c8,3,distributor to retailer,4ff5d4b7-19c0-551f-905c-e925106ffbba,096c265c-d191-5bd1-bef5-bb32ea1583bd,0.35
59a35b89-42d2-5463-8a22-4c204fae6aad,3737,29db674b-944f-57be-af22-f6f8b6ec8e70,1,farm to dairy processor,5ae585dc-f2ce-5092-879e-9a2a1d16e045,45eda46e-fb8b-5a6e-bd96-68b0d7c9406a,0.32
371d310f-5519-593b-9bc4-0a6256bc2052,3738,29db674b-944f-57be-af22-f6f8b6ec8e70,2,dairy processor to distributor,a57a0f24-f271-5633-982b-3f25d5f2332b,6adacd0c-daae-58e4-9049-cd3b893f8764,0.36
b0ada60b-215d-567d-a527-301fc1f3d8de,3739,29db674b-944f-57be-af22-f6f8b6ec8e70,3,distributor to retailer,c44c2104-37a0-5a7e-b21b-4502f5382882,0bd700ff-a0c0-58bb-9b35-fc283d9cd3ff,0.32
26f54922-4121-5817-8351-463dc1a8b448,3740,9437b8b9-4a85-59a2-8da2-d1065f2ce4ca,1,farm to dairy processor,b59a96aa-8af9-59a2-88a6-d70e022b5675,6c5408e6-d027-5a17-8087-c9344d07c51c,0.29
6bd56dcf-591f-58a5-a74d-eff5b444e86d,3741,9437b8b9-4a85-59a2-8da2-d1065f2ce4ca,2,dairy processor to distributor,e66467c3-94dc-5d54-b7b2-32922aa969d8,4ff5d4b7-19c0-551f-905c-e925106ffbba,0.37
8ecfa5f1-f542-5597-9aea-4886af04381c,3742,9437b8b9-4a85-59a2-8da2-d1065f2ce4ca,3,distributor to retailer,01b19b67-943f-5aaa-8e22-ac99770bd52e,790f93aa-9203-5d4e-a835-8e44ad6bad68,0.34
52b0f8b1-a8cc-590f-82db-687e9df69c95,3743,6f79d750-375a-5390-abe2-10d806b13c5d,1,farm to dairy processor,d2d91044-443f-56a8-9226-15f9234c00a7,0631dad0-4a98-52bc-aee4-db84f308ecdb,0.4
e61ecf0b-6795-548c-8727-694e5844b270,3744,6f79d750-375a-5390-abe2-10d806b13c5d,2,dairy processor to distributor,fd822f0e-9fc7-54ee-a843-1067376e4091,4ff5d4b7-19c0-551f-905c-e925106ffbba,0.33
41d83228-55ea-5c2a-8d99-c59d395a2706,3745,6f79d750-375a-5390-abe2-10d806b13c5d,3,distributor to retailer,7325d674-5b55-50c0-af28-4f2299cace1a,096c265c-d191-5bd1-bef5-bb32ea1583bd,0.27
bbae1503-406e-5e3f-8526-e6c34cac2fa8,3746,0cbcc2d1-979c-5e7a-88a1-858a7bea5c17,1,fishery to processor,bf20a42b-756c-5de6-a9b5-cf40bd1f6b4e,c3fe7fa6-b743-52bb-a9ef-a3ff797e2fc5,0.42
0b8b29d3-7f9b-5364-ae65-ae02811824bf,3747,0cbcc2d1-979c-5e7a-88a1-858a7bea5c17,2,processor to cold store,07a4ada8-4df4-56e9-8ddd-3c6ac4c04e1d,13ee0b85-ee52-5ec9-ad82-8940c14795d9,0.19
b361d4cf-6ea0-524e-aa8a-f5eccf96f824,3748,0cbcc2d1-979c-5e7a-88a1-858a7bea5c17,3,cold store to retailer,56022c71-4094-521e-bde0-e48ad7b38c6e,da074142-bbb3-59ba-88f1-cd35ccb7cfba,0.39
da0cc7ff-03ab-50b5-aa48-4e53e219cb9d,3749,577541a5-d78d-5379-b8e4-09aee3a5181c,1,fishery to processor,f79e8913-9013-599a-ad46-41722260f4d8,c44c35d6-835c-5f1f-bdf3-c28b93b17a8c,0.24
a1995d1f-17bc-5a73-b2fd-d0c83d89a7b9,3750,577541a5-d78d-5379-b8e4-09aee3a5181c,2,processor to cold store,34da8e03-3142-50e5-a69d-72df93da497d,16e03a53-c62e-52bd-8c5a-30adab5539bb,0.46
d4e3afe4-be5b-560f-8451-f4d745a03187,3751,577541a5-d78d-5379-b8e4-09aee3a5181c,3,cold store to retailer,a63afe06-c396-50c8-b254-25eadef2b9a7,096c265c-d191-5bd1-bef5-bb32ea1583bd,0.3
942d41e4-6daf-565b-894d-bd00fe3c8d60,3752,9152c7ac-0fe5-5818-8005-55f4539f702e,1,fishery to processor,d6615662-1f81-5313-bb5c-99e9f91574d1,f1d2e652-359e-5b5f-bbab-0a3283b469ff,0.28
e3d402fa-4633-5e5a-aa3e-813437afee5c,3753,9152c7ac-0fe5-5818-8005-55f4539f702e,2,processor to cold store,d70e3e38-a1dc-55f4-9889-ad02665f2f60,965b22e0-02dc-5b3f-988c-7d26adbba621,0.18
0c03b458-3d69-556d-ab28-65e882a2321a,3754,9152c7ac-0fe5-5818-8005-55f4539f702e,3,cold store to retailer,cd846dcc-27f3-5649-bacf-a7ee029b7089,0ebfb33d-b894-5771-918e-632c9379113d,0.54
c70037fd-09c9-5c9c-b02b-145814bc2b88,3755,31ceb176-5b65-59e4-849d-c3112a6faeb2,1,fishery to processor,3cda1336-952c-558a-94f5-fb2cf7f62c9b,6aab20c9-0458-56b1-baf5-60e365fbf169,0.36
66e28bad-8d0f-5bb7-a827-ec21cdcb9cf7,3756,31ceb176-5b65-59e4-849d-c3112a6faeb2,2,processor to cold store,c5306c01-51bf-541d-86d6-2399ebde49ab,28d8a22f-ebae-5392-9b8e-ee346b4aa9ec,0.42
81e840f5-5291-5e98-bb8c-074b9e3f8abe,3757,31ceb176-5b65-59e4-849d-c3112a6faeb2,3,cold store to retailer,61265fdf-c2fe-5108-95d5-851619265bc9,3463d30c-175a-54f6-b3c4-902bd313c4be,0.22
2ceb2963-ea37-59f3-8705-4521cda74bd7,3758,4dbe7a09-8b06-551b-a6b5-51bf5faa225b,1,fishery to processor,41dbe1e4-74ed-564f-ba3c-acdeec264692,9cd62a0c-0b70-5ca3-bb3f-96235637a583,0.35
2e25cbf7-d7c2-5834-9828-8648badc60ac,3759,4dbe7a09-8b06-551b-a6b5-51bf5faa225b,2,processor to cold store,6ad85a1a-6389-5bc5-8eea-c61b6d2b314c,f3dd65de-db4e-568d-b009-2fd0591ee33d,0.37
0e9486c5-1e2e-596d-9149-b71d3321cb91,3760,4dbe7a09-8b06-551b-a6b5-51bf5faa225b,3,cold store to retailer,afcb75b6-df29-5384-bcdd-b140ac6a9aee,096c265c-d191-5bd1-bef5-bb32ea1583bd,0.28
cf618abb-2cb5-5f52-be81-3b34315666fb,3761,35b5d23e-debd-50d0-9da5-8f4f252afb07,1,fishery to processor,8de6dd8c-b835-5ae6-b0a7-7ac1d54803c9,e232622e-0513-548a-b225-82ad6a4ba60c,0.21
18ea6c0c-fb77-5af8-881a-1c3e4233e187,3762,35b5d23e-debd-50d0-9da5-8f4f252afb07,2,processor to cold store,5c5dd977-6633-538a-b6fa-cb9e824469cd,1e87383f-04cc-5c6b-9e97-f900cde84d3f,0.4
c8d230a4-6b9a-591d-91bf-8cac54608538,3763,35b5d23e-debd-50d0-9da5-8f4f252afb07,3,cold store to retailer,d86e4911-93aa-5797-ad66-307e7fc1f1c8,3463d30c-175a-54f6-b3c4-902bd313c4be,0.39
d4126bf2-c273-56ff-bd28-ee13fae95ba6,3764,02f92b2c-8956-525c-bd6e-1c50f67c215f,1,fishery to processor,98d41678-be33-58c1-9ccc-b683380e671d,7578b411-1a4e-5234-be7a-39299745580c,0.2
be566b9d-8dfc-590e-95c1-8388cd78348d,3765,02f92b2c-8956-525c-bd6e-1c50f67c215f,2,processor to cold store,7a251179-0b2a-565b-b6d5-7d94c62a77ad,9d06e287-4ef2-5c95-a674-7b8dbe9d6102,0.18
3a8ab913-eed9-5294-8a27-3b08b4df2db0,3766,02f92b2c-8956-525c-bd6e-1c50f67c215f,3,cold store to retailer,464a3e09-ed49-578c-924b-eb21905104fb,4173ab46-b88e-5c37-b38a-dd95e4580f2d,0.62
49d46465-c329-500d-a45f-4128e5320556,3767,f601afe5-6ca8-56ee-90fd-051543b96fb1,1,fishery to processor,089bbb2a-82b3-5532-b1ee-35e9b8c39169,b60f0ff4-f28d-590b-8fde-4dff72889025,0.39
23887528-d294-5d0d-896b-c3cbd4105fe1,3768,f601afe5-6ca8-56ee-90fd-051543b96fb1,2,processor to cold store,d326f9bd-ea9a-519e-b0c7-45fae410b7d5,01b84789-f39b-5c30-9fbf-28c590dcbf2e,0.18
e5dbd370-9632-57d6-99b1-0f8e6f5c71b5,3769,f601afe5-6ca8-56ee-90fd-051543b96fb1,3,cold store to retailer,49566bcf-f288-5b22-8aa5-76682558c89f,0ebfb33d-b894-5771-918e-632c9379113d,0.43
4c90cf7e-e2c4-5d52-9db2-ccdc1bf0a75b,3770,fb1ab256-4435-5df1-9cb1-eb9d4f864c2b,1,fishery to processor,c222b14d-c5cb-52db-baee-21de7dfbd74c,d1da2752-8708-56c8-a01a-36f2c2cce7db,0.34
1d9654f3-879a-57e2-9d19-eae0cf15f17f,3771,fb1ab256-4435-5df1-9cb1-eb9d4f864c2b,2,processor to cold store,9d0d9a7b-3e48-5768-a91c-eedaba3f2c8d,51145932-13bb-55af-a3fd-9a0566abbf1d,0.48
c1d30a74-74e3-5ec2-b62c-d96a01689f03,3772,fb1ab256-4435-5df1-9cb1-eb9d4f864c2b,3,cold store to retailer,56c83600-f9b8-5312-8fa1-4d52cd0cb5c5,9d8518b0-c0b9-582b-a9b1-1f066f77c5fc,0.18
8e03e2b5-d73b-5e76-97b2-a34aaa24a517,3773,145e1278-84e0-528d-81ba-6b6ca1f21af4,1,fishery to processor,140fede5-33bf-53dc-bb6c-a11d1ca2d536,2b1853fd-99bf-59d1-9483-5f0c1fd9b3b6,0.41
28d818d9-388a-5535-b7b0-c05dbae2f025,3774,145e1278-84e0-528d-81ba-6b6ca1f21af4,2,processor to cold store,73e81009-dc15-5e49-94c0-3483de5cf08b,63c39c2e-96c3-5f27-8fb3-acd54e317c1c,0.31
49fe7adf-ad00-5897-a3be-985d3c4bc417,3775,145e1278-84e0-528d-81ba-6b6ca1f21af4,3,cold store to retailer,b257059d-1b62-5939-beae-9bc6464c73d4,096c265c-d191-5bd1-bef5-bb32ea1583bd,0.28
e7eaa8e8-8fbf-5ec3-bc15-7d5f9cd7b7cc,3776,dc4050d5-8f94-5a01-8016-4692ae68f4a5,1,fishery to processor,c115a577-9fee-58ef-911e-af3ccf380d72,e7cd42e0-d07e-577b-ac57-8cd051b321b4,0.3
2ee6014d-8f1a-5d76-9880-fe8a5e385719,3777,dc4050d5-8f94-5a01-8016-4692ae68f4a5,2,processor to cold store,1dcfaebf-22c8-5d35-87b0-c6050e4bc0f9,9e77e055-ad9d-579b-a7b7-224880ffab4f,0.47
5a210542-fa87-5b63-bd2e-677dd2588d6c,3778,dc4050d5-8f94-5a01-8016-4692ae68f4a5,3,cold store to retailer,898ac598-ef75-50cb-8e04-ba749b4b0fd4,da074142-bbb3-59ba-88f1-cd35ccb7cfba,0.23
7aaec1ab-9422-53a3-876e-ff379e37b6c9,3779,0d3c7431-2f46-53ec-8606-518beffc86e9,1,farm to cannery,603568f4-dae4-5ca8-be8c-487ad2f81155,81639cb2-add8-58df-9bea-c0a62c620d71,0.27
5a76789a-d241-5dbc-b7b7-ca02591bf7fb,3780,0d3c7431-2f46-53ec-8606-518beffc86e9,2,cannery to warehouse,f038e156-5fec-5bf2-9650-f52fcd43baf7,50c8e792-28d9-5e66-a7c8-690548933d06,0.3
0460f541-8766-5c86-a0ac-554a1d056cab,3781,0d3c7431-2f46-53ec-8606-518beffc86e9,3,warehouse to retailer,cc7c290a-5045-586f-ac81-f877445eb2df,4173ab46-b88e-5c37-b38a-dd95e4580f2d,0.43
dd2a0885-59ef-578d-99bd-7f9666f91db4,3782,e5a4e723-6fb8-5787-b570-4a0d8f65002f,1,farm to cannery,58dc6992-27d9-5d37-94ff-9feff04d70e8,444d2af4-3147-5e33-892d-243e237a8e5d,0.42
d213d218-c1a0-51fb-9c8b-010021d291c9,3783,e5a4e723-6fb8-5787-b570-4a0d8f65002f,2,cannery to warehouse,5243d215-7660-51bb-9d53-975678982ee2,b0fb86d9-80cd-569c-9134-3ea75395074f,0.25
2106cd40-3983-53ab-b94d-a3dab06cbede,3784,e5a4e723-6fb8-5787-b570-4a0d8f65002f,3,warehouse to retailer,a2cf68df-b4bf-5842-82c9-905d33b3ac60,0bd700ff-a0c0-58bb-9b35-fc283d9cd3ff,0.33
af36c6ea-4aa5-5b4c-8e02-875679f241ca,3785,439f697a-d4e5-5fd7-840b-63550bb28e3e,1,farm to cannery,c2057228-390d-5589-ae69-f6fb30a10fd7,6cc9aef2-2e5c-5069-be05-f49bf406d877,0.32
679a1651-10d3-5b8d-b13f-973843cf0812,3786,439f697a-d4e5-5fd7-840b-63550bb28e3e,2,cannery to warehouse,445541e5-b609-59f0-99bb-d4c20d336c82,79d82200-a8a7-571e-a605-7f2a1a9d7776,0.26
6416b51e-ca22-5a31-9919-e1593a7014ed,3787,439f697a-d4e5-5fd7-840b-63550bb28e3e,3,warehouse to retailer,f3110113-ed08-582c-b44d-b391bf1d3e29,39618516-09dc-5856-9d5c-fd79bd0fd05b,0.42
21c38b99-edf4-51b4-b5e1-ce5af7463d8d,3788,fda4a8cc-e566-59dc-980b-ae6554a20efb,1,farm to cannery,a67e6f5b-41b6-5427-a7ef-7d4dedd5534a,4a9763ab-8f55-5902-b78e-34b12ddd30b0,0.41
844de619-aab7-5781-b120-40a494794107,3789,fda4a8cc-e566-59dc-980b-ae6554a20efb,2,cannery to warehouse,dbef31a9-a027-5c04-ba42-71cc8dc476a8,9362b3aa-c07a-5f86-96ef-689749faab88,0.17
5aeb9d27-cf69-542a-a50e-bc6aa2f6f6c3,3790,fda4a8cc-e566-59dc-980b-ae6554a20efb,3,warehouse to retailer,9b3f02c3-b116-5f19-bdb3-f1bffd96ca4b,4173ab46-b88e-5c37-b38a-dd95e4580f2d,0.42
8fe242ec-2579-5d1d-b3df-bf1504eb3772,3791,2538afef-4849-5891-a325-280a613c5a36,1,farm to cannery,22a3b5df-7a45-5f3d-b9bc-1077847c1c9c,37dfa1d3-6570-502f-aa3b-443a11f5a63e,0.48
d0c5de1f-47ce-5edf-85b8-842b60a7cc64,3792,2538afef-4849-5891-a325-280a613c5a36,2,cannery to warehouse,defdee77-5c27-57ec-a8c8-8fba4d05f2a5,a187b10c-53d4-5e9e-a8aa-3d1c1d2d034a,0.21
0fb90613-949e-5a2b-89fe-83705c61f087,3793,2538afef-4849-5891-a325-280a613c5a36,3,warehouse to retailer,7162d20a-ba86-5d50-9792-a2b8479a7992,3463d30c-175a-54f6-b3c4-902bd313c4be,0.31
465418c1-8f67-592d-a58f-9b5cd48199ea,3794,75f5fe44-7053-593d-a240-8b9528ffc2fd,1,farm to cannery,641787ee-d2f9-5fd1-ae02-3184c5dccf36,9a1cf419-6f06-5cfc-b315-18171afbbaa5,0.18
a7fde36d-3912-5c76-924e-f4c896d434b2,3795,75f5fe44-7053-593d-a240-8b9528ffc2fd,2,cannery to warehouse,7895b899-23c7-5ae9-89bc-898e7cb32c6f,c337486e-35fb-556f-90d7-df6155658f16,0.5
2829f40c-41f2-5b04-8f13-f326a94203fc,3796,75f5fe44-7053-593d-a240-8b9528ffc2fd,3,warehouse to retailer,f2f825fa-77e3-5134-8474-4157fb5fb3b5,790f93aa-9203-5d4e-a835-8e44ad6bad68,0.32
43d47bdd-0a77-5c0e-ac97-8db3572f42d7,3797,4f8ef1b5-6bcc-5371-8c29-4e0875a531d8,1,farm to shelling plant,9ba84f50-231d-505b-a075-c8abf58a9064,400a7cbe-ec75-515b-aaf2-2d73b032a5df,0.52
a96ee5af-6ef2-5acc-92ac-6021aa61b3aa,3798,4f8ef1b5-6bcc-5371-8c29-4e0875a531d8,2,shelling plant to distributor,165d9cef-85ee-5ed1-b9fa-1df9519e63b8,7325d674-5b55-50c0-af28-4f2299cace1a,0.18
9acefb2b-4dea-5eec-8f23-6c53446d1a38,3799,4f8ef1b5-6bcc-5371-8c29-4e0875a531d8,3,distributor to retailer,01b19b67-943f-5aaa-8e22-ac99770bd52e,096c265c-d191-5bd1-bef5-bb32ea1583bd,0.3
34dd5520-0b77-57a1-8964-b6c366e44009,3800,ffa43b1d-0d10-5883-bdfd-921514e27394,1,farm to shelling plant,abd9cce4-2ca2-5152-9d97-80548de744ec,3091a561-99a2-525e-ada9-aadc1b49188f,0.37
37faf9fa-7871-5fe9-b2c4-2b082894edc9,3801,ffa43b1d-0d10-5883-bdfd-921514e27394,2,shelling plant to distributor,7530e80c-1838-5192-a282-ef0cdc16d5d9,4ff5d4b7-19c0-551f-905c-e925106ffbba,0.35
794db05d-8804-5a58-b022-029def18997e,3802,ffa43b1d-0d10-5883-bdfd-921514e27394,3,distributor to retailer,01b19b67-943f-5aaa-8e22-ac99770bd52e,da074142-bbb3-59ba-88f1-cd35ccb7cfba,0.28
04914f1e-80da-57f3-b42a-cdd15c5a3461,3803,c721cf7b-e2fc-55ca-90f0-46d8a3d86672,1,farm to shelling plant,50d372a2-1565-5d8a-b76f-3b30130229d1,f6aa61b2-e5fa-5750-871b-492bcb93fb29,0.21
823a10f2-dad3-5885-b843-00f41c5eaffa,3804,c721cf7b-e2fc-55ca-90f0-46d8a3d86672,2,shelling plant to distributor,4b19397b-95fb-55ac-8a3f-afe4bacf18a3,4ff5d4b7-19c0-551f-905c-e925106ffbba,0.52
5f56ba24-b058-5cae-a5fb-95a1200c703e,3805,c721cf7b-e2fc-55ca-90f0-46d8a3d86672,3,distributor to retailer,7325d674-5b55-50c0-af28-4f2299cace1a,0bd700ff-a0c0-58bb-9b35-fc283d9cd3ff,0.27
934026ce-f86c-53b8-b535-a5816e53cbfd,3806,d8d1bef9-ce42-5af9-9c04-fc550a2fe9fb,1,farm to shelling plant,a44de3ba-45dd-5fe4-87ed-f7677472aa63,85f3a8b5-00b5-56ac-90ed-fb13cfb9c114,0.21
9f9571f4-4233-5137-97ea-dbf1adf86662,3807,d8d1bef9-ce42-5af9-9c04-fc550a2fe9fb,2,shelling plant to distributor,c77aa5b9-0ace-5fce-869a-acf229aece1f,6adacd0c-daae-58e4-9049-cd3b893f8764,0.29
da60ecdf-86d6-5e74-b917-bfba70300ea7,3808,d8d1bef9-ce42-5af9-9c04-fc550a2fe9fb,3,distributor to retailer,c44c2104-37a0-5a7e-b21b-4502f5382882,790f93aa-9203-5d4e-a835-8e44ad6bad68,0.5
9675e393-d07e-5ae0-8af7-9d0ba9e5e8c7,3809,a1a8a130-7200-5974-a918-0e1a375423ac,1,farm to shelling plant,cb9a3fa3-503d-52c3-966a-8daeeee62694,81c2c629-569b-5d15-8bd7-c5eecdfa2241,0.21
153be0d0-ac18-5d8e-9cdb-d3328a9b5487,3810,a1a8a130-7200-5974-a918-0e1a375423ac,2,shelling plant to distributor,5783df5e-d0f8-55cf-9afd-f42b9bd89031,6adacd0c-daae-58e4-9049-cd3b893f8764,0.43
fd1e6679-a00f-5a86-b1f2-c0b321756d14,3811,a1a8a130-7200-5974-a918-0e1a375423ac,3,distributor to retailer,01b19b67-943f-5aaa-8e22-ac99770bd52e,da074142-bbb3-59ba-88f1-cd35ccb7cfba,0.36
30000fb9-2d98-5050-b2dd-a28a82e8c4ad,3812,6e0028a3-2753-59f2-a59f-e404fe9a9f1e,1,farm to shelling plant,4e0f2f8b-2cbd-571b-a0fb-f92922128905,21de167b-bd41-5c57-ba5a-06e8f3f29a76,0.31
b4f602a6-6883-5dd5-a142-827c732b4af7,3813,6e0028a3-2753-59f2-a59f-e404fe9a9f1e,2,shelling plant to distributor,d42683d5-ea3d-501b-b6e2-5060ea85bdfa,c44c2104-37a0-5a7e-b21b-4502f5382882,0.4
41053539-35a4-5b95-a461-a61adfb92d04,3814,6e0028a3-2753-59f2-a59f-e404fe9a9f1e,3,distributor to retailer,7325d674-5b55-50c0-af28-4f2299cace1a,096c265c-d191-5bd1-bef5-bb32ea1583bd,0.29
cb0d88e2-67af-526a-b7c0-2e673d75291b,3815,260a1874-2495-598f-ac9a-6664aa2bf7b3,1,farm to shelling plant,1b01c5ce-ede3-5535-b1fa-6fb48dac6edf,6a2203f5-083c-5071-a4f2-ec6b767b1f2f,0.36
f916b97c-51a2-5436-ae08-6fa213220527,3816,260a1874-2495-598f-ac9a-6664aa2bf7b3,2,shelling plant to distributor,4bb5bbd4-c1f1-5944-b08b-b4d238ebf825,6adacd0c-daae-58e4-9049-cd3b893f8764,0.3
85ca2cae-4b09-5e57-b4ff-d500bd17a92d,3817,260a1874-2495-598f-ac9a-6664aa2bf7b3,3,distributor to retailer,7325d674-5b55-50c0-af28-4f2299cace1a,4173ab46-b88e-5c37-b38a-dd95e4580f2d,0.34
010dac33-9ec6-57d9-adc5-6bf2e7c3ab66,3818,901bc879-8116-5222-aa5d-3f40a47bb5ac,1,farm to factory,2a3e5c23-24a5-5326-9530-81b65058cef5,4ff02061-ca97-5ac3-91ed-a8ac8b812be5,0.38
57c3bb81-68aa-541e-8a01-9786b9e67cc0,3819,901bc879-8116-5222-aa5d-3f40a47bb5ac,2,factory to distributor,3e109a99-227d-5504-a609-902b964a20fa,c44c2104-37a0-5a7e-b21b-4502f5382882,0.42
a06c77fc-eba8-5a1b-97e0-221ef5a98168,3820,901bc879-8116-5222-aa5d-3f40a47bb5ac,3,distributor to retailer,4ff5d4b7-19c0-551f-905c-e925106ffbba,39618516-09dc-5856-9d5c-fd79bd0fd05b,0.2
f1e96313-a000-52ae-872a-8e0e810f9c53,3821,75a30741-3e8b-55ed-b544-120d83fab5f9,1,farm to factory,d007130c-b300-52dd-89d6-ab7e5ab55ba4,13e77b89-8924-5068-8d88-8b921331f1b1,0.23
843ec406-aa29-5ace-b487-812a67c8e2ec,3822,75a30741-3e8b-55ed-b544-120d83fab5f9,2,factory to distributor,4052405f-de73-5797-bd19-5c1cc45dcb34,6adacd0c-daae-58e4-9049-cd3b893f8764,0.49
6006d99e-ba19-5872-9045-746cda336de0,3823,75a30741-3e8b-55ed-b544-120d83fab5f9,3,distributor to retailer,c44c2104-37a0-5a7e-b21b-4502f5382882,9d8518b0-c0b9-582b-a9b1-1f066f77c5fc,0.28
ffe7c25b-ed93-5643-9fd6-ade185bf0ad4,3824,2d679fa7-22ed-5bf0-80d6-4bbf6de4a706,1,farm to factory,96677f0e-4e4e-595a-932e-1b04c6ed9044,6e39fa41-37b6-5e5a-8cfc-1de8b385a635,0.38
005e4833-ee84-51fd-af4c-3e702eee7147,3825,2d679fa7-22ed-5bf0-80d6-4bbf6de4a706,2,factory to distributor,c74b80dd-1696-5045-8676-ffea92505637,c44c2104-37a0-5a7e-b21b-4502f5382882,0.35
d39cfb54-8355-507e-8b20-83129e5d7481,3826,2d679fa7-22ed-5bf0-80d6-4bbf6de4a706,3,distributor to retailer,6adacd0c-daae-58e4-9049-cd3b893f8764,096c265c-d191-5bd1-bef5-bb32ea1583bd,0.27
46a7913a-b2f0-519f-ad79-66dbbc9449af,3827,c372838f-f176-58b5-b824-e447e4614b20,1,farm to factory,1b4013ad-71ad-51a1-88e4-3205ee047ee1,bb4b46cf-7f57-5833-8058-a15791f95bd6,0.39
3c04d797-8fb9-54ec-9168-93b32c5a973e,3828,c372838f-f176-58b5-b824-e447e4614b20,2,factory to distributor,22ecb8f5-45eb-5a4a-9a63-34daf0f7a516,4ff5d4b7-19c0-551f-905c-e925106ffbba,0.33
1e98dfef-6f1f-5070-8f18-5f045139b4cf,3829,c372838f-f176-58b5-b824-e447e4614b20,3,distributor to retailer,4ff5d4b7-19c0-551f-905c-e925106ffbba,0ebfb33d-b894-5771-918e-632c9379113d,0.28
0a723ec8-8d8a-57cc-b423-37fb3937e004,3830,e425f008-fb36-5707-84ed-c1cbe95477e7,1,farm to factory,9c3d5aea-432e-5a7d-84e4-e95aa4e14498,590dda1f-a4d3-58ce-b80a-bc3f5dac1e01,0.26
61c671b3-b43c-5280-9cb1-2f75588271e7,3831,e425f008-fb36-5707-84ed-c1cbe95477e7,2,factory to distributor,ebaae7e7-a246-504b-9c77-9c0447b78f56,7325d674-5b55-50c0-af28-4f2299cace1a,0.33
ae115d7a-7c37-5780-926f-53d2544f063e,3832,e425f008-fb36-5707-84ed-c1cbe95477e7,3,distributor to retailer,c44c2104-37a0-5a7e-b21b-4502f5382882,4173ab46-b88e-5c37-b38a-dd95e4580f2d,0.41
c66deadc-edf2-52d8-80e5-92baf98004fd,3833,732bce27-afeb-5aef-81d1-3c351228d091,1,farm to factory,fe3681d0-0463-5c8e-b26b-65c8a949c794,7dc4b627-2f2f-5ea4-9d8a-dce6bc27dbd0,0.51
88087047-0ad6-58ed-9160-4e845dc32d4e,3834,732bce27-afeb-5aef-81d1-3c351228d091,2,factory to distributor,02e4532f-2e28-547e-bd59-bfcca1c36c14,01b19b67-943f-5aaa-8e22-ac99770bd52e,0.31
cd5fffd4-52bf-5005-ba47-0ec0ca6ea9de,3835,732bce27-afeb-5aef-81d1-3c351228d091,3,distributor to retailer,7325d674-5b55-50c0-af28-4f2299cace1a,096c265c-d191-5bd1-bef5-bb32ea1583bd,0.18
3280a308-66e5-5857-a35e-d3d27d352e4d,3836,4d93ba79-4f41-5c89-a87c-d684989dadf8,1,farm to processor,d4fb8d6e-ec37-55d5-a2ad-db309ed3adde,e2e4f614-7267-54c9-8a37-8c446ea3c8bc,0.39
8172b107-fdb0-5a43-b619-6abcc5c567d6,3837,4d93ba79-4f41-5c89-a87c-d684989dadf8,2,processor to factory,624e807b-6f3b-512d-b805-a61fd9a2e2a2,811ebdf8-cb20-5b6b-b9cf-5bac8d42dfae,0.22
fa6b6c6a-4aaa-5c6b-b51e-0a45ecc12ac2,3838,4d93ba79-4f41-5c89-a87c-d684989dadf8,3,factory to retailer,d938cc3a-cdf3-5a33-bd86-49b7995f29de,4173ab46-b88e-5c37-b38a-dd95e4580f2d,0.39
3d645fa3-4e16-5edc-87a3-2d66206ed828,3839,5ee10789-cc05-5572-b2c7-1505e4fe0e4e,1,farm to processor,87c42d6b-c608-5bb4-b3ee-5d1dae296289,3575b9b8-0e3d-5e54-b1e8-0b4ccc515ec5,0.34
fe3cc95f-7bbc-5dd9-ab43-450962da789b,3840,5ee10789-cc05-5572-b2c7-1505e4fe0e4e,2,processor to factory,5be267e3-0618-5e3b-9757-8072b684e6e2,1c6b1c9c-eab9-5164-982c-976231083471,0.36
b0eb81c4-788c-5287-80f3-aa18e63dee9b,3841,5ee10789-cc05-5572-b2c7-1505e4fe0e4e,3,factory to retailer,cf5b1778-9ed4-5823-b9a5-67b37a0c2191,0ebfb33d-b894-5771-918e-632c9379113d,0.3
ed3d94eb-356a-5588-9c1c-e597e1fb6cad,3842,67a4fc62-dcf6-589f-a1bb-c62deb9e13a1,1,farm to processor,b9216929-afea-57c8-9f23-aa5d491a1eb0,d9bbce84-d9d9-5df9-8ed9-85dfa04853dd,0.2
97d4853b-0f55-5fa3-88e9-e085a96f0413,3843,67a4fc62-dcf6-589f-a1bb-c62deb9e13a1,2,processor to factory,4c383dfe-485e-59ae-ae3c-c8c209b22837,ecd70467-8dbe-5e7e-91e6-889f87f5b814,0.25
23a8ce76-fd81-5c4d-8f4a-c60094fae6d5,3844,67a4fc62-dcf6-589f-a1bb-c62deb9e13a1,3,factory to retailer,1eb91c05-4260-5748-9584-e68b0cb9999a,a32dd69e-0a60-56f9-b807-9356c46df8b4,0.55
04ce5a1d-7a14-53ae-8a30-ff0276ab892b,3845,427ba315-0d2f-5483-acfa-a96183bfcfd2,1,farm to processor,5d23b240-5583-5fb7-aae3-25a321149dc8,1ac2b08f-a731-5007-9a46-b8cd4f111bf7,0.42
831b1d04-11fe-5fec-98f4-01f1fdb18426,3846,427ba315-0d2f-5483-acfa-a96183bfcfd2,2,processor to factory,5ff19412-b621-5cd5-b54b-5f060890e3ba,40160776-e3b1-57ca-99fd-8c4182503029,0.14
0ae17f83-18b1-5da8-83a8-40d337cf6544,3847,427ba315-0d2f-5483-acfa-a96183bfcfd2,3,factory to retailer,42c074d8-ba7f-560b-b0ab-88e47156360f,0bd700ff-a0c0-58bb-9b35-fc283d9cd3ff,0.44
ebd085c0-74af-56b0-807a-df36c49bf52b,3848,de00d978-3c4c-57fc-9315-69100061fa6c,1,farm to processing plant,8ac85038-9b5d-5560-80cd-6f342d3a5a84,f30b60f2-43ea-5afb-a7f4-c71d0a156e10,0.49
cec1254a-edee-5c11-a230-a19c1ab4750e,3849,de00d978-3c4c-57fc-9315-69100061fa6c,2,processing plant to cold store,c258eca5-1538-5e85-949b-8ae41b0d46a6,f79f8e21-541b-59e1-a966-df5a37acda81,0.17
c8069a51-1384-58a2-907d-83af07263e50,3850,de00d978-3c4c-57fc-9315-69100061fa6c,3,cold store to retailer,d22de19a-cc7c-5da0-8f8c-eabf18c53813,da074142-bbb3-59ba-88f1-cd35ccb7cfba,0.34
98e2aded-dff3-5921-a605-22a93c184c70,3851,4cdd34f7-d9ad-5967-b141-e5e41f232c3d,1,farm to processing plant,52065fea-a922-52d8-bdf2-5284a6361f2b,eac3aa90-983c-5a56-9001-fb1cdef8563d,0.3
63f35bb1-c0fd-5dbd-a8f4-1689f7c0c61d,3852,4cdd34f7-d9ad-5967-b141-e5e41f232c3d,2,processing plant to cold store,3752cec9-4f25-5152-8d38-e6436c699ed7,a7362e4e-e05a-5dd5-a0cc-43a20897d7dd,0.32
12b92420-4197-5fc3-ae4f-09f752e442bb,3853,4cdd34f7-d9ad-5967-b141-e5e41f232c3d,3,cold store to retailer,5d319a5e-db2f-58c0-be9b-d28136385a3e,39618516-09dc-5856-9d5c-fd79bd0fd05b,0.38
0401ebe4-b0d5-5fe6-9c2b-7da510924635,3854,428fc8cc-d042-53d2-9b4e-05aecb06dbe5,1,supplier to bottling plant,54a583c0-f2f0-5445-ac4a-b4fb91a43c66,5a48ae39-3360-587d-a069-31efa617e102,0.23
514333bd-c8e8-5f20-a99d-9bf955522eb7,3855,428fc8cc-d042-53d2-9b4e-05aecb06dbe5,2,bottling plant to distributor,137d93b9-dd29-59ca-805c-b5f1179e376b,6adacd0c-daae-58e4-9049-cd3b893f8764,0.38
25988cf3-38d9-56a7-ba55-4621cca0ad63,3856,428fc8cc-d042-53d2-9b4e-05aecb06dbe5,3,distributor to retailer,4ff5d4b7-19c0-551f-905c-e925106ffbba,4173ab46-b88e-5c37-b38a-dd95e4580f2d,0.39
b5399749-8b02-524a-bfb7-851c38593d81,3857,25486be2-ebd8-5a7d-b4b9-81b55d991404,1,supplier to bottling plant,747165e0-bfc7-5cb8-9ca2-6e9e3d53089e,16ff6df1-0a14-586e-b003-2ee9c04046a9,0.31
ed21a806-2905-508a-a96e-a1abd26f8877,3858,25486be2-ebd8-5a7d-b4b9-81b55d991404,2,bottling plant to distributor,622b225d-2a45-5e60-a4e7-6362b672497d,01b19b67-943f-5aaa-8e22-ac99770bd52e,0.37
5ee4abfd-3535-5bf3-9698-d4713ac5f49a,3859,25486be2-ebd8-5a7d-b4b9-81b55d991404,3,distributor to retailer,4ff5d4b7-19c0-551f-905c-e925106ffbba,3463d30c-175a-54f6-b3c4-902bd313c4be,0.32
bc05cd4c-1fd2-5061-ace5-72a338cbb2d0,3860,6281f2ce-ec4e-5531-9ce4-51e5c93512a6,1,supplier to bottling plant,23e44cea-6889-5f09-9f58-39caaf5b47f7,91ab6662-2144-5625-8a8e-35efb9e9c58a,0.35
6c53b142-90cf-5481-bd91-0230c4e6d3da,3861,6281f2ce-ec4e-5531-9ce4-51e5c93512a6,2,bottling plant to distributor,495c652d-a54d-5730-8455-7f30385ce4dd,7325d674-5b55-50c0-af28-4f2299cace1a,0.45
0cba6e8a-c087-5087-9f31-5af15cb5e94d,3862,6281f2ce-ec4e-5531-9ce4-51e5c93512a6,3,distributor to retailer,7325d674-5b55-50c0-af28-4f2299cace1a,4173ab46-b88e-5c37-b38a-dd95e4580f2d,0.2
3e76ce09-cd6a-5482-a3f6-40a089885c16,3863,ead09ed8-1c5c-5c87-b1dd-96b3f46868f5,1,supplier to bottling plant,cc4ff6fa-77f4-58b1-bbe3-4066c7136b73,8f36090b-2100-5d58-bb5c-8bf10998d2c0,0.22
64435329-d141-52bd-9766-df2f116daa93,3864,ead09ed8-1c5c-5c87-b1dd-96b3f46868f5,2,bottling plant to distributor,4c391641-e269-5f88-b8eb-e4ef7f35e457,01b19b67-943f-5aaa-8e22-ac99770bd52e,0.45
93b6c138-f0e5-5dc6-8c93-afc88bafc491,3865,ead09ed8-1c5c-5c87-b1dd-96b3f46868f5,3,distributor to retailer,01b19b67-943f-5aaa-8e22-ac99770bd52e,a32dd69e-0a60-56f9-b807-9356c46df8b4,0.33
58077847-219b-5be0-8831-8763c780d407,3866,88b01c5b-56eb-5901-a5f4-ed581728e3d8,1,supplier to bottling plant,c5c815bf-13c1-50c6-97f5-6f20b1ed8ffd,5db45675-a205-513a-bc52-ddc809026fbe,0.44
1029112d-e0ae-5a86-b8f1-03246c80b0b8,3867,88b01c5b-56eb-5901-a5f4-ed581728e3d8,2,bottling plant to distributor,68b1cfb9-12ea-5826-9bf8-943cf19f311b,01b19b67-943f-5aaa-8e22-ac99770bd52e,0.34
91531996-e9b9-5b8f-8195-6e1e12964541,3868,88b01c5b-56eb-5901-a5f4-ed581728e3d8,3,distributor to retailer,01b19b67-943f-5aaa-8e22-ac99770bd52e,790f93aa-9203-5d4e-a835-8e44ad6bad68,0.22
b0cb7055-3d60-58a9-9f7f-d5e013b5d9be,3869,bad98d9b-4e91-5923-a954-1c1764c550b7,1,supplier to bottling plant,4c54ede0-6f9c-54a1-8d33-c013973e0c2b,0a721671-608d-54c2-b990-7b2223101f98,0.34
1872499d-7b65-5c6d-8c0f-408031c4fa6b,3870,bad98d9b-4e91-5923-a954-1c1764c550b7,2,bottling plant to distributor,c9babfde-837d-5cc6-b3e4-9a79b5d867a9,6adacd0c-daae-58e4-9049-cd3b893f8764,0.26
6ce4427d-98e7-5afe-91fa-9fc61ad86df1,3871,bad98d9b-4e91-5923-a954-1c1764c550b7,3,distributor to retailer,4ff5d4b7-19c0-551f-905c-e925106ffbba,a32dd69e-0a60-56f9-b807-9356c46df8b4,0.4
595585e8-a52e-5e34-898d-0cb554d9c0c5,3872,fce8f192-a8e8-55aa-af70-cb23af658d0b,1,supplier to bottling plant,b681c638-a772-56ce-8db9-e3fc9be9f793,82eb7604-164d-5293-95aa-ccd7322a3305,0.5
052cf873-a335-5b33-b980-498c9b49876d,3873,fce8f192-a8e8-55aa-af70-cb23af658d0b,2,bottling plant to distributor,ded1c8c1-6a1b-5610-971b-b34b6de93a8f,6adacd0c-daae-58e4-9049-cd3b893f8764,0.32
c9a41889-846d-5dd0-ace6-c3497c59fa79,3874,fce8f192-a8e8-55aa-af70-cb23af658d0b,3,distributor to retailer,c44c2104-37a0-5a7e-b21b-4502f5382882,4173ab46-b88e-5c37-b38a-dd95e4580f2d,0.18
8f1c7784-590e-51e5-80b0-7ce391b64c6f,3875,d4d906b9-3553-52ae-a1df-3188bc1844c0,1,vineyard to winery,fb06dbcf-7f85-5d1b-ae44-fc75df382f10,b7ace554-7805-5c79-b71e-b43c6566febc,0.29
c428ab14-5701-5c49-9119-88f87d61ea04,3876,d4d906b9-3553-52ae-a1df-3188bc1844c0,2,winery to importer,40b81303-ee40-57f7-bf3f-c87109608747,2a50414a-64aa-535e-a981-4d5bd416b3c9,0.32
4b8b32b3-1677-56d3-9c8a-62ac3f783025,3877,d4d906b9-3553-52ae-a1df-3188bc1844c0,3,importer to retailer,6f072f66-8b7f-50b9-b4b1-428162250ccb,39618516-09dc-5856-9d5c-fd79bd0fd05b,0.39
a42ddce8-eeb5-5370-a27a-14f0275d0fd1,3878,27694370-16ae-55b0-9b23-8945295268a3,1,vineyard to winery,1bd98799-76aa-5bca-b728-bd611f081442,06965700-0ce6-58d1-ad8e-45b82f23c21e,0.35
f1b1dfa1-1c60-50e7-a2db-444e775b15f3,3879,27694370-16ae-55b0-9b23-8945295268a3,2,winery to importer,3f0e3c59-905c-5afa-9701-30a67fc9fb39,96dcdeb5-f7d4-5e05-ba1f-0c998226c04a,0.4
a9739130-db7b-5fc4-813a-3abd71fe5adc,3880,27694370-16ae-55b0-9b23-8945295268a3,3,importer to retailer,f5cfe775-3bbe-5868-b29e-0b11626e8d4f,0bd700ff-a0c0-58bb-9b35-fc283d9cd3ff,0.25
fdde3db5-0cdd-541e-b60b-57a24b527682,3881,597fc0b7-11ca-52a9-a65b-187bedb2f7c4,1,vineyard to winery,7f85b5d0-e9b3-52d0-aafc-be4809370cdc,d7c1a7f3-0383-5716-9e8e-f99bd9376d88,0.52
ea077e3d-eccd-5669-8344-37c9ff72d50f,3882,597fc0b7-11ca-52a9-a65b-187bedb2f7c4,2,winery to importer,d0db90c9-42e6-571b-b39a-cc12639b0703,21e2e4d5-e9ea-51b4-9ffd-a3b5e7a91dcc,0.29
4e0a1dbf-92a4-544d-b7d2-d37d856dae09,3883,597fc0b7-11ca-52a9-a65b-187bedb2f7c4,3,importer to retailer,52b75655-a2da-50ad-93ac-d61beeee996d,096c265c-d191-5bd1-bef5-bb32ea1583bd,0.19
962ebc41-01a3-5492-b814-0b42c52a1e15,3884,1e8a3afe-8626-5569-9359-c9f41cb88845,1,vineyard to winery,2bd7c7ee-daee-5d06-b49c-d19acc4e71f5,2f4fce05-96cb-56b0-a0cc-6a90b60b8d6c,0.28
d0c86426-8e36-5304-9de0-99976f64d2c9,3885,1e8a3afe-8626-5569-9359-c9f41cb88845,2,winery to importer,9ae06b7a-38a7-5632-88b8-39966a95b0ce,131f0ee0-ca75-515c-bd71-71b87fafc399,0.43
40f25767-560a-51c2-b9a7-41025e30fe4b,3886,1e8a3afe-8626-5569-9359-c9f41cb88845,3,importer to retailer,23358ae8-941e-57dc-aba6-c9e2154afbb3,da074142-bbb3-59ba-88f1-cd35ccb7cfba,0.29
5dcf869b-3462-5502-8772-791c8b8f1289,3887,9a92134c-64a8-52d4-9bc7-d427e11e157f,1,vineyard to winery,f06ea431-91c1-53a4-93df-a7f033a0c914,12b2e5e8-c611-51f1-ab8f-709caca7e480,0.3
57c302f0-f724-5076-b215-9592bd3869a0,3888,9a92134c-64a8-52d4-9bc7-d427e11e157f,2,winery to importer,7159e988-42b8-5c0d-9a67-3416743f5af9,9d02f309-6d4d-5f2d-8016-3c296814932e,0.28
9dd24f35-aa69-5f81-97cc-693b9f231c31,3889,9a92134c-64a8-52d4-9bc7-d427e11e157f,3,importer to retailer,751ee2a2-39c8-52d7-bba4-4086cb5ce296,a32dd69e-0a60-56f9-b807-9356c46df8b4,0.42
26d690ef-334b-59c3-a5ed-dfb6cbd8f4ac,3890,85dfacaf-0018-5f68-b060-ba2e8f7f3018,1,farm to malting house,c62b89dc-57e8-577f-aec6-aa4a5421741e,042fd774-d66e-5e2a-8d51-e1b982bd5c3e,0.32
3e3a5761-8847-5795-a345-6c290446314c,3891,85dfacaf-0018-5f68-b060-ba2e8f7f3018,2,malting house to brewery,3dbac2e1-6f36-53a3-be1b-ccc0e569ed56,ae26ffb9-0265-5f82-8f55-a207b5a7b745,0.2
90787df2-2d77-5334-a318-1240dd3b9cf2,3892,85dfacaf-0018-5f68-b060-ba2e8f7f3018,3,brewery to distributor,622d9326-5281-5bac-bfa8-05cbecc89746,6adacd0c-daae-58e4-9049-cd3b893f8764,0.14
4a11e865-45e1-5571-8772-8a0c1f1edc45,3893,85dfacaf-0018-5f68-b060-ba2e8f7f3018,4,distributor to retailer,4ff5d4b7-19c0-551f-905c-e925106ffbba,da074142-bbb3-59ba-88f1-cd35ccb7cfba,0.34
25fc2948-7afe-5902-8c1b-6a83c0ad6ab7,3894,3549676c-da77-5dd0-b244-ccf44bacc519,1,farm to malting house,80da2cc0-9c6a-5e4e-badb-a76a46e58347,28fa9755-82f7-5798-94a6-bad3fb041a58,0.28
5bb2206b-80da-5aa5-bb8c-89f302abf027,3895,3549676c-da77-5dd0-b244-ccf44bacc519,2,malting house to brewery,89401801-d714-5f7c-80b0-d89693cd0632,fffc92d3-c99c-5bb9-89bc-978f7f1efd2b,0.22
b727d774-3b6d-58ce-a6ab-f09fea3d704e,3896,3549676c-da77-5dd0-b244-ccf44bacc519,3,brewery to distributor,8fabef80-62a1-58cb-9e8a-a1cd4b3b9784,7325d674-5b55-50c0-af28-4f2299cace1a,0.16
b558cbdb-263f-5f91-9224-576a6dcf73ad,3897,3549676c-da77-5dd0-b244-ccf44bacc519,4,distributor to retailer,01b19b67-943f-5aaa-8e22-ac99770bd52e,3463d30c-175a-54f6-b3c4-902bd313c4be,0.34
6bcb2423-b521-5ea6-983a-4397a2031f3f,3898,396c7a99-0fed-5294-a174-d7a86d5ad105,1,farm to malting house,46bb7f0f-78a0-5b77-a1b2-e8f2e6d036a1,4d1403e8-7aff-525c-9544-5e6451925967,0.3
29efc74c-b6be-5235-9958-42cbc3aa92bf,3899,396c7a99-0fed-5294-a174-d7a86d5ad105,2,malting house to brewery,3b9ae378-1ccc-5d01-b042-b8d0c280a78d,24c8c742-af8d-5561-96cc-e4eaa7e98dd6,0.23
6cbb3cdf-9f05-56d0-aaac-a1d8d897d3ad,3900,396c7a99-0fed-5294-a174-d7a86d5ad105,3,brewery to distributor,5f534e97-11f9-5c0c-a7f8-fd7dc0aeec74,7325d674-5b55-50c0-af28-4f2299cace1a,0.21
98ebfe5d-b82d-5845-a5b6-d4e4a38d21fd,3901,396c7a99-0fed-5294-a174-d7a86d5ad105,4,distributor to retailer,c44c2104-37a0-5a7e-b21b-4502f5382882,790f93aa-9203-5d4e-a835-8e44ad6bad68,0.26
e604a139-1a0f-54b2-9f5b-eab85b1d51fb,3902,4bbd0583-496d-54de-87ec-73c9821a158a,1,farm to malting house,b36f6615-5cc1-57af-973d-d6d21801630c,992d8dee-17d2-5e9a-9153-f9b4266ffa8b,0.24
b73abd9e-f5b6-5950-8d80-77fe11857f09,3903,4bbd0583-496d-54de-87ec-73c9821a158a,2,malting house to brewery,27ca729d-f791-5d0f-b79f-1cf3b26f9415,40824b50-3114-5af7-83b7-dbc3afc0b2ac,0.35
26e8a78a-fed2-5025-b090-ffb2fe81c597,3904,4bbd0583-496d-54de-87ec-73c9821a158a,3,brewery to distributor,2966d424-4ede-5a81-b3d8-00d5125e688a,6adacd0c-daae-58e4-9049-cd3b893f8764,0.27
36151365-9ee4-58c7-85b8-5103c7dd8bbd,3905,4bbd0583-496d-54de-87ec-73c9821a158a,4,distributor to retailer,6adacd0c-daae-58e4-9049-cd3b893f8764,096c265c-d191-5bd1-bef5-bb32ea1583bd,0.14
f7ab7bfe-111c-593b-9633-d8c33c6f21b4,3906,90be0b72-53e8-5485-972a-1063ebe5cba6,1,farm to malting house,a3e9c36e-652d-5ff4-8585-27b1c984edd0,f5925adb-dbff-55bc-ae57-acc83eafd054,0.24
c21ed600-cddf-5669-ae56-2a7c75101eb3,3907,90be0b72-53e8-5485-972a-1063ebe5cba6,2,malting house to brewery,6727b4bb-7239-5e05-adde-cb84b8020b9d,28d36f17-8079-56ed-8b5f-19377009b1b6,0.28
00b8859c-bde8-5191-b777-0195c1b7fd40,3908,90be0b72-53e8-5485-972a-1063ebe5cba6,3,brewery to distributor,dada0135-59a3-506c-9815-4e1a6ee9dbc6,4ff5d4b7-19c0-551f-905c-e925106ffbba,0.22
d9ac3e6b-3797-5363-8799-d3528539df34,3909,90be0b72-53e8-5485-972a-1063ebe5cba6,4,distributor to retailer,01b19b67-943f-5aaa-8e22-ac99770bd52e,0bd700ff-a0c0-58bb-9b35-fc283d9cd3ff,0.26
f9969c7d-8f08-52ab-8232-c33a8a98eb14,3910,85a9d2bd-f2df-5c17-a6b7-aa7c5d7c8916,1,farm to malting house,73fd912f-7054-59a9-a400-3d9c3990f6ad,43e9df84-bee2-59e4-a27a-63537e4fb95d,0.19
2830eb63-a90d-5d04-99a0-4a7fc9128a05,3911,85a9d2bd-f2df-5c17-a6b7-aa7c5d7c8916,2,malting house to brewery,42136381-c0d1-514b-9597-36933b92c0bb,9fea85c0-109c-5042-9fd1-c418603e3909,0.34
b368e33e-be35-5676-a07b-da4a29739ff8,3912,85a9d2bd-f2df-5c17-a6b7-aa7c5d7c8916,3,brewery to distributor,acb07b20-20ac-5733-b208-75e70cd60bbd,01b19b67-943f-5aaa-8e22-ac99770bd52e,0.18
2bdb1017-c2b3-5a01-949c-15db9a2614be,3913,85a9d2bd-f2df-5c17-a6b7-aa7c5d7c8916,4,distributor to retailer,4ff5d4b7-19c0-551f-905c-e925106ffbba,790f93aa-9203-5d4e-a835-8e44ad6bad68,0.29
372732bd-7022-5828-a858-e4c747022f9f,3914,a05bec0a-81f5-5448-b44e-a38874c3cf5f,1,farm to processor,316009fa-0c69-59d4-b094-af24152c2c9f,d24757d2-13d1-5102-935f-2000bff7cef7,0.46
f4b299a9-c600-571d-afe9-9dabff412954,3915,a05bec0a-81f5-5448-b44e-a38874c3cf5f,2,processor to blender,177567c0-1c19-5c88-b10b-89976ca87b12,afea9e41-7e51-560c-9a47-f22ee8f3e21e,0.13
ed3b0243-8153-533f-b03c-bb6309118c28,3916,a05bec0a-81f5-5448-b44e-a38874c3cf5f,3,blender to retailer,c7470385-4fba-538f-9fba-c49aa0de349e,39618516-09dc-5856-9d5c-fd79bd0fd05b,0.41
